user_id,age,employment_type,monthly_income,monthly_expenses,monthly_savings,education_loan,personal_loan,home_loan,vehicle_loan,credit_card_due,total_loans,investment_stocks,investment_crypto,investment_commodities,investment_bonds,credit_score,emergency_fund_months,debt_to_income_ratio,financial_health_score,risk_category
U500000,26,Self-Employed,103592,66801,15841,204283,753159,2837377,593420,49166,4388239,288740,47971,78556,428305,525,5,3.53,42.0,Medium
U500001,33,Self-Employed,37309,15230,9420,32533,201823,1729660,671356,10904,2635372,91470,57290,35937,216374,579,11,5.89,60.0,Medium
U500002,42,Salaried,125475,58446,28195,547729,209571,3862777,1602978,10327,6223055,126640,51856,92862,314733,849,6,4.13,57.0,Medium
U500003,54,Salaried,220475,143362,47662,790594,742243,1843331,2468222,32687,5844390,1059983,75668,377179,1199000,438,3,2.21,41.0,Medium
U500004,25,Student,11888,9792,2096,19214,24896,0,0,1563,44110,2774,3675,740,19775,748,2,0.31,42.0,Medium
U500005,18,Student,5821,4118,1703,29658,5389,0,0,144,35047,3133,1203,1215,5967,808,8,0.5,58.0,Medium
U500006,30,Salaried,207684,119839,50573,997498,1407868,7430499,3606128,31365,13441993,822245,346653,179617,727047,712,7,5.39,58.0,Medium
U500007,43,Business,201497,109409,63673,361103,1433886,2092808,174184,6313,4061981,183863,310923,202437,911454,716,9,1.68,62.0,Medium
U500008,29,Student,6740,4305,2435,34604,6093,0,0,36,40697,1,0,1,8,684,2,0.5,44.0,Medium
U500009,35,Salaried,112845,57574,19354,499493,360519,3734577,804646,20565,5399235,286889,81366,72758,299167,379,0,3.99,27.0,High
U500010,35,Self-Employed,103588,56155,16562,456823,36606,3915703,1664690,40652,6073822,216708,72882,131100,247163,751,6,4.89,52.0,Medium
U500011,58,Salaried,167432,105882,27074,681206,798544,7622996,910611,29618,10013357,220907,323855,105962,1455736,759,6,4.98,57.0,Medium
U500012,33,Salaried,120385,84183,34699,387410,138801,3264827,1565056,54972,5356094,231401,47279,65520,360917,457,10,3.71,50.0,Medium
U500013,23,Student,9298,7358,1940,48730,14932,0,0,1652,63662,6403,1086,602,18378,453,0,0.57,28.0,High
U500014,56,Business,116201,47380,40234,25803,498266,4400570,466537,43341,5391176,62360,193058,172930,618924,574,8,3.87,57.0,Medium
U500015,42,Salaried,73397,52271,23937,311634,641973,3424778,1249504,30112,5627889,162023,334,43372,659545,699,0,6.39,50.0,Medium
U500016,36,Salaried,109952,50126,15535,23105,234771,2656262,643247,12400,3557385,95080,117869,124253,764045,416,6,2.7,40.0,Medium
U500017,58,Self-Employed,171673,75554,57572,1019970,1513292,1850155,2279747,67349,6663164,442329,245644,350911,1010438,363,4,3.23,43.0,Medium
U500018,20,Student,13835,9239,4596,16549,31009,0,0,703,47558,1507,2699,5409,17810,767,7,0.29,57.0,Medium
U500019,54,Salaried,226472,130838,43184,432137,515448,3749539,703978,106657,5401102,936131,215091,298914,1559870,356,5,1.99,41.0,Medium
U500020,29,Student,16120,11012,5108,79277,23417,0,0,490,102694,1132,1177,7723,31561,386,5,0.53,37.0,High
U500021,45,Self-Employed,25181,13716,7696,60920,127481,860674,113646,7676,1162721,29572,36897,31366,145085,374,0,3.85,34.0,High
U500022,35,Salaried,206918,113070,60198,102787,1475026,5102110,3474691,48732,10154614,74246,106573,188201,953716,332,11,4.09,48.0,Medium
U500023,24,Salaried,242630,126117,53788,7064,569415,4257616,2260939,6391,7095034,82935,65720,56739,622607,301,10,2.44,40.0,Medium
U500024,30,Salaried,241038,120413,31661,760832,1689662,2999823,1873329,8780,7323646,78577,255275,488525,1737367,359,10,2.53,45.0,Medium
U500025,59,Business,197873,97284,34333,759733,834196,2711830,291331,33918,4597090,113143,16778,156613,1142653,385,3,1.94,33.0,High
U500026,57,Self-Employed,147758,83561,16863,19996,24802,4918709,416833,21471,5380340,99037,98892,76931,324350,322,10,3.03,37.0,High
U500027,36,Self-Employed,218523,120777,76002,33259,1149984,7673499,382137,58655,9238879,30298,27975,164824,954155,706,11,3.52,64.0,Medium
U500028,26,Student,13059,6944,6115,63863,18554,0,0,1200,82417,1248,2556,1465,34212,418,4,0.53,43.0,Medium
U500029,26,Self-Employed,209144,103088,62666,396618,76980,5287320,98636,61392,5859554,34162,373861,12481,1777313,457,2,2.33,41.0,Medium
U500030,30,Business,218115,132137,56762,348564,876226,8560712,130620,9930,9916122,337081,180450,113710,1576397,356,2,3.79,36.0,High
U500031,25,Student,7319,4376,2943,51197,2454,0,0,1199,53651,2207,1376,226,3182,746,5,0.61,54.0,Medium
U500032,52,Self-Employed,118956,76584,16273,434542,225493,1503021,789480,21160,2952536,428830,121717,72130,481452,705,9,2.07,57.0,Medium
U500033,28,Salaried,226128,122092,61308,531322,82963,8910385,3050211,35532,12574881,590550,288057,31436,2127784,628,5,4.63,55.0,Medium
U500034,27,Business,49014,22805,8724,35640,313182,753937,496230,2535,1598989,21184,17965,48587,211014,441,3,2.72,34.0,High
U500035,22,Salaried,213466,159604,73899,1037979,755820,796805,357782,48308,2948386,890951,205078,244964,1304794,838,3,1.15,62.0,Medium
U500036,40,Business,36941,21599,4939,125756,250210,523983,496357,9174,1396306,76849,7872,22819,160689,759,10,3.15,59.0,Medium
U500037,18,Student,12698,9322,3376,9025,17979,0,0,906,27004,8723,4361,639,20368,361,11,0.18,45.0,Medium
U500038,24,Self-Employed,193200,131126,63257,948776,1035953,879496,2086832,18565,4951057,72656,175258,255160,1107441,409,9,2.14,50.0,Medium
U500039,48,Business,108164,58351,21611,41871,573032,1276851,1876984,41812,3768738,284053,63737,79405,356892,462,9,2.9,47.0,Medium
U500040,31,Salaried,78244,53701,18106,344308,188043,704105,20682,4268,1257138,73299,101852,34201,439948,786,10,1.34,64.0,Medium
U500041,39,Salaried,59676,32948,10933,195095,135797,2579110,715202,7493,3625204,74531,19824,31506,82060,385,5,5.06,34.0,High
U500042,22,Student,14148,10322,3826,32971,30619,0,0,2386,63590,3491,3006,4388,11254,749,0,0.37,42.0,Medium
U500043,48,Business,204578,113462,22360,788887,1588411,6448754,2993004,73206,11819056,242558,100256,162297,396580,451,0,4.81,26.0,High
U500044,58,Salaried,196290,88734,61559,708684,1384632,8518589,2211282,10052,12823187,31972,99299,104618,403167,376,0,5.44,29.0,High
U500045,26,Salaried,62693,28725,9156,103671,490679,2560797,699179,23873,3854326,47953,10708,47581,199880,442,3,5.12,32.0,High
U500046,23,Student,10891,6761,4130,48836,6502,0,0,0,55338,11831,3257,4329,18023,725,6,0.42,56.0,Medium
U500047,47,Salaried,246892,171808,43644,1122995,339327,2967007,4325639,26103,8754968,627037,358572,142218,920540,330,6,2.96,37.0,High
U500048,23,Student,5467,2765,2702,23516,4977,0,0,38,28493,979,750,228,1862,455,10,0.43,53.0,Medium
U500049,59,Self-Employed,61161,44439,8317,109170,553478,1687588,1009872,20332,3360108,53783,106038,31132,412296,308,5,4.58,34.0,High
U500050,30,Student,10191,6752,3439,68825,23479,0,0,445,92304,7273,351,4599,11063,712,6,0.75,53.0,Medium
U500051,23,Self-Employed,62517,37611,19076,183691,372989,1173277,856574,16756,2586531,3458,10492,30791,127857,455,9,3.45,47.0,Medium
U500052,36,Salaried,246085,157590,51321,781804,852050,5302895,637935,29996,7574684,604436,306062,432374,1560590,642,6,2.57,54.0,Medium
U500053,54,Salaried,144091,58049,30488,574225,213664,3651302,1147181,62776,5586372,66311,163885,63590,607765,699,7,3.23,53.0,Medium
U500054,54,Self-Employed,41682,25070,12153,215789,301322,583658,104564,16261,1205333,14131,28836,79962,320786,693,6,2.41,58.0,Medium
U500055,56,Salaried,196115,112416,50284,1172828,534397,8418002,992719,73666,11117946,196971,91073,11115,290389,428,11,4.72,47.0,Medium
U500056,50,Self-Employed,176488,91363,56642,975325,837303,1255312,555712,69189,3623652,275579,211469,148323,479653,557,0,1.71,39.0,High
U500057,46,Salaried,182936,90179,45823,751738,1546648,4540477,1475079,61600,8313942,275294,31637,7005,1977246,822,1,3.79,55.0,Medium
U500058,42,Salaried,231887,145900,59270,1290134,1859465,6276188,3445903,109084,12871690,165943,62831,52609,702630,421,7,4.63,41.0,Medium
U500059,33,Salaried,104116,61300,34153,602201,914595,3672206,505977,27920,5694979,235269,84735,14374,815474,495,9,4.56,56.0,Medium
U500060,31,Self-Employed,246962,146646,77480,708857,484303,3487716,2052939,33786,6733815,939560,79585,403728,1782079,469,4,2.27,48.0,Medium
U500061,47,Business,59777,26653,11383,177762,36003,179703,945288,21062,1338756,196055,68199,16717,217723,679,0,1.87,42.0,Medium
U500062,50,Business,204019,117521,32969,1156745,1479383,572543,2059741,92963,5268412,263130,130514,29086,1387518,569,8,2.15,50.0,Medium
U500063,31,Self-Employed,118517,58401,21665,657551,203310,1357633,973943,15820,3192437,151336,112816,34927,341567,688,6,2.24,49.0,Medium
U500064,55,Self-Employed,235220,131525,82100,1140447,1057960,4779001,859503,51473,7836911,112535,23816,136370,857041,399,6,2.78,43.0,Medium
U500065,29,Self-Employed,228840,138899,66003,674738,1173410,1263412,2222988,68623,5334548,132196,57928,123530,465797,598,11,1.94,56.0,Medium
U500066,36,Salaried,79367,53493,23643,205879,354317,1157691,324625,2315,2042512,8218,91414,80787,339215,592,5,2.14,49.0,Medium
U500067,51,Salaried,202288,105736,68506,497925,927401,2206003,1579296,18664,5210625,419029,243504,61956,704547,629,11,2.15,62.0,Medium
U500068,46,Salaried,227768,143033,69788,100232,1812885,478878,2216617,82888,4608612,620670,191115,266995,2030741,718,7,1.69,63.0,Medium
U500069,38,Self-Employed,128423,81230,32626,147971,334169,5460738,882126,54024,6825004,457008,289081,181061,677638,739,5,4.43,58.0,Medium
U500070,28,Student,6693,4324,2369,24231,14812,0,0,1060,39043,216,167,81,2134,471,9,0.49,47.0,Medium
U500071,24,Student,18950,14743,4207,68278,2694,0,0,2742,70972,5250,201,3741,50861,505,7,0.31,43.0,Medium
U500072,30,Student,10258,5821,4437,73391,1579,0,0,299,74970,1803,1205,1409,3831,360,9,0.61,46.0,Medium
U500073,28,Self-Employed,68916,48716,15348,168872,99758,2160792,621198,18774,3050620,227053,112358,5618,302810,536,11,3.69,56.0,Medium
U500074,24,Student,11668,9804,1864,40149,1191,0,0,1945,41340,8434,1470,142,19678,631,6,0.3,44.0,Medium
U500075,25,Salaried,244230,149707,32239,505711,1686207,9066062,1992977,32217,13250957,692449,680714,670243,1445855,575,0,4.52,40.0,Medium
U500076,26,Student,12478,7242,5236,42533,10598,0,0,2304,53131,401,2327,1739,9186,372,6,0.35,41.0,Medium
U500077,26,Self-Employed,132995,97960,32366,301451,1133378,5502625,1115987,60979,8053441,647450,182947,197863,846892,593,6,5.05,55.0,Medium
U500078,24,Student,19798,14723,5075,27656,42336,0,0,3090,69992,4144,4464,5496,23169,705,6,0.29,50.0,Medium
U500079,47,Salaried,224525,149315,72223,689002,2125353,2035399,2156477,65404,7006231,174136,416995,164436,1346885,440,1,2.6,39.0,High
U500080,26,Student,15103,10547,4556,53225,6402,0,0,1922,59627,2635,540,2767,10294,638,1,0.33,39.0,High
U500081,30,Student,13301,7872,5429,70438,14831,0,0,595,85269,468,741,600,5917,517,1,0.53,38.0,High
U500082,18,Student,12323,8490,3833,19496,26900,0,0,1371,46396,709,650,257,5940,755,1,0.31,44.0,Medium
U500083,29,Self-Employed,147948,95433,41643,248321,1013994,3308128,1406919,35070,5977362,384126,278239,108159,752470,415,6,3.37,46.0,Medium
U500084,29,Business,66315,42423,7509,109903,47863,1157214,973396,28108,2288376,309179,108701,69700,291281,822,10,2.88,64.0,Medium
U500085,41,Salaried,188245,82372,50940,309109,1263773,8961515,2983795,40129,13518192,643840,229894,363272,1159674,640,7,5.98,58.0,Medium
U500086,49,Salaried,66813,34968,21728,226186,537087,2701907,1177530,8112,4642710,161435,19547,73536,370578,352,0,5.79,34.0,High
U500087,37,Salaried,163259,96987,47699,894554,178270,3223293,858181,54284,5154298,407954,88160,10098,1459834,722,3,2.63,55.0,Medium
U500088,35,Salaried,148863,107589,40651,879051,1317931,5594166,1788678,1466,9579826,52435,84947,33862,294924,760,8,5.36,57.0,Medium
U500089,30,Business,207831,111728,65318,327734,1948189,4091718,1250785,80126,7618426,226497,97554,12440,289691,485,7,3.05,45.0,Medium
U500090,50,Salaried,244779,175246,78426,1392234,980867,1565664,3441469,84437,7380234,136247,99763,112206,919065,421,0,2.51,33.0,High
U500091,33,Self-Employed,212810,144046,58523,1227151,1280205,5894572,1079255,67042,9481183,447990,173517,235479,326919,329,3,3.71,33.0,High
U500092,48,Self-Employed,145539,104966,48123,731310,270979,5928,269331,59084,1277548,23118,32234,53587,309791,392,7,0.73,42.0,Medium
U500093,37,Salaried,76325,32837,23813,152905,659909,1732416,567253,26541,3112483,58515,4951,112273,447035,330,4,3.4,38.0,High
U500094,57,Salaried,100765,55447,17815,326989,435448,4683827,1813181,29968,7259445,307448,182513,142516,775899,719,1,6.0,49.0,Medium
U500095,25,Student,10507,5784,4723,75625,9498,0,0,1618,85123,9797,1583,387,22193,442,0,0.68,37.0,High
U500096,29,Salaried,131599,67817,21440,746345,1078474,1911416,1088925,54564,4825160,561189,195130,284651,455981,329,7,3.06,40.0,Medium
U500097,34,Self-Employed,74981,37131,21205,147548,708527,860998,763125,37410,2480198,89374,37000,15868,177403,563,7,2.76,48.0,Medium
U500098,18,Student,7425,4953,2472,33128,13142,0,0,1262,46270,328,2701,1527,12397,550,1,0.52,38.0,High
U500099,30,Student,17319,13755,3564,109591,8957,0,0,240,118548,32,44,51,135,772,7,0.57,51.0,Medium
U500100,29,Student,19032,16106,2926,791,36683,0,0,3679,37474,1390,647,3947,47877,326,1,0.16,23.0,High
U500101,55,Salaried,248926,100727,54524,1058512,562457,6236939,1274038,49241,9131946,368220,35940,148599,1788199,360,10,3.06,47.0,Medium
U500102,29,Self-Employed,155751,112490,41817,131932,466281,4727160,1556227,40919,6881600,368136,320286,87625,901114,540,5,3.68,49.0,Medium
U500103,40,Salaried,37167,21386,5341,30319,301702,1506487,43465,6559,1881973,101313,12215,25662,204870,319,8,4.22,39.0,High
U500104,23,Business,100905,75469,15387,168929,559467,4007297,582137,40079,5317830,7827,9998,107359,1049889,394,8,4.39,45.0,Medium
U500105,58,Salaried,130481,70641,45509,51367,1081880,2102985,2131270,43617,5367502,95673,97677,139500,1197795,390,8,3.43,51.0,Medium
U500106,53,Salaried,139147,90290,37272,491706,705978,1397710,432727,4212,3028121,28519,4595,116887,579416,605,1,1.81,40.0,Medium
U500107,49,Salaried,206937,112270,40723,213746,1857383,1792655,2393425,48448,6257209,364180,167807,86506,1519226,620,7,2.52,53.0,Medium
U500108,36,Business,247592,111856,28945,800599,1064404,10553105,520453,85410,12938561,409132,220373,375800,2195235,486,11,4.35,53.0,Medium
U500109,58,Salaried,122581,76993,21026,63528,13300,1808374,1092330,35579,2977532,257305,65417,126126,362778,684,11,2.02,58.0,Medium
U500110,19,Student,19749,15937,3812,74397,8466,0,0,1474,82863,7302,1359,2821,12819,401,4,0.35,31.0,High
U500111,32,Business,200842,125137,32727,831051,402985,4005324,3570214,67435,8809574,220364,311222,248623,813003,794,5,3.66,53.0,Medium
U500112,29,Student,14023,7534,6489,71584,574,0,0,189,72158,8073,3579,1854,12350,628,7,0.43,55.0,Medium
U500113,23,Salaried,133973,99374,25089,685389,956330,5551670,2232549,48547,9425938,357919,223250,145442,779926,752,3,5.86,52.0,Medium
U500114,32,Business,210202,101044,48722,548581,1880956,342448,1123632,61400,3895617,382920,138376,30829,1083569,525,9,1.54,51.0,Medium
U500115,25,Student,10473,8279,2194,53244,19128,0,0,910,72372,600,181,18,1065,469,5,0.58,35.0,High
U500116,33,Salaried,27524,14347,7676,25410,166383,590757,152362,9508,934912,45590,17593,22183,266144,595,3,2.83,50.0,Medium
U500117,26,Student,19521,12668,6853,67804,28476,0,0,3877,96280,3632,842,1479,10706,568,1,0.41,38.0,High
U500118,19,Student,18490,10810,7680,114768,44145,0,0,3194,158913,14005,7149,383,31324,482,9,0.72,52.0,Medium
U500119,42,Salaried,72948,48929,16658,334217,433389,357910,1143720,3681,2269236,56854,113169,62334,772779,821,0,2.59,53.0,Medium
U500120,49,Salaried,215599,129058,52018,824945,756002,8337054,3036483,20138,12954484,653347,328410,235355,919603,401,6,5.01,43.0,Medium
U500121,28,Student,10568,7218,3350,7275,25017,0,0,278,32292,8205,1983,4072,17517,751,9,0.25,60.0,Medium
U500122,18,Student,7516,5808,1708,963,10599,0,0,257,11562,7039,2928,2285,12980,785,5,0.13,51.0,Medium
U500123,30,Salaried,65317,27568,6882,260652,285616,1786008,953293,7312,3285569,241899,127376,103152,274130,464,3,4.19,37.0,High
U500124,44,Self-Employed,154725,81831,51535,559467,1160285,841477,347137,8352,2908366,173013,124439,272444,976122,559,5,1.57,51.0,Medium
U500125,41,Salaried,160069,75536,50487,725079,8959,6937678,1496643,54599,9168359,594312,150848,250980,739995,614,1,4.77,47.0,Medium
U500126,57,Salaried,154911,90968,42404,826167,331342,4789251,2135020,18367,8081780,98735,82002,7985,222401,389,8,4.35,41.0,Medium
U500127,28,Student,6433,4121,2312,12310,8748,0,0,641,21058,6176,2835,3315,6362,556,9,0.27,53.0,Medium
U500128,51,Salaried,246273,103355,61136,1154857,175851,4808893,3293108,62334,9432709,320741,358209,116828,1609329,596,8,3.19,55.0,Medium
U500129,30,Student,10871,8607,2264,51460,5150,0,0,1286,56610,7218,2235,2677,11848,321,11,0.43,41.0,Medium
U500130,44,Salaried,228121,129710,46688,1367573,142081,10206751,1002492,46978,12718897,329334,84917,118236,1038650,512,3,4.65,39.0,High
U500131,50,Salaried,21446,13199,7098,110365,131116,1016146,92511,4494,1350138,79239,9091,36907,80017,436,3,5.25,43.0,Medium
U500132,30,Salaried,214719,119906,26058,1124746,881049,6410156,3042435,10026,11458386,735878,173152,260517,1780341,615,3,4.45,46.0,Medium
U500133,56,Business,172712,127203,40380,723014,521732,6062412,334490,60006,7641648,321834,185088,310534,1132143,802,2,3.69,54.0,Medium
U500134,34,Salaried,113063,74042,15796,466682,1005744,113596,201024,15036,1787046,197247,48976,56514,263289,369,3,1.32,29.0,High
U500135,51,Self-Employed,95562,38570,30344,326446,327533,12023,820571,37718,1486573,61659,48526,53193,105646,424,3,1.3,36.0,High
U500136,46,Self-Employed,156539,92368,20004,219842,712670,4804222,1027834,2970,6764568,254401,93026,140066,595393,682,10,3.6,55.0,Medium
U500137,26,Salaried,185540,131501,50722,544575,64074,973049,2405147,47317,3986845,174958,246684,143076,966513,661,6,1.79,54.0,Medium
U500138,40,Business,44747,20260,7510,3221,203468,2127971,126275,2674,2460935,168336,100748,100014,220850,672,3,4.58,50.0,Medium
U500139,35,Salaried,119917,61430,18121,586035,374251,5262816,1680543,37974,7903645,224798,112628,114742,126159,754,1,5.49,42.0,Medium
U500140,25,Self-Employed,151414,103395,22248,559629,1451072,4519671,1936298,37075,8466670,134285,240071,117041,1056702,632,6,4.66,50.0,Medium
U500141,26,Salaried,137764,67153,39922,192519,566660,4219197,2086944,26198,7065320,267832,105538,106030,573643,304,4,4.27,36.0,High
U500142,22,Student,10795,6297,4498,19974,19284,0,0,224,39258,772,1174,630,6966,410,5,0.3,41.0,Medium
U500143,27,Business,37371,17550,11177,151571,97598,458973,406137,7246,1114279,15196,1149,10295,272983,409,0,2.48,34.0,High
U500144,30,Student,19598,13619,5979,92792,9055,0,0,855,101847,3385,9287,3978,37308,653,9,0.43,55.0,Medium
U500145,25,Salaried,113457,47612,16000,11883,330178,2495889,1792573,41097,4630523,200905,57614,14099,276391,825,7,3.4,55.0,Medium
U500146,42,Business,20528,14650,6398,61019,181642,545691,100226,3152,888578,52029,33753,25482,74688,471,1,3.61,40.0,Medium
U500147,28,Self-Employed,38312,25610,12072,174447,349682,633862,558714,18702,1716705,74822,73188,19437,378048,473,11,3.73,61.0,Medium
U500148,55,Salaried,153899,76415,23678,58232,420255,6291431,2570581,12338,9340499,307561,78044,119075,391616,785,1,5.06,44.0,Medium
U500149,29,Business,217024,135187,35886,354449,974895,8820376,355359,62416,10505079,603252,98543,503095,1459730,793,10,4.03,65.0,Medium
U500150,54,Salaried,211258,151617,56107,85805,2005468,2712020,3289917,85421,8093210,397088,136455,241120,699358,817,9,3.19,64.0,Medium
U500151,19,Student,5689,2971,2718,32489,4305,0,0,985,36794,4196,446,2612,11179,530,11,0.54,60.0,Medium
U500152,22,Salaried,177343,83673,57616,973766,654385,1807279,2411043,20868,5846473,115970,38071,39783,433430,560,10,2.75,54.0,Medium
U500153,51,Business,198452,102304,43620,254754,128201,2488760,1808418,36932,4680133,400020,287755,62264,840387,601,6,1.97,49.0,Medium
U500154,43,Salaried,37767,16399,13116,7169,146186,1352377,86954,10837,1592686,12474,9744,15742,78813,463,4,3.51,40.0,Medium
U500155,55,Self-Employed,99667,43619,33564,537829,431114,4051640,1374700,45201,6395283,9566,56780,47874,237118,670,3,5.35,47.0,Medium
U500156,38,Business,110406,57647,24909,418564,272691,607774,1866201,33068,3165230,286167,101020,97038,446975,698,3,2.39,49.0,Medium
U500157,51,Business,145185,93387,34640,843715,263876,2478997,2024455,60038,5611043,292963,316362,108235,1173355,432,5,3.22,45.0,Medium
U500158,51,Salaried,23036,16829,7015,88553,60283,252862,154440,10347,556138,20839,27704,6378,94441,574,6,2.01,50.0,Medium
U500159,35,Business,57176,30724,9828,318296,44810,444589,1012762,2441,1820457,23695,1397,18103,142049,605,2,2.65,37.0,High
U500160,37,Self-Employed,128521,61696,37033,712620,451785,1045554,2054397,29392,4264356,101448,40276,23015,155984,540,6,2.77,44.0,Medium
U500161,48,Business,24382,9837,3401,57739,171786,467776,293616,8299,990917,49736,24097,1389,183963,318,1,3.39,29.0,High
U500162,30,Self-Employed,78366,56445,21321,25708,232286,428385,192394,8061,878773,197996,124604,4042,386812,593,9,0.93,57.0,Medium
U500163,43,Salaried,191610,90252,25312,37321,88662,4358405,3226313,55784,7710701,505267,139511,307326,657274,819,2,3.35,49.0,Medium
U500164,27,Self-Employed,83266,35724,13891,469074,796554,1523613,654043,25046,3443284,90016,63891,66370,191987,350,0,3.45,24.0,High
U500165,31,Self-Employed,129379,76524,29194,73649,973035,5724515,1738159,52379,8509358,26575,5725,2870,490699,302,7,5.48,35.0,High
U500166,28,Self-Employed,151339,87069,44868,650941,1446268,4610452,663048,5602,7370709,117204,199825,331719,1144859,352,0,4.06,35.0,High
U500167,41,Self-Employed,130047,55377,35823,377942,346199,5244592,1841269,54400,7810002,12588,29679,10507,350347,784,11,5.0,63.0,Medium
U500168,59,Salaried,219744,109029,74390,501424,51007,2851050,3711523,22455,7115004,72731,29958,185996,1283740,517,5,2.7,47.0,Medium
U500169,26,Student,15581,10483,5098,15869,34069,0,0,2212,49938,13672,6054,147,26160,562,4,0.27,44.0,Medium
U500170,21,Student,19394,11719,7675,76588,29621,0,0,300,106209,2867,3690,5273,23279,724,9,0.46,60.0,Medium
U500171,47,Business,133600,81354,40848,107348,521127,2254205,1545835,3355,4428515,55358,59198,46137,173236,757,4,2.76,51.0,Medium
U500172,41,Salaried,190450,86311,26352,1109064,293035,3920643,2023871,23135,7346613,515307,12586,436655,1602541,802,6,3.21,59.0,Medium
U500173,29,Self-Employed,228799,134032,24404,99266,1496268,3117260,563908,86453,5276702,1155635,292993,135946,1629783,720,3,1.92,50.0,Medium
U500174,48,Salaried,85228,51985,26804,371616,680991,3401301,919562,22514,5373470,158096,129314,13724,457304,374,10,5.25,50.0,Medium
U500175,40,Salaried,237472,122649,82798,881773,1844604,6091177,125605,57599,8943159,22648,54761,95548,806628,607,0,3.14,41.0,Medium
U500176,28,Student,16138,12599,3539,82616,13467,0,0,1665,96083,18022,5179,4879,17985,574,1,0.5,35.0,High
U500177,58,Business,124745,67988,39802,131042,932653,2032748,539675,47392,3636118,172275,189622,127581,500112,398,0,2.43,34.0,High
U500178,50,Business,31162,18207,7196,62815,163128,635754,205365,756,1067062,29835,8696,17772,75510,734,6,2.85,52.0,Medium
U500179,20,Student,13668,9498,4170,59277,17059,0,0,2422,76336,7460,6133,6267,28023,452,5,0.47,41.0,Medium
U500180,54,Business,218802,87849,39405,128509,269190,2642252,647406,85887,3687357,146940,226370,372498,1222736,522,10,1.4,52.0,Medium
U500181,36,Self-Employed,138769,64330,19145,641079,1174900,672746,2192860,23876,4681585,193803,104800,10097,1075224,741,1,2.81,45.0,Medium
U500182,53,Salaried,169524,96945,40130,437086,1612854,3274644,2589490,2018,7914074,52067,37489,47047,468015,566,0,3.89,35.0,High
U500183,41,Salaried,135020,96982,38388,594117,1201761,4602774,1642500,40332,8041152,50426,73807,143322,518809,629,8,4.96,54.0,Medium
U500184,37,Salaried,155642,96758,50945,921559,1297483,843449,2739667,58117,5802158,216183,134002,157993,394005,515,8,3.11,51.0,Medium
U500185,42,Salaried,217463,106801,43745,901022,2027323,7483402,1525577,30346,11937324,385763,365326,59689,1662187,451,3,4.57,40.0,Medium
U500186,32,Salaried,168751,85585,54156,888187,1315354,4082034,2152516,7931,8438091,387666,68780,153771,398370,412,9,4.17,48.0,Medium
U500187,38,Business,150176,88903,34817,85427,866613,2603738,498913,25664,4054691,209619,229839,207858,744486,588,1,2.25,42.0,Medium
U500188,21,Student,9908,6707,3201,966,14451,0,0,1055,15417,82,1292,2924,23551,422,0,0.13,31.0,High
U500189,39,Business,188874,104483,41546,756998,180902,5478628,1387076,54459,7803604,671538,452116,222377,1239999,778,6,3.44,61.0,Medium
U500190,53,Self-Employed,211319,125126,35688,576540,637713,974544,2234135,23630,4422932,156381,120377,104703,1002762,575,0,1.74,35.0,High
U500191,35,Self-Employed,150087,94382,40486,265773,25156,4222502,1622530,49973,6135961,315093,74202,37150,441487,400,3,3.41,36.0,High
U500192,58,Salaried,116760,50360,30811,275381,92724,465897,1576437,43093,2410439,413883,58666,110831,475735,698,3,1.72,51.0,Medium
U500193,46,Salaried,166745,99363,41075,21580,914861,1615741,1589891,24423,4142073,80132,75430,68608,1141800,404,11,2.07,50.0,Medium
U500194,42,Self-Employed,112391,79907,11853,131568,157487,3147351,54397,7444,3490803,485432,295635,163614,599217,348,6,2.59,39.0,High
U500195,23,Student,17350,12843,4507,41710,20704,0,0,752,62414,5989,397,2284,13672,476,0,0.3,30.0,High
U500196,28,Salaried,225519,143152,45763,799926,2156659,6425430,3002921,32331,12384936,87615,115977,266687,1453474,440,1,4.58,34.0,High
U500197,24,Student,15327,9254,6073,28978,5895,0,0,2759,34873,361,115,160,786,846,2,0.19,52.0,Medium
U500198,31,Salaried,168083,121866,37782,666652,632428,1554644,2213298,55666,5067022,362964,29817,74190,569019,386,4,2.51,36.0,High
U500199,26,Student,13155,9205,3950,14237,27821,0,0,2363,42058,2927,1908,124,21608,382,6,0.27,38.0,High
U500200,47,Self-Employed,112098,75816,17793,411435,1068313,2604110,1020317,31539,5104175,210861,106101,97739,449221,663,9,3.79,54.0,Medium
U500201,27,Salaried,110945,63661,36543,98858,402472,2802608,909024,6270,4212962,309318,105993,132048,855130,611,10,3.16,64.0,Medium
U500202,35,Self-Employed,180711,130829,58204,205012,1645515,6469405,2764201,40792,11084133,452023,56062,220510,1282830,506,7,5.11,53.0,Medium
U500203,55,Salaried,65869,29872,18675,135456,71481,3002199,45575,11451,3254711,192427,26602,98211,296468,645,11,4.12,63.0,Medium
U500204,18,Student,11568,5878,5690,41819,13434,0,0,2289,55253,1711,3227,2690,16511,560,0,0.4,42.0,Medium
U500205,46,Self-Employed,167043,106603,34140,879945,1117173,7514616,26387,26601,9538121,344999,164105,192423,401190,539,0,4.76,35.0,High
U500206,39,Salaried,28754,14923,4715,34370,216171,911619,431753,13397,1593913,16064,32192,53751,218204,365,6,4.62,40.0,Medium
U500207,58,Self-Employed,92542,54738,30190,542229,91256,2577409,384777,17599,3595671,39709,19737,5629,165567,407,6,3.24,40.0,Medium
U500208,25,Salaried,71847,40266,24746,27441,447095,2902538,665191,26937,4042265,10664,56293,18639,209958,335,5,4.69,38.0,High
U500209,47,Self-Employed,133806,93549,46029,212379,956637,2279697,389912,53120,3838625,143912,18403,22668,237041,318,7,2.39,39.0,High
U500210,29,Business,235524,129729,41159,1228466,641538,347477,689571,84278,2907052,518652,105763,161826,954048,804,1,1.03,47.0,Medium
U500211,19,Student,5062,2968,2094,2082,3623,0,0,328,5705,877,1708,1625,13179,308,3,0.09,35.0,High
U500212,39,Self-Employed,149175,76368,32774,554001,325196,2146913,1656323,43242,4682433,70862,212362,332882,1439709,557,2,2.62,45.0,Medium
U500213,22,Self-Employed,187657,133507,59955,849748,370101,2422571,3060792,86673,6703212,26389,4141,6221,535715,829,2,2.98,51.0,Medium
U500214,58,Salaried,114023,74226,14836,158287,1091793,2080298,53263,10955,3383641,291629,114995,221780,667849,393,6,2.47,40.0,Medium
U500215,55,Self-Employed,152043,74766,37805,700478,1179946,5292018,2142091,32935,9314533,247418,76609,125977,352603,448,2,5.11,35.0,High
U500216,28,Student,11418,8411,3007,5543,6341,0,0,1020,11884,2703,2191,3666,10965,630,11,0.09,55.0,Medium
U500217,47,Self-Employed,200544,146732,25116,534353,3857,8087402,3272417,40744,11898029,117178,127,176312,889476,310,6,4.94,32.0,High
U500218,28,Student,13266,6698,6568,49146,4166,0,0,2297,53312,781,1820,1003,13137,335,2,0.33,36.0,High
U500219,26,Student,5599,3549,2050,1334,10392,0,0,102,11726,118,455,1051,6075,539,4,0.17,43.0,Medium
U500220,43,Salaried,110541,80396,16192,101639,1051803,2733815,1001025,49319,4888282,331222,137773,25812,449100,791,9,3.69,60.0,Medium
U500221,51,Self-Employed,121248,61107,39459,442784,1020417,1029527,1476150,37029,3968878,378805,211503,116523,397315,610,5,2.73,52.0,Medium
U500222,30,Business,107919,73266,25097,100334,241280,3136195,810901,6903,4288710,39416,51115,19658,268294,383,3,3.31,32.0,High
U500223,59,Salaried,188648,113619,44222,103885,1665348,4107987,2934103,77034,8811323,273543,46051,63334,1003414,785,8,3.89,60.0,Medium
U500224,18,Student,12587,7248,5339,3907,28744,0,0,1343,32651,748,4135,738,38902,671,6,0.22,55.0,Medium
U500225,35,Business,222431,122669,76204,1137908,1526325,1641635,1295992,6919,5601860,157896,84351,41258,321331,796,0,2.1,47.0,Medium
U500226,50,Salaried,78991,39966,18614,433138,535937,2116057,397778,7639,3482910,134124,140178,44238,668183,649,8,3.67,59.0,Medium
U500227,51,Self-Employed,128242,66825,22311,125370,404122,1453903,1185757,39918,3169152,194450,143272,226516,1197534,349,2,2.06,35.0,High
U500228,26,Self-Employed,58765,36635,14852,285820,253160,1822852,962843,8871,3324675,306730,124834,69331,294377,758,11,4.71,70.0,Low
U500229,40,Self-Employed,247269,177717,78651,64313,833759,1480988,1596440,12978,3975500,392385,1098,322447,2095793,745,7,1.34,63.0,Medium
U500230,55,Salaried,227842,96422,61158,1098697,754139,9781176,386401,47587,12020413,390454,207573,325226,1018501,781,4,4.4,55.0,Medium
U500231,51,Salaried,40061,20368,5527,103376,257832,1855488,655001,239,2871697,28,29845,39302,189370,358,8,5.97,38.0,High
U500232,41,Salaried,149207,92668,35374,364277,993391,4046888,1725748,5773,7130304,86342,185520,293152,984613,385,3,3.98,38.0,High
U500233,37,Self-Employed,114034,71647,39459,108571,952566,1101509,1907721,18882,4070367,257706,127489,26139,897974,615,8,2.97,60.0,Medium
U500234,42,Salaried,92331,37506,17875,24731,199739,486350,426027,1724,1136847,106449,395,5844,282884,408,7,1.03,39.0,High
U500235,37,Business,230149,148806,58081,163706,385365,175419,1738740,54915,2463230,119806,221348,419853,1364523,656,1,0.89,45.0,Medium
U500236,55,Business,234339,162918,29726,1211105,652530,4427141,2455139,69272,8745915,1013534,210749,390157,1278559,616,9,3.11,55.0,Medium
U500237,44,Salaried,28235,18095,3671,10023,91271,440476,361966,7846,903736,6013,73045,57370,260275,681,4,2.67,51.0,Medium
U500238,26,Student,12176,6903,5273,73403,16246,0,0,1014,89649,4070,5747,5773,14156,585,4,0.61,48.0,Medium
U500239,27,Business,155093,76931,27385,52004,53643,2141546,2369445,1141,4616638,150998,238338,11455,1056622,652,8,2.48,54.0,Medium
U500240,57,Self-Employed,176157,100174,41896,69207,305469,5259591,268799,44255,5903066,33417,113096,88761,334215,544,3,2.79,38.0,High
U500241,41,Self-Employed,42131,29188,12359,127086,342724,1647305,172942,5529,2290057,20402,57701,72787,364054,385,4,4.53,43.0,Medium
U500242,26,Student,5255,3123,2132,15484,8148,0,0,863,23632,1179,1055,623,3974,672,7,0.37,55.0,Medium
U500243,36,Salaried,53086,33843,16810,153926,81885,426454,65611,23961,727876,140139,85102,73642,136873,823,8,1.14,65.0,Medium
U500244,46,Salaried,107799,67548,21664,621652,72514,1580204,1904918,4473,4179288,130842,90867,48898,217225,428,9,3.23,43.0,Medium
U500245,46,Salaried,86769,57391,11158,465800,583338,2814620,735743,13064,4599501,33136,32348,8358,231728,810,8,4.42,54.0,Medium
U500246,38,Salaried,115025,59298,12009,395175,767084,860528,1374547,51162,3397334,105789,41575,69823,174472,676,3,2.46,39.0,High
U500247,19,Student,10609,6469,4140,46972,9629,0,0,2029,56601,5666,3929,3374,15269,325,11,0.44,48.0,Medium
U500248,43,Business,138705,58446,42910,691517,909031,5718623,140730,55038,7459901,624897,83909,33114,956407,638,4,4.48,54.0,Medium
U500249,27,Self-Employed,101542,74440,31654,281746,515923,820357,1696555,4101,3314581,133020,53211,198787,896317,548,3,2.72,49.0,Medium
U500250,35,Salaried,49601,20778,13185,29241,215807,1493984,209613,16595,1948645,44843,21947,25485,46736,381,0,3.27,27.0,High
U500251,48,Self-Employed,151122,104225,33439,408382,310313,1155517,2161334,59188,4035546,44053,94622,26864,353304,672,2,2.23,42.0,Medium
U500252,27,Salaried,191942,125089,26137,285300,1554891,623319,2795461,19260,5258971,314823,325448,350278,1075423,333,3,2.28,32.0,High
U500253,42,Self-Employed,22017,13627,5345,112188,80543,844687,80042,5588,1117460,27547,5091,5862,41357,522,0,4.23,33.0,High
U500254,24,Salaried,160445,115398,45823,898397,138046,5182415,2609744,72478,8828602,214642,164761,52833,460736,746,8,4.59,59.0,Medium
U500255,23,Salaried,82565,60495,14855,92956,287050,3382082,532439,15716,4294527,14571,43158,31493,147099,478,7,4.33,40.0,Medium
U500256,25,Business,146885,87417,23829,157499,363687,2232072,870969,60925,3624227,9248,12196,99706,378659,607,7,2.06,45.0,Medium
U500257,49,Self-Employed,221854,119765,68231,779644,242793,1304887,3620112,45575,5947436,336506,329233,443760,2020681,363,10,2.23,54.0,Medium
U500258,23,Self-Employed,32686,22628,5787,85947,241683,1469619,166536,15535,1963785,61164,21202,15474,57669,371,11,5.01,44.0,Medium
U500259,18,Student,14791,8504,6287,1672,5010,0,0,1718,6682,5371,255,1670,6282,399,2,0.04,35.0,High
U500260,39,Business,100207,50758,12851,597537,83546,104509,414492,27573,1200084,85453,8112,25756,157832,415,8,1.0,37.0,High
U500261,19,Student,5568,3750,1818,17095,13300,0,0,820,30395,77,17,121,680,489,2,0.45,35.0,High
U500262,28,Student,15685,10268,5417,89671,20047,0,0,39,109718,437,3569,4909,31626,809,1,0.58,49.0,Medium
U500263,39,Salaried,134019,95584,43453,582794,483202,1438111,358487,3993,2862594,122558,211048,47194,1057462,357,1,1.78,37.0,High
U500264,55,Salaried,181601,117591,23670,315335,1084675,66778,896184,54187,2362972,397434,353142,84967,1199098,846,8,1.08,62.0,Medium
U500265,29,Student,9426,4806,4620,14614,14289,0,0,1784,28903,362,375,118,8676,425,5,0.26,44.0,Medium
U500266,44,Self-Employed,78896,58935,17357,421003,8624,3423390,1003538,28129,4856555,106621,85577,17169,309335,302,3,5.13,31.0,High
U500267,36,Salaried,205131,140666,28017,943057,307649,2940581,2482279,95208,6673566,434727,242328,113243,593068,571,9,2.71,49.0,Medium
U500268,28,Salaried,156189,86274,23538,479959,208128,1032,1246435,10729,1935554,145585,5952,90170,844518,762,4,1.03,49.0,Medium
U500269,44,Salaried,188930,112554,55362,942465,131642,6680206,3288374,23588,11042687,252308,315901,78121,1870841,544,10,4.87,60.0,Medium
U500270,42,Salaried,26595,19529,5558,17759,102385,699528,355661,996,1175333,24709,3938,9110,34556,351,10,3.68,41.0,Medium
U500271,30,Student,5142,2891,2251,19947,7306,0,0,157,27253,2589,157,1293,5123,602,1,0.44,43.0,Medium
U500272,40,Business,114602,83386,37127,675744,910169,2330123,1207418,25154,5123454,31878,36265,37976,228112,672,7,3.73,53.0,Medium
U500273,28,Student,10843,9178,1665,43343,14277,0,0,426,57620,5265,5088,6443,21550,839,6,0.44,53.0,Medium
U500274,27,Student,16170,9930,6240,8268,27650,0,0,260,35918,19263,2523,8675,27038,732,8,0.19,60.0,Medium
U500275,18,Student,7029,5248,1781,5672,12051,0,0,215,17723,1710,2200,1289,8703,617,1,0.21,38.0,High
U500276,41,Salaried,50484,33332,5538,180294,38530,1655479,8232,6262,1882535,12609,23008,6222,264034,589,10,3.11,50.0,Medium
U500277,18,Student,9039,5879,3160,38764,10844,0,0,1166,49608,6903,2328,766,13586,589,5,0.46,47.0,Medium
U500278,30,Salaried,229323,137854,32558,1296112,1485340,9297349,3785272,109309,15864073,494412,57433,51465,754497,570,9,5.76,48.0,Medium
U500279,49,Salaried,86417,59208,9102,158533,754956,2290951,601015,3724,3805455,348641,12366,141916,677636,685,3,3.67,48.0,Medium
U500280,22,Student,6337,3763,2574,11316,10685,0,0,1265,22001,4851,516,1360,6823,404,10,0.29,49.0,Medium
U500281,32,Salaried,160870,75300,36059,380972,839591,5325316,2648214,41474,9194093,69378,51975,64889,433752,779,8,4.76,56.0,Medium
U500282,56,Self-Employed,87572,42369,15189,128971,556215,3950194,150302,5823,4785682,13922,137767,38068,514522,372,4,4.55,35.0,High
U500283,27,Salaried,55768,23831,16617,40526,135112,1233351,958509,8138,2367498,80848,39743,15117,75713,721,0,3.54,43.0,Medium
U500284,54,Salaried,221102,150433,44289,219,9262,9426335,3720056,93963,13155872,490822,185947,85538,1836201,757,10,4.96,65.0,Medium
U500285,48,Salaried,171006,68421,29007,848567,1475170,1330562,519393,16793,4173692,151444,52605,88455,208680,404,10,2.03,42.0,Medium
U500286,38,Salaried,172710,77665,21938,557704,1283119,8258061,2092283,4948,12191167,51646,59890,66004,653960,631,1,5.88,36.0,High
U500287,55,Self-Employed,210304,123294,63127,534037,1577266,669997,1383244,87062,4164544,612999,293189,57070,1048363,513,6,1.65,50.0,Medium
U500288,31,Salaried,199292,134411,26612,538940,643167,146016,2168030,15173,3496153,287192,87845,82412,372407,544,3,1.46,36.0,High
U500289,23,Business,129403,62657,16999,213631,652597,769442,197962,41464,1833632,35484,117353,25258,596045,487,7,1.18,41.0,Medium
U500290,52,Salaried,84165,39533,27145,462012,300795,3012847,1140028,7442,4915682,75477,12818,77715,706979,766,2,4.87,55.0,Medium
U500291,21,Student,11456,6784,4672,14540,26708,0,0,1705,41248,838,1516,1329,9971,312,4,0.3,35.0,High
U500292,22,Student,6185,3791,2394,17211,3647,0,0,23,20858,3033,767,1183,3674,578,10,0.28,55.0,Medium
U500293,49,Business,201351,91348,52170,272849,528420,2081196,2327349,32003,5209814,265411,159477,114776,569249,412,9,2.16,46.0,Medium
U500294,18,Student,6253,3755,2498,29624,1487,0,0,705,31111,3592,70,404,14684,683,0,0.41,45.0,Medium
U500295,52,Salaried,38579,25479,13020,69877,71026,1809456,101575,8708,2051934,151797,3587,4409,273628,783,9,4.43,68.0,Medium
U500296,36,Salaried,129772,70414,27125,158739,923654,3023604,1360291,11794,5466288,13060,62457,45052,852934,392,2,3.51,33.0,High
U500297,22,Student,17406,9063,8343,100939,26381,0,0,1883,127320,4520,4611,3165,22970,566,8,0.61,55.0,Medium
U500298,38,Salaried,28268,20135,7110,87068,32005,642365,491503,4293,1252941,51721,17159,12669,78952,464,2,3.69,36.0,High
U500299,56,Salaried,51775,24499,10142,290987,380964,525931,526998,23827,1724880,21959,1751,26623,114625,450,10,2.78,45.0,Medium
U500300,22,Student,10281,7666,2615,1447,16681,0,0,1837,18128,898,5603,6216,19876,702,0,0.15,40.0,Medium
U500301,30,Salaried,79201,44220,27426,62712,446394,3584092,193705,26829,4286903,210966,96640,75241,745795,658,10,4.51,68.0,Medium
U500302,35,Salaried,156095,109397,51050,214874,848519,896870,1349663,8659,3309926,659867,42364,43853,1056757,422,2,1.77,42.0,Medium
U500303,42,Self-Employed,212101,111391,67710,930635,1232005,9723888,3717235,104717,15603763,70032,158965,283236,1701545,415,4,6.13,44.0,Medium
U500304,30,Salaried,70537,36229,17852,238313,517188,2512374,1182627,31582,4450502,50643,34475,140520,504863,652,0,5.26,44.0,Medium
U500305,27,Self-Employed,85790,36732,20307,294879,103205,3043501,881184,16689,4322769,33965,3791,8712,318146,666,0,4.2,39.0,High
U500306,56,Business,85320,58068,18477,197742,490503,2983471,977566,38605,4649282,50650,69220,140274,913949,643,10,4.54,62.0,Medium
U500307,45,Self-Employed,109027,44980,16537,16112,165941,1305624,620139,37126,2107816,68043,23478,38832,360465,705,4,1.61,45.0,Medium
U500308,46,Self-Employed,213164,109509,57831,1266060,679009,3772193,587317,102217,6304579,388359,147022,7359,864433,548,8,2.46,51.0,Medium
U500309,28,Salaried,74608,34238,16416,325249,653424,3019516,1270718,24150,5268907,37139,43726,80649,435632,373,2,5.89,33.0,High
U500310,31,Self-Employed,110715,55184,34200,97034,621124,3748411,1703202,29049,6169771,333680,11306,151874,515508,379,5,4.64,42.0,Medium
U500311,18,Student,16513,11872,4641,29910,170,0,0,643,30080,12688,6979,1722,20353,622,7,0.15,49.0,Medium
U500312,25,Student,13918,7784,6134,100014,32039,0,0,16,132053,306,390,543,2159,504,11,0.79,55.0,Medium
U500313,22,Salaried,77645,56973,11611,389664,400238,2460406,999096,32607,4249404,284972,122454,62806,627255,541,4,4.56,46.0,Medium
U500314,45,Salaried,52327,23116,8037,209503,236858,2493216,399139,22889,3338716,73801,13682,40521,92490,407,11,5.32,44.0,Medium
U500315,23,Salaried,145364,79445,18164,440390,910614,3534530,254111,62443,5139645,103230,112555,148012,535844,667,0,2.95,37.0,High
U500316,54,Self-Employed,77983,48692,9736,319476,451557,361790,264392,37397,1397215,383696,193367,181177,348307,631,4,1.49,49.0,Medium
U500317,57,Self-Employed,246912,120733,57234,1382749,336273,6228270,2356412,109873,10303704,87755,102128,48793,1760186,674,7,3.48,54.0,Medium
U500318,52,Business,223815,102469,39800,256154,140518,2928501,3477476,23783,6802649,261912,8225,173688,597985,391,10,2.53,43.0,Medium
U500319,56,Business,219297,164458,69399,1027728,2052491,675567,206353,11146,3962139,192381,32894,25666,393852,745,1,1.51,46.0,Medium
U500320,55,Salaried,164024,88365,28999,649885,1110125,1630292,1240676,36066,4630978,129743,35771,34028,351026,410,9,2.35,41.0,Medium
U500321,32,Salaried,85559,60554,26792,321104,705255,3549360,198057,604,4773776,58019,107183,102738,428203,419,4,4.65,42.0,Medium
U500322,27,Student,17809,15039,2770,9488,25194,0,0,1958,34682,3461,3630,972,47558,545,10,0.16,47.0,Medium
U500323,33,Self-Employed,153103,78372,50489,509128,1015240,4328727,728810,47050,6581905,57415,21394,12657,731812,462,4,3.58,42.0,Medium
U500324,30,Student,17387,8895,8492,53701,735,0,0,3452,54436,10159,852,7362,41124,353,1,0.26,36.0,High
U500325,31,Self-Employed,121889,88275,23780,94059,642197,370151,1172043,60816,2278450,209603,79917,8350,267753,698,2,1.56,43.0,Medium
U500326,27,Student,15141,12235,2906,45638,35022,0,0,971,80660,3381,1964,1369,4436,382,9,0.44,38.0,High
U500327,34,Business,240572,172940,64722,1070248,108534,3371185,508212,99158,5058179,416000,90694,14497,691085,628,1,1.75,41.0,Medium
U500328,58,Self-Employed,246561,170308,42492,1159712,1359529,10326012,2167427,98191,15012680,394206,256185,194669,755792,710,6,5.07,51.0,Medium
U500329,49,Salaried,113288,78508,18651,140271,227320,50376,506280,37715,924247,165704,13164,31710,263478,439,10,0.68,44.0,Medium
U500330,37,Salaried,49120,26426,8865,26485,305272,2289622,110251,311,2731630,27863,57484,16224,197280,716,7,4.63,53.0,Medium
U500331,35,Business,249008,115623,40738,881743,205433,9820261,2541831,62689,13449268,1323947,112622,607702,1383011,316,3,4.5,35.0,High
U500332,48,Salaried,178062,110595,55369,932098,1679578,359559,3022574,30217,5993809,220098,118466,302020,1475596,347,2,2.81,38.0,High
U500333,55,Salaried,146044,74264,26399,256997,71839,1422347,2171842,33653,3923025,432973,280604,111426,864104,360,0,2.24,31.0,High
U500334,19,Student,14521,11689,2832,87129,33154,0,0,1912,120283,5332,3371,3711,35049,738,8,0.69,53.0,Medium
U500335,32,Self-Employed,193942,92755,46226,213184,246169,5039155,3207983,3991,8706491,400495,103705,376264,1273343,533,7,3.74,51.0,Medium
U500336,27,Student,8766,4648,4118,46860,3651,0,0,1067,50511,4201,2656,3392,6734,449,11,0.48,55.0,Medium
U500337,27,Student,15500,8279,7221,66698,5407,0,0,2837,72105,14109,8552,7814,14555,800,10,0.39,68.0,Medium
U500338,46,Self-Employed,204967,127265,43234,782090,1910805,5282926,3563671,39852,11539492,547959,234803,7823,1514747,522,0,4.69,38.0,High
U500339,31,Salaried,104308,61730,12378,342501,257009,1431507,623681,4034,2654698,173135,1049,255806,1001440,396,5,2.12,40.0,Medium
U500340,33,Business,159942,119389,34564,485644,1299385,928428,353865,30690,3067322,124998,25397,30031,371482,571,3,1.6,39.0,High
U500341,50,Salaried,169674,113647,33988,596657,1555491,3030589,2288683,22892,7471420,420449,200182,283000,588761,472,5,3.67,42.0,Medium
U500342,43,Self-Employed,97198,49660,13257,352372,507376,4053979,807182,3685,5720909,103708,87006,232430,756240,602,0,4.9,40.0,Medium
U500343,54,Business,168109,109355,41115,101990,489378,6777708,2601695,15347,9970771,157911,34136,45163,191831,409,1,4.94,29.0,High
U500344,25,Business,108945,46684,34322,567589,669257,268661,1159102,7025,2664609,395525,57719,29754,909838,494,7,2.04,54.0,Medium
U500345,43,Self-Employed,69897,50244,9153,259234,394559,384930,378530,17551,1417253,260221,78238,108196,247792,407,10,1.69,46.0,Medium
U500346,53,Business,75803,38035,23195,280956,220068,3592752,445324,22106,4539100,59126,9011,59097,208845,621,9,4.99,55.0,Medium
U500347,26,Student,10346,7670,2676,31410,21898,0,0,1680,53308,3368,430,1276,5031,419,10,0.43,44.0,Medium
U500348,43,Self-Employed,128672,55123,22713,715310,748354,1065327,1036543,62975,3565534,56506,132723,30126,1100580,365,8,2.31,43.0,Medium
U500349,45,Self-Employed,88879,39738,21932,119882,407646,1768833,1565312,17192,3861673,18596,39039,36427,134023,625,11,3.62,55.0,Medium
U500350,38,Salaried,88542,38565,20875,433341,183000,2956874,5660,7982,3578875,24578,15850,13118,174876,578,8,3.37,48.0,Medium
U500351,29,Self-Employed,32124,21027,9465,10149,220894,590477,324685,13007,1146205,13365,37972,34249,307657,435,10,2.97,55.0,Medium
U500352,54,Self-Employed,140359,80719,23485,488413,62116,281028,1887016,12758,2718573,101259,26354,71294,264273,577,11,1.61,51.0,Medium
U500353,38,Self-Employed,38419,16303,13413,188063,291757,197497,296124,13631,973441,147066,55688,1133,298195,653,9,2.11,65.0,Medium
U500354,28,Salaried,132833,76826,15438,502732,494157,3277836,210583,314,4485308,91235,65775,63984,174214,834,2,2.81,44.0,Medium
U500355,54,Business,155687,81873,25493,15168,752940,1598564,1184276,49353,3550948,645340,198099,190466,1163888,383,4,1.9,40.0,Medium
U500356,56,Salaried,193046,81415,54987,851130,1588036,3786640,2733239,37594,8959045,906963,353253,255777,764997,714,1,3.87,51.0,Medium
U500357,53,Salaried,68836,35447,11936,167217,428032,2515240,351390,18856,3461879,91369,21103,197,368150,313,0,4.19,25.0,High
U500358,21,Student,7298,4658,2640,3164,9001,0,0,282,12165,1577,1774,2486,8932,641,1,0.14,42.0,Medium
U500359,41,Self-Employed,194318,104703,51514,943993,795457,8965112,3261536,61690,13966098,446771,276420,42801,687552,654,11,5.99,61.0,Medium
U500360,30,Student,19745,15493,4252,82480,2352,0,0,3930,84832,3958,1627,1435,4782,518,3,0.36,34.0,High
U500361,24,Salaried,160172,79046,32060,311134,535348,4304285,880676,52080,6031443,251502,100128,29062,1604606,423,10,3.14,51.0,Medium
U500362,55,Business,112943,76793,19339,441839,993828,3614079,1100125,33097,6149871,210261,177241,93402,762178,764,10,4.54,63.0,Medium
U500363,33,Salaried,20256,10537,3730,11333,188554,537991,297886,1633,1035764,5036,16635,9160,63483,654,8,4.26,51.0,Medium
U500364,43,Business,82324,36778,8531,266570,584416,624218,476168,17629,1951372,150947,58690,37952,145459,531,7,1.98,41.0,Medium
U500365,39,Business,117756,52906,12969,576611,616964,216054,1245219,43277,2654848,90454,82841,71409,474829,718,4,1.88,45.0,Medium
U500366,33,Business,30807,21992,8620,143295,243286,202337,440059,6816,1028977,137802,28114,69869,202453,763,9,2.78,68.0,Medium
U500367,43,Salaried,156692,77757,19172,196458,551361,3923518,861063,68182,5532400,319620,9256,252154,983942,514,2,2.94,37.0,High
U500368,31,Business,213792,146455,25720,1009820,1638812,1884563,1996026,7017,6529221,161680,34192,141379,587348,708,0,2.55,37.0,High
U500369,25,Student,12602,6679,5923,77782,13241,0,0,1367,91023,3266,3626,1173,17366,696,10,0.6,63.0,Medium
U500370,48,Self-Employed,70190,44405,22419,288526,301781,1939263,192233,329,2721803,5206,47338,34442,194629,413,6,3.23,42.0,Medium
U500371,34,Salaried,130897,94690,26731,535376,78440,2614885,722062,36945,3950763,648,192793,101183,1036863,649,1,2.52,44.0,Medium
U500372,59,Business,111165,68183,20434,221197,65334,4670089,1170014,51405,6126634,20316,70071,69717,290258,303,3,4.59,27.0,High
U500373,40,Salaried,112164,65688,28736,385739,688072,2777690,826364,45548,4677865,319119,88101,132497,396684,521,7,3.48,49.0,Medium
U500374,28,Business,201845,125271,43697,26314,204356,9095511,1119491,86195,10445672,203049,36187,60039,442396,390,0,4.31,27.0,High
U500375,38,Salaried,173197,127030,28044,279248,1042134,2506581,979097,16574,4807060,355119,30940,341293,1128045,662,10,2.31,59.0,Medium
U500376,53,Self-Employed,154355,114984,37866,48067,524032,1170001,1272532,75915,3014632,172501,109041,122588,592782,590,3,1.63,43.0,Medium
U500377,53,Self-Employed,61972,26215,7600,66936,21491,928378,374697,7445,1391502,753,3092,414,189650,517,8,1.87,42.0,Medium
U500378,28,Business,200040,102480,43464,551469,1417618,7026243,3190828,62456,12186158,724112,387343,291406,591257,582,4,5.08,47.0,Medium
U500379,50,Salaried,75882,43701,10758,316015,572396,2713240,742387,9310,4344038,307536,135132,56365,403009,547,7,4.77,49.0,Medium
U500380,31,Business,157769,114466,54706,641511,1028426,3386076,1269226,11819,6325239,334473,77337,199948,1305277,532,0,3.34,44.0,Medium
U500381,56,Salaried,128851,69923,20081,631002,60025,1957679,309952,24511,2958658,69834,9830,34391,196773,401,6,1.91,34.0,High
U500382,58,Business,149841,81057,46326,25388,1118515,1714109,602053,2838,3460065,124400,71092,17922,306657,775,4,1.92,52.0,Medium
U500383,50,Business,174533,111327,20826,486633,1608621,3872943,185015,79410,6153212,217023,5210,44066,1558950,440,11,2.94,49.0,Medium
U500384,20,Student,15691,9162,6529,72407,18973,0,0,24,91380,2594,7109,6355,25280,424,3,0.49,39.0,High
U500385,45,Salaried,170515,76385,33054,453196,427323,2811732,1704218,66233,5396469,331808,78594,12400,588895,349,3,2.64,31.0,High
U500386,39,Salaried,30308,21770,4748,170493,160782,1288027,419067,8396,2038369,11977,47973,5218,197211,627,6,5.6,49.0,Medium
U500387,47,Self-Employed,125271,90806,24607,572901,576417,5079886,1801980,44394,8031184,64024,119919,494,648053,361,0,5.34,27.0,High
U500388,58,Salaried,90361,66584,25032,510856,629836,2990777,615973,7220,4747442,72501,48200,198013,942195,399,4,4.38,44.0,Medium
U500389,20,Student,10798,7299,3499,73697,15191,0,0,1060,88888,6865,1652,3765,13326,533,6,0.69,45.0,Medium
U500390,53,Salaried,59730,42536,9284,319855,488809,1601958,246755,13366,2657377,38422,31329,44343,175446,636,7,3.71,47.0,Medium
U500391,20,Student,6558,4804,1754,46926,99,0,0,1073,47025,5119,1371,1211,8722,735,3,0.6,47.0,Medium
U500392,52,Self-Employed,191885,141527,22164,46309,1282037,8915878,3260861,63998,13505085,15095,47190,209108,874735,529,2,5.87,34.0,High
U500393,50,Salaried,157943,115326,28313,65961,418569,2092920,2023435,846,4600885,34646,250485,378183,1595208,615,10,2.43,60.0,Medium
U500394,30,Self-Employed,24922,17264,5927,133196,143184,853325,149039,10546,1278744,463,26729,21845,273741,474,2,4.28,42.0,Medium
U500395,55,Business,34620,18958,9682,53676,69071,1401226,220680,3865,1744653,42488,38464,28246,160040,767,2,4.2,51.0,Medium
U500396,23,Student,8299,4262,4037,32172,8224,0,0,1266,40396,189,467,165,2815,832,0,0.41,52.0,Medium
U500397,49,Self-Employed,158014,71336,51976,121272,934394,6728219,777632,48564,8561517,131328,30067,151263,754556,658,9,4.52,59.0,Medium
U500398,30,Student,15263,10449,4814,44509,19414,0,0,1543,63923,6922,4986,48,24578,509,5,0.35,42.0,Medium
U500399,27,Self-Employed,21635,10005,2408,62807,105678,50026,154176,10735,372687,3861,1265,5854,65737,412,2,1.44,27.0,High
U500400,32,Salaried,134441,96653,24297,255584,270851,2354903,994226,827,3875564,77916,82713,22865,230189,377,0,2.4,24.0,High
U500401,51,Salaried,110101,68065,13111,123349,248885,590768,905858,39001,1868860,91205,34947,26032,127968,471,7,1.41,37.0,High
U500402,25,Salaried,171792,110273,34561,113910,54254,5536969,2032523,18544,7737656,365419,62816,175227,545305,743,4,3.75,50.0,Medium
U500403,29,Self-Employed,165620,83239,17887,721605,1327676,872362,2038508,27933,4960151,483258,245790,132181,934121,555,4,2.5,42.0,Medium
U500404,33,Self-Employed,37221,25991,11161,193005,317206,895539,171455,16992,1577205,74998,37357,27615,50887,434,0,3.53,33.0,High
U500405,54,Salaried,238831,110293,76379,82520,2229254,1162663,954258,62941,4428695,307821,142015,224653,1489263,846,2,1.55,57.0,Medium
U500406,58,Self-Employed,41271,27007,4943,101275,227978,969984,69827,9227,1369064,156393,72604,79617,116859,489,11,2.76,51.0,Medium
U500407,21,Student,19005,14353,4652,101007,4084,0,0,728,105091,1946,6703,4536,22862,586,11,0.46,53.0,Medium
U500408,51,Salaried,193120,126793,40584,606844,183025,2510455,419428,41349,3719752,127422,170210,2669,613179,601,2,1.61,39.0,High
U500409,49,Self-Employed,96844,57197,11067,251029,290362,292248,993088,18089,1826727,428823,3198,44418,725751,420,1,1.57,33.0,High
U500410,25,Student,19393,13587,5806,39909,28792,0,0,653,68701,12415,6106,7375,12735,391,6,0.3,38.0,High
U500411,23,Student,16908,14119,2789,85064,31222,0,0,1599,116286,17630,3842,2738,28947,500,0,0.57,29.0,High
U500412,41,Salaried,115067,84708,35203,32426,325004,2359056,54198,27417,2770684,67958,22235,159008,584393,568,5,2.01,48.0,Medium
U500413,53,Salaried,205138,147112,33318,504025,1324860,1699272,1130871,33855,4659028,65900,133368,23040,488271,817,3,1.89,47.0,Medium
U500414,31,Self-Employed,124564,89211,13686,423323,578863,4818989,650247,36840,6471422,428380,115777,178390,757751,591,11,4.33,56.0,Medium
U500415,41,Self-Employed,102757,56068,25294,95185,950801,92066,482826,39915,1620878,32273,41914,87659,367709,379,3,1.31,34.0,High
U500416,56,Salaried,187599,94588,47577,882979,1712198,2471315,1695450,93140,6761942,275115,183056,212486,1093120,444,5,3.0,43.0,Medium
U500417,23,Business,26593,16005,9057,20413,2940,972350,273632,11930,1269335,44713,11426,26679,68100,620,9,3.98,57.0,Medium
U500418,32,Business,104152,43292,29978,316819,445965,1197006,916943,1585,2876733,127401,55102,85158,479857,825,4,2.3,57.0,Medium
U500419,52,Salaried,52371,37690,7740,219035,188467,1710688,508966,19989,2627156,49561,26224,41107,96141,557,8,4.18,45.0,Medium
U500420,49,Salaried,88310,64131,12016,377002,673748,2767221,1399532,4164,5217503,215634,9142,35113,649250,747,2,4.92,47.0,Medium
U500421,49,Salaried,228864,124191,60587,986593,500847,4993937,47350,95166,6528727,440188,76099,113511,1270321,393,0,2.38,32.0,High
U500422,50,Self-Employed,65292,39151,8797,66321,298498,3043938,625892,17844,4034649,65286,46096,39596,121218,682,4,5.15,43.0,Medium
U500423,29,Student,13554,8063,5491,43067,21206,0,0,2059,64273,2422,3029,4118,14023,633,6,0.4,52.0,Medium
U500424,58,Salaried,76455,45938,17253,286858,20459,658809,900519,26080,1866645,350001,192785,135494,294663,470,0,2.03,38.0,High
U500425,53,Salaried,30654,13752,4161,83106,72558,981524,124061,10735,1261249,20097,6564,28038,98047,622,3,3.43,40.0,Medium
U500426,39,Self-Employed,26802,15712,3382,134818,13423,753614,44294,1404,946149,22262,12149,12593,57906,517,7,2.94,41.0,Medium
U500427,45,Self-Employed,200559,86143,27900,967916,951593,3352159,1157761,14825,6429429,190572,25448,185703,789501,808,6,2.67,53.0,Medium
U500428,43,Business,171947,76261,56306,921252,9833,3599194,158992,20199,4689271,360572,73851,8254,594100,494,10,2.27,53.0,Medium
U500429,36,Salaried,231886,114680,23386,654825,841210,3334633,1008817,39570,5839485,285443,103255,115908,445078,659,11,2.1,52.0,Medium
U500430,51,Salaried,139690,99620,20147,444961,297093,1561723,2090040,9076,4393817,569450,68239,323636,742482,528,3,2.62,42.0,Medium
U500431,47,Salaried,112933,60326,12463,581091,384661,862069,1229316,55218,3057137,266849,89886,119996,282975,529,0,2.26,31.0,High
U500432,24,Self-Employed,168232,96862,34477,830274,223126,5433965,462561,6298,6949926,40568,21214,71642,657709,748,6,3.44,52.0,Medium
U500433,28,Student,12195,7547,4648,45111,3956,0,0,748,49067,14095,1310,7670,16506,590,7,0.34,52.0,Medium
U500434,28,Student,13991,7720,6271,100711,30126,0,0,1843,130837,55,3253,2206,10862,552,8,0.78,53.0,Medium
U500435,57,Business,172824,92075,52160,446000,989719,2267644,2849189,53133,6552552,744831,353388,183796,852899,408,4,3.16,44.0,Medium
U500436,52,Salaried,115771,78403,25888,366508,857944,1905920,147926,33609,3278298,129630,29294,115809,533207,602,3,2.36,43.0,Medium
U500437,38,Self-Employed,198366,136906,60934,706577,1879580,6361842,1695653,67546,10643652,527461,237305,438797,1546367,686,2,4.47,54.0,Medium
U500438,21,Student,15517,9449,6068,48741,19446,0,0,1306,68187,4096,3458,5252,24616,557,9,0.37,54.0,Medium
U500439,26,Student,9059,6902,2157,60997,18861,0,0,12,79858,11935,2588,116,16159,653,3,0.73,43.0,Medium
U500440,48,Salaried,141736,69194,25076,328088,409416,6269710,2518452,38529,9525666,110569,25499,74969,269494,570,0,5.6,32.0,High
U500441,22,Student,8304,4833,3471,45683,10660,0,0,451,56343,40,131,359,3104,581,8,0.57,52.0,Medium
U500442,26,Business,235042,129790,60779,598545,2177844,6770668,2073002,36204,11620059,611778,249414,289446,485693,783,8,4.12,60.0,Medium
U500443,37,Salaried,20738,14788,3550,114253,106489,540609,184611,517,945962,35211,27986,26601,97118,318,7,3.8,38.0,High
U500444,18,Student,6101,4874,1227,25912,7049,0,0,1051,32961,3109,571,805,14909,466,7,0.45,41.0,Medium
U500445,47,Salaried,163447,113604,31331,902613,232651,7648499,1070348,79598,9854111,400037,107852,179045,482798,371,7,5.02,40.0,Medium
U500446,26,Salaried,203967,107809,48080,1205,175705,34358,26121,93112,237389,929863,485868,211199,993225,512,9,0.1,55.0,Medium
U500447,26,Business,83246,56381,16557,61510,340264,1733416,834805,33125,2969995,49156,64699,37988,228510,379,6,2.97,36.0,High
U500448,37,Salaried,53480,35512,9219,247045,77749,2212199,167415,4510,2704408,131653,13714,37470,192479,712,3,4.21,46.0,Medium
U500449,31,Business,38429,28149,5701,190697,150424,646613,455336,10061,1443070,76249,19102,25000,420305,488,5,3.13,45.0,Medium
U500450,28,Student,8320,5002,3318,3425,18108,0,0,569,21533,364,2874,3270,17364,526,2,0.22,41.0,Medium
U500451,23,Self-Employed,203912,137074,69090,396217,1585387,3225410,137781,44705,5344795,106349,143177,51048,1566356,561,5,2.18,51.0,Medium
U500452,32,Business,220416,158332,40118,251035,1399662,6095342,3865232,99632,11611271,645371,263299,334043,658746,804,4,4.39,53.0,Medium
U500453,59,Salaried,81846,54235,8797,332869,423802,64509,1070207,40700,1891387,87216,33241,4773,163574,767,2,1.93,42.0,Medium
U500454,45,Salaried,116249,82574,37077,418081,604774,2439881,2030673,22358,5493409,36226,130105,68593,925644,679,9,3.94,62.0,Medium
U500455,31,Salaried,199200,88266,30180,894721,1725746,76557,3401529,41514,6098553,146732,72621,133129,441669,409,3,2.55,30.0,High
U500456,35,Business,58109,25691,17183,176029,243824,1838406,360038,10883,2618297,35350,8242,8697,147646,521,6,3.75,45.0,Medium
U500457,24,Student,5052,4259,793,31966,2529,0,0,814,34495,2023,1805,1540,5816,432,3,0.57,30.0,High
U500458,20,Student,11724,9946,1778,79700,15793,0,0,2090,95493,1406,39,839,3913,373,1,0.68,23.0,High
U500459,24,Student,13008,7246,5762,49588,15260,0,0,97,64848,4428,1901,2200,3483,443,3,0.42,40.0,Medium
U500460,27,Student,15695,12574,3121,105681,572,0,0,684,106253,8234,5128,187,21899,638,8,0.56,48.0,Medium
U500461,34,Salaried,83010,53043,16137,339650,132756,3597699,1374030,32978,5444135,80344,17791,8278,167469,611,9,5.47,50.0,Medium
U500462,33,Self-Employed,177082,106323,33220,730269,856160,670202,929179,50972,3185810,210339,375648,304994,1027348,776,4,1.5,54.0,Medium
U500463,40,Salaried,179355,118699,36443,552558,1459118,6392509,57068,41121,8461253,388874,81543,139100,663723,337,4,3.93,34.0,High
U500464,22,Self-Employed,180613,85712,51312,890639,687568,3906777,960992,32391,6445976,99795,11238,125075,465791,324,2,2.97,30.0,High
U500465,37,Self-Employed,115982,50303,37006,212679,941217,3929361,1755904,3876,6839161,116735,15527,84250,396278,625,8,4.91,55.0,Medium
U500466,43,Salaried,57869,26441,9094,6390,12282,1361972,697280,4476,2077924,76192,33258,23540,190640,390,7,2.99,38.0,High
U500467,31,Business,75514,36272,26172,60836,351539,1519288,850126,37679,2781789,112836,47647,109179,697534,642,11,3.07,68.0,Medium
U500468,30,Self-Employed,56306,40586,13956,276013,272745,1436271,605971,16436,2591000,82792,55072,61863,580710,573,4,3.83,50.0,Medium
U500469,22,Salaried,187517,122892,61219,243473,1788763,5984683,1465925,73456,9482844,681093,229408,394838,1150684,604,7,4.21,59.0,Medium
U500470,52,Business,58943,30729,10555,328711,122392,2779632,398729,983,3629464,83831,23484,23717,227916,506,6,5.13,42.0,Medium
U500471,28,Salaried,197967,99104,53596,899582,983150,8682935,1781705,27748,12347372,297842,124058,129291,1476428,772,6,5.2,60.0,Medium
U500472,33,Salaried,179355,90016,55460,799109,1065111,4287787,1561266,61899,7713273,479492,54996,107361,829118,457,3,3.58,41.0,Medium
U500473,38,Business,32736,24198,7400,68599,298503,183396,31220,13047,581718,21876,15898,10221,257031,736,7,1.48,58.0,Medium
U500474,25,Self-Employed,147012,90341,21145,265694,169107,345537,921779,69991,1702117,358187,266560,233129,498099,446,1,0.96,33.0,High
U500475,31,Self-Employed,209878,135591,55063,466204,1478400,1790224,2440424,10961,6175252,670153,91983,241447,705164,683,7,2.45,56.0,Medium
U500476,39,Salaried,173364,129435,37221,1011557,806848,7816770,1540790,53984,11175965,266059,33723,84474,482393,826,8,5.37,59.0,Medium
U500477,39,Self-Employed,201839,95422,35334,44507,749312,4044923,2356848,3536,7195590,195862,76250,134389,265635,442,11,2.97,45.0,Medium
U500478,35,Salaried,183449,79018,46116,87834,1469936,3320938,162812,74383,5041520,344079,228031,348564,1031747,673,8,2.29,59.0,Medium
U500479,58,Salaried,81926,50653,15185,193589,35039,2049614,418030,24742,2696272,120908,44332,51281,336018,803,7,2.74,57.0,Medium
U500480,53,Salaried,84791,43732,22102,102381,438165,3225474,459835,27058,4225855,26575,35498,41436,159426,443,3,4.15,35.0,High
U500481,22,Salaried,144815,63189,33885,684181,1017489,274949,2065431,15981,4042050,152258,14679,63844,442850,611,2,2.33,41.0,Medium
U500482,25,Salaried,193603,117402,36479,735514,854806,1813197,381756,14151,3785273,390485,237520,362502,1562575,349,10,1.63,49.0,Medium
U500483,45,Business,26105,15204,7512,18029,225564,302010,83500,895,629103,50365,54846,40753,138363,379,3,2.01,40.0,Medium
U500484,22,Student,18576,10720,7856,69118,12172,0,0,259,81290,12705,3775,4113,19116,464,7,0.36,47.0,Medium
U500485,54,Business,180650,74069,49481,59856,915832,7482139,2182817,18088,10640644,716459,104603,259997,1329757,307,7,4.91,45.0,Medium
U500486,24,Salaried,92973,64088,20846,314038,395535,1019327,1059748,2611,2788648,320431,223387,89938,663188,635,6,2.5,56.0,Medium
U500487,39,Salaried,89316,44264,10134,480442,695637,838672,1020307,20948,3035058,163492,82924,168945,653852,433,3,2.83,37.0,High
U500488,44,Salaried,186859,127400,64341,553764,775634,2001291,2341969,20074,5672658,86221,15920,71059,384163,465,6,2.53,44.0,Medium
U500489,33,Salaried,233403,104892,48389,24473,1087430,6238253,2612913,70069,9963069,1134715,303218,505867,982457,638,4,3.56,51.0,Medium
U500490,34,Business,25539,14193,3627,146115,45451,920874,213515,7839,1325955,110892,2506,17286,169253,394,0,4.33,31.0,High
U500491,26,Salaried,50246,35263,5336,10269,217032,785660,30401,1697,1043362,157330,38959,3350,248527,733,5,1.73,50.0,Medium
U500492,33,Salaried,40631,29175,4226,67925,250114,942855,178092,15989,1438986,33,29843,15313,220961,687,0,2.95,37.0,High
U500493,29,Self-Employed,106463,48344,22874,520628,90528,535290,380362,10907,1526808,110300,65644,51608,151686,349,3,1.2,30.0,High
U500494,34,Business,39189,25716,13711,8970,195729,1874991,410475,16812,2490165,41470,21149,22679,42426,679,6,5.3,53.0,Medium
U500495,59,Salaried,125287,70014,17291,159320,1041983,4995663,292373,35038,6489339,12332,69968,57561,726831,763,6,4.32,52.0,Medium
U500496,24,Student,7228,3736,3492,20791,14866,0,0,222,35657,3032,1793,1605,3441,305,0,0.41,31.0,High
U500497,22,Salaried,215819,87948,25263,218741,1596547,836864,234410,18819,2886562,17817,121597,202247,1986532,592,7,1.11,49.0,Medium
U500498,58,Self-Employed,167995,117536,35928,482431,1021563,3787594,1305389,2457,6596977,287558,319653,152549,1067901,308,10,3.27,46.0,Medium
U500499,30,Salaried,123977,53385,26347,326524,1033773,2423544,1446074,9030,5229915,520109,74770,88073,1037858,508,3,3.52,45.0,Medium
U500500,41,Self-Employed,200969,133389,48024,668693,209329,3790359,601207,6992,5269588,104724,273681,117783,2242997,803,10,2.19,69.0,Medium
U500501,24,Salaried,182931,130594,34174,655324,213794,8240800,1608645,5731,10718563,11036,64012,158431,996528,592,7,4.88,48.0,Medium
U500502,56,Self-Employed,34337,14477,9872,32930,315325,1212612,212110,16587,1772977,19110,13339,15420,81344,461,0,4.3,32.0,High
U500503,30,Student,5404,4409,995,20839,11499,0,0,471,32338,1081,2879,2041,11837,622,7,0.5,46.0,Medium
U500504,53,Business,78224,56609,25255,82902,659248,2549509,1326504,24789,4618163,110548,91294,79115,181623,766,7,4.92,59.0,Medium
U500505,49,Self-Employed,81077,54714,24445,174152,69377,2793651,288077,22825,3325257,130506,35081,17127,275426,840,5,3.42,58.0,Medium
U500506,48,Salaried,36592,15709,8305,134592,201573,454953,224769,1811,1015887,4351,25041,6632,98319,758,2,2.31,46.0,Medium
U500507,34,Self-Employed,104650,68760,17272,156870,47095,4181479,1334003,23229,5719447,76870,49457,128887,394966,423,8,4.55,42.0,Medium
U500508,54,Salaried,158650,104922,48843,848713,321083,2762769,1013050,57089,4945615,159483,98037,37685,283890,430,0,2.6,32.0,High
U500509,25,Student,11149,6494,4655,45145,1337,0,0,1634,46482,2004,374,1584,5009,784,10,0.35,64.0,Medium
U500510,18,Student,7486,4665,2821,6238,1126,0,0,111,7364,1841,826,905,3322,408,3,0.08,36.0,High
U500511,43,Self-Employed,134524,93968,45044,440106,239045,3680889,1122237,14839,5482277,266949,12886,82280,393242,341,5,3.4,39.0,High
U500512,33,Self-Employed,209622,111014,54919,89601,385298,8307280,1727611,14113,10509790,206225,214284,144917,1169377,535,5,4.18,46.0,Medium
U500513,33,Salaried,190875,92587,53846,1112418,209948,2289702,1236798,15570,4848866,302121,43938,133146,474184,790,9,2.12,62.0,Medium
U500514,49,Salaried,196641,135786,37545,858567,1787605,7268448,979125,33355,10893745,486385,334600,160858,942871,748,10,4.62,62.0,Medium
U500515,33,Self-Employed,134982,70235,29539,292436,646518,2752453,961874,29745,4653281,438000,102382,109708,798619,527,3,2.87,43.0,Medium
U500516,37,Self-Employed,22382,12184,4715,44521,176071,110622,227663,6510,558877,32643,3305,10813,63902,847,4,2.08,53.0,Medium
U500517,30,Salaried,90187,55958,15928,150051,440088,3606440,992802,33135,5189381,240609,5406,77167,381026,350,8,4.8,40.0,Medium
U500518,29,Student,13527,9474,4053,17259,15097,0,0,2207,32356,3898,1203,743,10598,318,1,0.2,26.0,High
U500519,49,Salaried,184706,100594,26125,991607,1611438,8240420,2692316,80024,13535781,211789,13368,18367,345562,783,5,6.11,48.0,Medium
U500520,45,Self-Employed,160416,113353,51372,680069,881632,3195242,2113145,6447,6870088,54170,276774,85309,1111901,659,0,3.57,46.0,Medium
U500521,25,Self-Employed,81478,49853,8333,186911,400279,3056998,977305,21149,4621493,254318,53671,126245,329944,791,5,4.73,52.0,Medium
U500522,55,Self-Employed,79247,34084,18506,284787,109347,3417759,501790,20730,4313683,29392,13020,43334,150655,509,1,4.54,33.0,High
U500523,21,Student,13034,7551,5483,93746,10154,0,0,72,103900,10236,511,542,21761,838,5,0.66,60.0,Medium
U500524,41,Self-Employed,147782,67772,40107,4349,1321350,1530059,1491362,48010,4347120,330949,150671,51889,603549,429,9,2.45,49.0,Medium
U500525,29,Student,10128,6915,3213,43372,22528,0,0,1596,65900,5110,5863,3533,18714,384,9,0.54,45.0,Medium
U500526,35,Salaried,129217,74754,37641,336277,54463,5804980,1314130,25025,7509850,600085,217336,266670,492460,350,11,4.84,53.0,Medium
U500527,55,Salaried,227031,121030,24123,1004793,1821718,1312528,3306213,98195,7445252,711627,484954,445209,983643,754,8,2.73,58.0,Medium
U500528,29,Salaried,161406,100220,30698,584413,1088500,5261810,1408818,2011,8343541,40622,8881,153481,1607857,685,5,4.31,53.0,Medium
U500529,37,Self-Employed,128220,53388,27268,320521,1028701,4626534,33293,12574,6009049,122064,268016,19416,1020412,686,9,3.91,60.0,Medium
U500530,59,Business,52662,24223,11398,240869,150645,1872554,120046,24229,2384114,81983,87312,27063,552026,736,11,3.77,68.0,Medium
U500531,44,Salaried,30332,20535,6866,171944,51868,1167556,13221,14156,1404589,80728,71004,5223,232157,782,8,3.86,64.0,Medium
U500532,56,Business,51309,29403,11624,44420,350784,1423832,13678,14943,1832714,17113,123831,110264,464698,766,6,2.98,61.0,Medium
U500533,58,Salaried,224072,154974,56921,657705,43808,3236402,1502119,12067,5440034,418538,273507,217926,1603273,557,10,2.02,58.0,Medium
U500534,38,Self-Employed,132080,62984,33710,589012,773177,6282779,1392202,19275,9037170,519030,4299,99544,682704,316,5,5.7,39.0,High
U500535,29,Self-Employed,215534,137639,69282,14439,6220,7842348,318499,17720,8181506,305936,226306,158103,955671,780,2,3.16,53.0,Medium
U500536,51,Salaried,23041,13414,3624,55846,57060,804785,60258,8960,977949,35820,1987,40900,142377,314,4,3.54,33.0,High
U500537,32,Salaried,94725,44805,13622,520268,485264,3929034,1058498,12707,5993064,186785,115624,102276,570023,420,9,5.27,46.0,Medium
U500538,58,Self-Employed,153078,93909,16169,727633,1468290,5771183,2154729,30755,10121835,181610,37763,90531,160996,602,9,5.51,46.0,Medium
U500539,24,Student,9302,7408,1894,23156,21003,0,0,1266,44159,11648,5432,2227,10838,583,5,0.4,42.0,Medium
U500540,26,Salaried,105106,53450,28287,393941,710459,2393657,1503733,16508,5001790,253562,138115,20217,366760,817,4,3.97,56.0,Medium
U500541,29,Salaried,117831,74562,19990,691969,786287,1914892,621388,15352,4014536,95034,34960,91302,257941,358,0,2.84,24.0,High
U500542,46,Salaried,167684,68557,52634,733996,1532467,2305361,2414885,62545,6986709,495344,139249,19973,1717207,647,6,3.47,59.0,Medium
U500543,57,Salaried,144806,60781,40821,436291,1194383,2994451,993535,21741,5618660,257759,24282,17168,721001,691,1,3.23,46.0,Medium
U500544,56,Salaried,222715,156080,73031,992204,1374629,8222362,424674,46301,11013869,563312,365554,124074,852700,783,4,4.12,58.0,Medium
U500545,59,Salaried,117884,55446,25088,259501,1104037,4011319,1725427,34448,7100284,105695,74137,168083,551718,420,9,5.02,46.0,Medium
U500546,48,Business,132602,82105,30467,722468,1073513,905056,662129,37966,3363166,473187,234043,220498,284886,622,8,2.11,55.0,Medium
U500547,28,Salaried,236555,148505,45708,1026012,581544,3712343,1479022,97296,6798921,291073,45840,13212,2276083,686,2,2.4,48.0,Medium
U500548,28,Student,9518,4947,4571,27813,19445,0,0,559,47258,6721,8,3218,11512,794,4,0.41,58.0,Medium
U500549,23,Student,17356,12963,4393,18377,33905,0,0,733,52282,2219,1493,1005,7505,773,8,0.25,55.0,Medium
U500550,55,Salaried,112463,70142,22712,211098,688095,4895607,461705,1092,6256505,35413,224068,118214,775821,681,5,4.64,52.0,Medium
U500551,54,Salaried,33794,18451,6621,167426,111288,347029,256750,6768,882493,25356,40136,56750,248062,786,7,2.18,60.0,Medium
U500552,28,Self-Employed,122060,80331,23236,227090,1139002,3771619,1068937,34775,6206648,126630,57198,17180,186666,735,8,4.24,53.0,Medium
U500553,39,Salaried,85303,63240,24469,364599,440261,647241,1140823,18044,2592924,169754,54650,119550,286466,784,0,2.53,48.0,Medium
U500554,59,Salaried,77178,53577,17464,58114,466667,2348188,1010391,23975,3883360,5694,32989,30552,174364,609,7,4.19,47.0,Medium
U500555,26,Business,123972,60709,35942,290793,153208,4737041,1254874,15984,6435916,272775,113152,8923,318632,630,0,4.33,41.0,Medium
U500556,35,Salaried,151646,103124,32734,266151,996518,1846706,744904,36942,3854279,128284,191833,23786,679910,669,2,2.12,44.0,Medium
U500557,36,Salaried,138733,60114,36959,782072,961574,4715234,907310,23326,7366190,238362,133953,114372,668280,655,4,4.42,50.0,Medium
U500558,36,Salaried,127871,59379,16446,99172,533175,2599106,277858,41408,3509311,334152,58327,46761,652844,398,0,2.29,28.0,High
U500559,24,Student,5581,3883,1698,12204,6375,0,0,1039,18579,110,257,704,9451,707,5,0.28,50.0,Medium
U500560,24,Business,136896,102159,42232,405971,978075,1811353,1530668,41328,4726067,266504,201278,90045,630981,441,5,2.88,45.0,Medium
U500561,35,Business,28955,20297,7920,47155,175166,304429,113694,12348,640444,12865,3766,14801,67170,781,0,1.84,45.0,Medium
U500562,46,Salaried,60536,28944,11033,322007,502538,2596673,294256,7282,3715474,126235,46925,31665,374499,830,1,5.11,50.0,Medium
U500563,52,Self-Employed,107769,56871,36669,337371,554734,3090526,1258823,23172,5241454,52320,42127,16139,321100,663,10,4.05,59.0,Medium
U500564,46,Self-Employed,186372,89366,51265,1072095,1301313,3416674,2502110,19079,8292192,621110,57643,3033,1047638,307,8,3.71,43.0,Medium
U500565,22,Student,12066,6447,5619,25740,25974,0,0,972,51714,932,954,1053,14452,814,3,0.36,56.0,Medium
U500566,21,Student,13211,8959,4252,30675,4192,0,0,300,34867,620,109,53,2481,542,3,0.22,39.0,High
U500567,46,Salaried,143710,60975,24896,194442,1247070,2072279,1280699,187,4794490,45085,58793,52608,255568,318,2,2.78,25.0,High
U500568,28,Self-Employed,59541,34233,18090,241404,376067,2168120,662908,7389,3448499,194840,85775,107454,278252,481,10,4.83,56.0,Medium
U500569,28,Salaried,246298,141407,28018,697838,322713,11728086,348782,81555,13097419,1196193,555239,57373,1391051,593,2,4.43,43.0,Medium
U500570,34,Self-Employed,219950,144480,24282,1177084,152164,1956871,460808,97871,3746927,32237,156380,127637,780141,847,6,1.42,53.0,Medium
U500571,38,Self-Employed,71811,31929,19381,61157,54583,855788,758982,23958,1730510,51570,20018,41002,132002,348,2,2.01,30.0,High
U500572,26,Self-Employed,225642,110536,78561,64578,1894966,8032664,2831231,77906,12823439,37089,127667,778,1109177,766,7,4.74,60.0,Medium
U500573,43,Business,59278,37874,9866,63039,373214,1702780,588378,20910,2727411,16219,78175,94689,374842,548,8,3.83,50.0,Medium
U500574,18,Student,16639,10385,6254,65518,37036,0,0,1298,102554,5780,1676,421,16396,312,4,0.51,34.0,High
U500575,29,Student,17616,12535,5081,65858,20103,0,0,2292,85961,71,884,366,8397,573,4,0.41,41.0,Medium
U500576,24,Salaried,133999,68085,45317,683718,696619,5382623,1809726,9776,8572686,275250,153415,236220,861785,723,6,5.33,61.0,Medium
U500577,22,Student,5775,2911,2864,29084,12671,0,0,186,41755,3263,1667,330,4679,726,4,0.6,55.0,Medium
U500578,42,Salaried,35010,24633,6121,205654,203900,44342,128264,11904,582160,61095,51022,30855,353725,712,0,1.39,47.0,Medium
U500579,56,Business,50120,23232,13536,12137,134470,1802089,461918,16097,2410614,91765,89568,49760,428083,812,2,4.01,57.0,Medium
U500580,49,Salaried,172075,105524,35865,615104,1120798,1889431,566840,48856,4192173,602129,149306,211116,854031,704,3,2.03,50.0,Medium
U500581,28,Student,9058,7075,1983,9888,11290,0,0,818,21178,461,58,63,2208,370,3,0.19,28.0,High
U500582,46,Salaried,79706,45053,12615,326497,359842,2348179,400741,14974,3435259,76319,48113,3608,157552,354,5,3.59,31.0,High
U500583,44,Salaried,221867,98512,38627,1226535,95372,6124757,3460300,70869,10906964,493436,1828,529599,1752404,487,7,4.1,48.0,Medium
U500584,37,Salaried,196143,124471,56166,870047,913889,274133,712725,68485,2770794,120978,20144,158833,972728,644,6,1.18,52.0,Medium
U500585,35,Salaried,172870,100455,17643,791800,117764,6788306,438131,35225,8136001,39573,30870,105083,1093304,562,5,3.92,41.0,Medium
U500586,53,Salaried,181425,131783,46899,799748,241539,3972828,884004,35831,5898119,74810,282330,136063,1105209,825,8,2.71,64.0,Medium
U500587,41,Salaried,242951,130822,40967,1130799,1478720,2724041,143974,66438,5477534,82626,181030,78505,591580,798,0,1.88,42.0,Medium
U500588,42,Self-Employed,35799,24583,12463,89976,46366,505165,197310,1122,838817,3135,20346,4255,258525,842,4,1.95,60.0,Medium
U500589,29,Salaried,68573,44120,15064,275823,655570,1700002,868494,14046,3499889,140456,4578,66486,227323,443,0,4.25,31.0,High
U500590,40,Business,105636,60855,11830,546663,153076,5050810,102961,12478,5853510,11691,147785,47414,811662,747,8,4.62,56.0,Medium
U500591,22,Student,8533,5769,2764,51552,18561,0,0,1256,70113,2547,1340,50,12876,531,9,0.68,50.0,Medium
U500592,18,Student,15302,9043,6259,45212,3049,0,0,2963,48261,6926,2449,2070,5966,677,11,0.26,61.0,Medium
U500593,23,Self-Employed,212898,130447,43151,365671,251696,5781855,684228,97807,7083450,190619,44501,28675,313690,811,10,2.77,59.0,Medium
U500594,45,Business,247088,169666,31462,1115256,459942,10196953,712030,28759,12484181,214733,437362,194618,1963959,453,11,4.21,51.0,Medium
U500595,28,Salaried,152742,86869,28890,776737,438410,3588776,1129506,9055,5933429,387112,266812,30323,1050058,795,10,3.24,65.0,Medium
U500596,22,Salaried,53248,33692,15739,23410,282027,615654,551898,26254,1472989,88892,73174,45751,219041,744,9,2.31,63.0,Medium
U500597,45,Salaried,198203,136566,44459,145416,445330,3877701,2706349,67304,7174796,376008,35480,212505,616698,728,11,3.02,61.0,Medium
U500598,33,Business,236760,118388,31544,835336,1754402,2899246,2096661,80809,7585645,139872,124148,175825,925742,848,6,2.67,54.0,Medium
U500599,55,Salaried,207717,116909,53961,203213,1134476,3974156,1327593,69307,6639438,432830,221145,75887,627718,644,3,2.66,46.0,Medium
U500600,34,Self-Employed,32311,15123,10454,155641,113942,1298445,218824,13956,1786852,66607,47011,22269,244887,718,0,4.61,51.0,Medium
U500601,50,Self-Employed,90310,58015,17126,416258,770891,4179715,1047175,1637,6414039,149217,5762,11635,243416,512,8,5.92,45.0,Medium
U500602,54,Self-Employed,141359,96340,24270,508900,86017,4287908,2164990,41943,7047815,160076,273273,78881,1268052,611,11,4.15,60.0,Medium
U500603,19,Student,12744,8280,4464,10188,20664,0,0,1229,30852,7058,4314,2054,16839,750,11,0.2,63.0,Medium
U500604,58,Salaried,116150,64929,31742,22104,536120,5251300,544889,56705,6354413,64346,63784,881,540362,428,6,4.56,42.0,Medium
U500605,44,Self-Employed,237135,99427,68621,36015,1522648,6020902,3819023,34003,11398588,129526,184163,60750,546626,368,3,4.01,34.0,High
U500606,20,Student,19839,10200,9639,85578,26208,0,0,1801,111786,4768,1528,3104,16534,393,6,0.47,44.0,Medium
U500607,37,Business,104636,45728,32245,5655,267304,2794287,1096142,50724,4163388,52487,63701,69564,384633,380,4,3.32,38.0,High
U500608,53,Salaried,153271,106067,43667,487100,947820,4688460,2076597,44213,8199977,176169,275570,284359,987943,787,3,4.46,57.0,Medium
U500609,27,Salaried,126627,68314,19693,391196,1044608,5031886,1415173,58639,7882863,5714,19528,6700,290736,836,4,5.19,49.0,Medium
U500610,37,Business,48741,35808,7681,165741,237652,1401558,221458,20361,2026409,88525,14980,43056,230784,332,5,3.46,34.0,High
U500611,53,Self-Employed,181341,87376,44181,866800,572500,8268499,1895782,43253,11603581,576284,132751,133931,641159,595,11,5.33,58.0,Medium
U500612,54,Business,99473,69212,22431,269637,482199,3401459,666873,46500,4820168,276428,157928,208167,491237,570,7,4.04,53.0,Medium
U500613,30,Business,57126,41047,9887,273260,450640,2688117,346194,3276,3758211,110568,23426,44644,434822,786,8,5.48,61.0,Medium
U500614,35,Self-Employed,235053,163750,64650,787249,707914,8369560,2402923,114608,12267646,105992,109358,101504,468996,399,9,4.35,44.0,Medium
U500615,23,Salaried,217239,162345,71698,845243,403040,10173967,2119846,39564,13542096,131322,393663,450558,1682263,801,8,5.19,68.0,Medium
U500616,34,Self-Employed,149756,69269,16434,570865,1381990,1935175,1593848,9103,5481878,95817,160358,235383,983153,678,7,3.05,52.0,Medium
U500617,49,Self-Employed,29827,20772,9283,170865,62330,791489,275205,1835,1299889,79550,7841,35426,84819,673,5,3.63,53.0,Medium
U500618,29,Self-Employed,174613,98085,53823,239594,378169,3525260,442679,81764,4585702,198172,164112,44330,615993,392,2,2.19,35.0,High
U500619,58,Salaried,78341,48721,18678,416399,393670,748887,429279,1686,1988235,338235,136134,6273,412785,595,5,2.11,51.0,Medium
U500620,38,Business,160226,75354,36172,776120,41266,7088189,378013,5014,8283588,550686,364249,74615,1011157,457,3,4.31,42.0,Medium
U500621,47,Salaried,248668,132058,46384,837655,2128681,10586031,3336308,41540,16888675,493771,272198,53624,1124256,759,6,5.66,54.0,Medium
U500622,50,Salaried,105648,69841,32512,504379,361760,3263180,51480,15229,4180799,305430,119843,57036,415520,571,5,3.3,50.0,Medium
U500623,39,Self-Employed,27444,19612,8187,123702,206764,442339,402735,2907,1175540,34496,16788,29094,79296,301,3,3.57,33.0,High
U500624,50,Business,201877,122172,23971,882786,1534136,1427491,173020,81729,4017433,998735,445284,25796,1247294,610,9,1.66,55.0,Medium
U500625,37,Business,145097,78746,44152,505708,663693,3903036,1002842,47336,6075279,277528,269460,185141,747012,840,4,3.49,60.0,Medium
U500626,32,Self-Employed,118127,54277,35059,696316,835758,5381022,1922200,44900,8835296,488336,119171,170105,750033,732,1,6.23,53.0,Medium
U500627,33,Business,214245,98177,31506,366311,2013007,2950842,3438369,13426,8768529,294916,63442,325614,1884719,446,10,3.41,50.0,Medium
U500628,20,Student,12373,10390,1983,37523,22474,0,0,2045,59997,231,154,9,3217,418,1,0.4,25.0,High
U500629,48,Salaried,207099,87928,65077,1169900,383725,6811608,172614,3645,8537847,16510,57848,17696,1779180,631,1,3.44,46.0,Medium
U500630,48,Business,187735,135387,63201,452925,671608,6241470,2694090,70831,10060093,291250,175257,233859,1063222,535,8,4.47,55.0,Medium
U500631,26,Salaried,92349,64481,26697,317412,445030,1557756,578980,923,2899178,162116,138600,77526,725174,560,4,2.62,50.0,Medium
U500632,37,Self-Employed,176863,100409,61300,286357,464860,7346889,1913847,75311,10011953,254275,38147,55048,742084,373,9,4.72,48.0,Medium
U500633,21,Student,15895,8892,7003,78491,37010,0,0,163,115501,1098,562,32,42561,774,0,0.61,50.0,Medium
U500634,19,Student,12067,8677,3390,65274,16521,0,0,1444,81795,677,3563,751,17558,499,6,0.56,42.0,Medium
U500635,44,Business,120321,52502,32507,133996,857011,4263088,1176887,56969,6430982,50217,46067,25412,309997,767,3,4.45,49.0,Medium
U500636,23,Salaried,107674,68865,22715,341004,618284,2624781,1593453,7594,5177522,24153,126923,103839,423300,467,2,4.01,35.0,High
U500637,42,Self-Employed,57822,23406,10474,264451,146781,1353130,595370,4899,2359732,13192,34017,77375,693190,627,5,3.4,52.0,Medium
U500638,32,Salaried,243556,127752,27539,594275,459188,1173110,1383705,946,3610278,265589,109197,155853,461178,509,9,1.24,43.0,Medium
U500639,24,Salaried,175626,112952,59382,200743,908183,1629055,444713,5499,3182694,236761,133979,109388,662269,644,10,1.51,60.0,Medium
U500640,46,Salaried,95979,44879,24125,423020,276108,4528612,1340850,1745,6568590,86312,174860,138308,606993,448,4,5.7,43.0,Medium
U500641,34,Business,134537,69037,39709,345910,1267093,5645889,1526531,9589,8785423,589268,340568,299027,619494,536,5,5.44,52.0,Medium
U500642,20,Student,5631,2945,2686,35779,8198,0,0,767,43977,6679,1643,3375,6891,439,0,0.65,38.0,High
U500643,33,Self-Employed,227961,122040,28622,571568,1442575,6127357,1420157,1777,9561657,220624,151643,333551,971961,681,2,3.5,42.0,Medium
U500644,22,Self-Employed,225531,150963,64518,589569,1392861,8553039,565151,4821,11100620,128819,50027,82439,329843,637,0,4.1,38.0,High
U500645,55,Self-Employed,242408,163254,75891,1331149,1930064,3381532,1600793,2530,8243538,133476,118419,356429,1414788,355,11,2.83,51.0,Medium
U500646,30,Self-Employed,129029,91877,18929,487134,856120,3771228,1626412,15752,6740894,52860,11285,48882,264586,566,1,4.35,33.0,High
U500647,29,Salaried,49329,22242,15573,50484,396189,1366801,93403,18092,1906877,49103,76555,59064,520944,592,4,3.22,54.0,Medium
U500648,19,Student,16943,12432,4511,12383,19073,0,0,1485,31456,4332,1178,2246,16814,662,5,0.15,46.0,Medium
U500649,25,Student,5123,3242,1881,22432,4379,0,0,562,26811,3574,1178,970,7501,799,9,0.44,63.0,Medium
U500650,26,Salaried,84568,39110,25166,401635,492655,24818,125534,949,1044642,132808,4091,125406,680724,600,5,1.03,53.0,Medium
U500651,46,Self-Employed,227943,133140,34059,1305906,88442,9468454,2924402,63115,13787204,1075752,343060,237471,1624102,396,2,5.04,37.0,High
U500652,35,Self-Employed,27616,11211,8696,161694,45564,1163703,20024,13500,1390985,23127,35349,26523,103843,301,9,4.2,44.0,Medium
U500653,26,Student,13583,11081,2502,69758,4832,0,0,2624,74590,320,330,40,2290,494,11,0.46,45.0,Medium
U500654,26,Self-Employed,241808,167135,62277,356307,1094930,10359842,3041588,59229,14852667,281155,192336,208637,1091149,611,10,5.12,57.0,Medium
U500655,44,Business,38683,22790,4367,60630,23428,1398804,450931,13893,1933793,5846,31564,52713,180631,431,5,4.17,36.0,High
U500656,27,Student,17458,10074,7384,121686,10598,0,0,3009,132284,15135,5057,7007,11563,717,5,0.63,55.0,Medium
U500657,40,Salaried,173093,86981,35325,832698,449217,6544816,444486,3901,8271217,32492,43363,22778,395762,680,8,3.98,51.0,Medium
U500658,26,Salaried,41996,24349,7918,132591,185764,747750,51709,7851,1117814,57062,29189,23390,59031,491,1,2.22,32.0,High
U500659,30,Self-Employed,204169,117948,30778,1074919,317998,2917709,2623110,34690,6933736,214266,29190,109903,343489,742,1,2.83,40.0,Medium
U500660,23,Self-Employed,101836,41272,20970,484124,656732,4313935,1545658,34915,7000449,340645,190566,30726,417488,793,11,5.73,66.0,Medium
U500661,31,Self-Employed,203761,83556,62350,368436,1103575,1663186,3179625,17310,6314822,640185,409154,66875,1678344,487,10,2.58,59.0,Medium
U500662,23,Student,11129,8967,2162,79453,26590,0,0,1096,106043,131,60,439,3779,677,5,0.79,43.0,Medium
U500663,48,Business,140473,57786,24543,638394,1342756,3780261,1553565,37881,7314976,211770,27327,108881,404055,666,11,4.34,56.0,Medium
U500664,27,Student,5006,4134,872,22633,8394,0,0,164,31027,1723,956,121,9848,799,6,0.52,51.0,Medium
U500665,41,Self-Employed,118686,83537,18297,434007,382303,3163082,125482,31196,4104874,191341,180968,87387,531022,710,2,2.88,45.0,Medium
U500666,41,Salaried,149160,64103,22473,320455,199563,5568426,1782034,30490,7870478,36364,260821,160948,1171708,619,1,4.4,42.0,Medium
U500667,20,Student,18219,11181,7038,124780,42483,0,0,779,167263,2108,2772,5881,38018,509,7,0.77,48.0,Medium
U500668,32,Salaried,214872,111259,29353,156675,1864409,2035453,924755,18670,4981292,899848,317971,221525,1226936,665,11,1.93,61.0,Medium
U500669,32,Salaried,47613,22317,16276,122639,334839,1830169,91528,22793,2379175,41072,16673,24105,50902,438,4,4.16,39.0,High
U500670,49,Salaried,229171,110305,27270,561676,1090017,4451773,1452318,5585,7555784,1021985,487130,138490,1109791,750,2,2.75,48.0,Medium
U500671,19,Student,15246,7880,7366,63899,4743,0,0,2030,68642,7946,2023,5482,27526,594,1,0.38,45.0,Medium
U500672,34,Business,89400,41416,17658,167363,537012,579661,1350397,35401,2634433,246540,102304,106331,296514,793,10,2.46,63.0,Medium
U500673,42,Salaried,111779,80483,18777,346457,787597,1748777,178659,37286,3061490,7990,79845,32823,357584,783,9,2.28,57.0,Medium
U500674,28,Student,8283,4860,3423,39041,14542,0,0,134,53583,837,284,124,1080,524,3,0.54,41.0,Medium
U500675,21,Student,18197,10451,7746,40454,20834,0,0,261,61288,15210,6595,4292,12924,458,6,0.28,46.0,Medium
U500676,56,Self-Employed,80462,40666,23967,288822,502099,1813317,929007,990,3533245,49874,72921,40123,208270,691,10,3.66,59.0,Medium
U500677,28,Student,8032,6777,1255,878,12306,0,0,928,13184,929,3634,2062,12386,827,8,0.14,55.0,Medium
U500678,26,Self-Employed,129069,88940,16937,235009,600253,4091132,1000093,59511,5926487,16935,7187,1041,523380,332,9,3.83,37.0,High
U500679,49,Self-Employed,92272,61940,10864,385139,454038,4322495,615604,28658,5777276,49112,110412,154674,491553,526,8,5.22,46.0,Medium
U500680,43,Salaried,220561,129755,71735,71065,791521,3528189,1190742,53617,5581517,291617,547249,344097,1933055,334,10,2.11,54.0,Medium
U500681,40,Self-Employed,122833,50403,36064,77129,616564,1319925,933844,48775,2947462,124685,283224,290276,1016808,478,8,2.0,55.0,Medium
U500682,33,Self-Employed,64364,41449,19146,192204,113560,2600521,66572,17028,2972857,168610,65106,100616,197600,631,0,3.85,43.0,Medium
U500683,22,Student,11513,8442,3071,52515,27110,0,0,907,79625,2109,116,4600,16388,360,5,0.58,34.0,High
U500684,53,Salaried,66476,32993,16084,96421,507249,2213205,912664,25788,3729539,61973,76987,25743,422963,822,6,4.68,60.0,Medium
U500685,51,Salaried,50517,24312,17336,71964,35631,471989,41808,3258,621392,15224,40102,9165,171014,782,1,1.03,50.0,Medium
U500686,55,Salaried,237575,131741,81325,965894,944319,7660586,3961676,83946,13532475,145427,573,335028,1383040,456,4,4.75,44.0,Medium
U500687,58,Business,154889,72858,34913,508093,1134200,6653610,601150,33459,8897053,32958,64767,256501,1038999,634,5,4.79,50.0,Medium
U500688,32,Self-Employed,249396,159522,57948,878454,2240341,5950663,3827363,14688,12896821,235893,255813,51107,1075270,678,6,4.31,51.0,Medium
U500689,22,Student,7396,5845,1551,10952,8242,0,0,725,19194,574,3326,3015,16347,341,5,0.22,32.0,High
U500690,50,Salaried,111880,47745,12033,311796,317257,2101822,378049,5164,3108924,108087,172304,291846,925798,368,11,2.32,48.0,Medium
U500691,38,Salaried,27693,14556,9263,36915,257620,309837,147595,7789,751967,112351,27155,39592,185037,767,10,2.26,71.0,Low
U500692,33,Self-Employed,105405,74516,19161,30774,928355,3871691,1759654,33642,6590474,464733,147814,96351,522010,844,5,5.21,59.0,Medium
U500693,29,Self-Employed,43585,19514,5975,44643,156325,672241,497887,901,1371096,61439,68215,64901,316875,712,7,2.62,56.0,Medium
U500694,41,Salaried,57900,24067,19901,79770,241466,1454313,59814,27204,1835363,101718,741,45259,126500,539,6,2.64,48.0,Medium
U500695,25,Salaried,68195,33735,11029,157678,356086,2467242,453210,15781,3434216,58466,943,46648,276699,620,2,4.2,39.0,High
U500696,41,Salaried,49017,27926,15773,276372,407756,1700040,642532,10875,3026700,161369,44719,95789,180986,812,5,5.15,61.0,Medium
U500697,42,Salaried,71291,32078,10487,386278,361905,2243272,890551,29370,3882006,245785,26777,97831,476405,311,7,4.54,40.0,Medium
U500698,53,Self-Employed,189448,142025,59112,523125,169769,4806107,1375013,92140,6874014,3924,115370,27064,916866,495,5,3.02,44.0,Medium
U500699,33,Salaried,156819,104436,43665,9928,95716,1556613,1246812,77213,2909069,657913,163316,291359,786352,357,4,1.55,41.0,Medium
U500700,22,Student,16108,12259,3849,75972,21870,0,0,1288,97842,8203,8578,9445,24108,683,5,0.51,47.0,Medium
U500701,25,Student,12298,7289,5009,83409,16107,0,0,805,99516,5963,1284,1759,13061,462,11,0.67,53.0,Medium
U500702,30,Student,10408,6818,3590,13024,6771,0,0,565,19795,3084,2041,157,5707,399,6,0.16,39.0,High
U500703,51,Self-Employed,181046,102978,43283,311300,328198,4110441,232283,68263,4982222,311723,295989,28582,1189726,492,2,2.29,40.0,Medium
U500704,57,Salaried,183925,89648,57448,218644,1486603,2038251,1491539,47301,5235037,355054,129369,239227,515212,444,3,2.37,40.0,Medium
U500705,27,Self-Employed,184993,120503,45637,759563,782560,8551161,791951,39254,10885235,7957,89993,75823,561888,438,0,4.9,30.0,High
U500706,59,Self-Employed,204616,125187,27551,3583,203528,7773872,3364415,93521,11345398,13179,7678,77473,1148898,537,3,4.62,37.0,High
U500707,50,Salaried,51119,34601,17779,127784,85461,1438405,484376,11379,2136026,220975,61736,89093,354899,412,6,3.48,51.0,Medium
U500708,46,Self-Employed,199636,128778,54732,1160055,1537252,8342355,2243303,32103,13282965,294867,88652,428989,1747120,539,5,5.54,51.0,Medium
U500709,24,Salaried,31677,22014,6514,122926,50343,509277,488759,2188,1171305,20478,32717,49256,146424,353,10,3.08,45.0,Medium
U500710,41,Salaried,76537,31150,22426,180105,348517,1215798,145492,3114,1889912,15591,72862,8439,365446,795,2,2.06,51.0,Medium
U500711,53,Salaried,91061,56384,18827,435599,445204,463379,474054,26307,1818236,296757,102022,164481,418756,436,5,1.66,43.0,Medium
U500712,27,Salaried,212041,85692,29232,776302,408051,2907297,1011661,104907,5103311,114971,519682,270809,1823497,662,2,2.01,46.0,Medium
U500713,39,Salaried,115950,69306,18839,212986,493522,3731135,694151,47235,5131794,397086,145114,59724,497374,763,2,3.69,48.0,Medium
U500714,22,Salaried,23490,11651,2586,133149,45844,798606,180317,929,1157916,2809,47451,3009,222691,498,2,4.11,37.0,High
U500715,44,Self-Employed,55871,23367,8985,307183,146494,1883066,761175,22396,3097918,18881,36983,29201,124757,762,10,4.62,57.0,Medium
U500716,38,Salaried,35859,15356,10290,178762,225415,572479,495845,3716,1472501,30694,15761,4505,159877,549,5,3.42,46.0,Medium
U500717,53,Salaried,224590,111981,52854,459320,1591184,5270456,724566,99818,8045526,394698,148269,353298,899039,440,9,2.99,48.0,Medium
U500718,48,Salaried,53643,26720,18215,209224,388923,1887209,364518,6862,2849874,118701,75598,101002,326217,486,7,4.43,53.0,Medium
U500719,38,Salaried,128929,75709,40177,287668,1097716,3860972,1329800,36312,6576156,62451,19146,30717,201385,732,0,4.25,43.0,Medium
U500720,22,Business,247960,172308,77396,430641,1898482,5427279,1170340,90459,8926742,88670,63718,112264,445097,322,2,3.0,30.0,High
U500721,28,Self-Employed,187559,90600,23620,449376,448958,7146149,3117018,93527,11161501,249769,364645,48753,1422674,831,3,4.96,53.0,Medium
U500722,52,Self-Employed,93906,63803,9471,296878,789162,1631113,338994,24922,3056147,168736,144939,168543,509392,796,11,2.71,63.0,Medium
U500723,25,Student,11862,7167,4695,42336,3414,0,0,1860,45750,10412,7699,7928,14414,408,5,0.32,42.0,Medium
U500724,42,Salaried,167968,77269,20621,401811,137898,6552711,2467973,81970,9560393,93948,87001,35266,318459,736,9,4.74,52.0,Medium
U500725,27,Student,19871,13969,5902,139959,19152,0,0,3532,159111,823,2531,4209,18073,678,1,0.67,41.0,Medium
U500726,29,Student,18643,14078,4565,105864,19395,0,0,889,125259,24527,12583,5092,20951,766,3,0.56,48.0,Medium
U500727,53,Salaried,73904,46875,23566,184563,339906,3452260,46610,18815,4023339,5880,68943,57617,306553,413,5,4.54,41.0,Medium
U500728,26,Student,16447,10670,5777,54535,7934,0,0,2188,62469,9090,5693,8408,23120,709,3,0.32,49.0,Medium
U500729,27,Student,16407,10159,6248,61995,33610,0,0,2675,95605,8524,1492,1692,41218,607,0,0.49,41.0,Medium
U500730,51,Self-Employed,145178,79740,31858,143562,977894,791764,2267162,27618,4180382,245299,126642,287987,959920,712,11,2.4,65.0,Medium
U500731,35,Business,31367,20720,5232,101277,108262,475158,457257,5935,1141954,111589,65259,57460,198424,777,2,3.03,53.0,Medium
U500732,58,Self-Employed,128911,70726,26598,78536,92876,4333803,394226,58874,4899441,103186,117605,137073,750045,307,9,3.17,42.0,Medium
U500733,25,Student,8943,6928,2015,18021,698,0,0,466,18719,694,328,3356,16215,679,9,0.17,53.0,Medium
U500734,22,Salaried,192292,93248,42882,1091969,436958,27108,1763875,19335,3319910,162227,55745,44279,240364,768,1,1.44,43.0,Medium
U500735,34,Salaried,204923,92928,25407,31494,1721858,4919944,729168,84143,7402464,99466,141627,11337,711725,540,8,3.01,44.0,Medium
U500736,33,Salaried,83233,50435,28674,431754,328791,3136687,918459,38942,4815691,75058,16006,16254,236929,348,4,4.82,37.0,High
U500737,53,Salaried,222882,111077,36241,1002123,1011012,1801703,3566005,90284,7380843,441496,331386,231366,914849,549,5,2.76,44.0,Medium
U500738,45,Self-Employed,79933,33357,20749,324778,237815,1291085,459904,35572,2313582,333861,11078,7990,496933,471,9,2.41,52.0,Medium
U500739,27,Self-Employed,102266,57960,10270,592657,650792,1382320,145963,12409,2771732,117266,90553,28512,297870,819,11,2.26,60.0,Medium
U500740,59,Self-Employed,57242,38267,14032,293327,184760,2630548,347120,8139,3455755,130960,127442,90954,453210,349,8,5.03,48.0,Medium
U500741,55,Self-Employed,87444,53064,12227,208030,434028,285612,1370143,43108,2297813,63265,113987,23369,997503,758,0,2.19,48.0,Medium
U500742,42,Self-Employed,74513,34233,20225,142987,304958,3338562,1131238,19754,4917745,24590,145779,6833,644697,733,9,5.5,64.0,Medium
U500743,58,Self-Employed,224687,92936,38604,1145531,1840209,2666023,2103471,92681,7755234,343117,456216,194346,1563003,398,10,2.88,49.0,Medium
U500744,45,Self-Employed,115052,70849,29509,566882,538245,602664,1876451,53282,3584242,341002,212674,65420,464945,668,2,2.6,48.0,Medium
U500745,27,Student,7914,5413,2501,51483,10192,0,0,531,61675,1778,1034,681,10109,408,2,0.65,33.0,High
U500746,35,Salaried,54386,28050,5887,131890,198146,1675679,897142,9194,2902857,178795,34094,57130,303912,457,4,4.45,38.0,High
U500747,57,Business,77051,45110,10514,325769,397486,1623225,579627,24867,2926107,162771,85459,85131,324197,746,6,3.16,53.0,Medium
U500748,20,Student,10366,7094,3272,29005,18192,0,0,460,47197,2357,4044,4670,14320,656,3,0.38,45.0,Medium
U500749,53,Self-Employed,165694,94403,16599,432930,1144756,5018323,1042845,27338,7638854,301651,175834,145049,697773,371,5,3.84,34.0,High
U500750,37,Self-Employed,233432,170071,79530,70034,1922098,8709795,576317,31875,11278244,210289,134554,62993,398599,758,5,4.03,54.0,Medium
U500751,53,Business,167541,121516,30985,878110,461313,6596550,1166718,60477,9102691,88973,133198,909,1432105,831,3,4.53,54.0,Medium
U500752,23,Student,17070,10502,6568,39556,16910,0,0,2774,56466,12755,921,2447,24505,425,6,0.28,43.0,Medium
U500753,19,Student,8178,4464,3714,33483,558,0,0,1319,34041,4513,5156,2266,15357,479,6,0.35,48.0,Medium
U500754,32,Salaried,234549,168640,47236,493413,2046896,9595088,4163433,69214,16298830,414272,148124,126272,1255023,781,9,5.79,61.0,Medium
U500755,44,Business,24619,14598,3646,98521,83849,951855,396414,7857,1530639,60171,49129,25981,186447,421,3,5.18,38.0,High
U500756,42,Business,159062,104869,37658,559697,1160333,2940109,758613,18258,5418752,19285,76346,63037,246997,459,1,2.84,31.0,High
U500757,59,Salaried,205595,115994,47061,24323,1448915,1432820,2874405,1841,5780463,818144,441325,259453,1073356,647,3,2.34,50.0,Medium
U500758,28,Salaried,96069,60765,26159,54263,757702,339034,735680,30173,1886679,50318,142241,36322,540722,807,9,1.64,64.0,Medium
U500759,26,Student,5303,3518,1785,12032,9260,0,0,203,21292,947,484,198,880,654,2,0.33,42.0,Medium
U500760,43,Salaried,72227,33924,10523,73467,687014,319657,65055,23762,1145193,87692,21599,30122,205396,362,0,1.32,24.0,High
U500761,56,Business,76175,34552,24973,159664,438920,467022,11539,10495,1077145,122504,64471,89006,169708,440,2,1.18,38.0,High
U500762,23,Student,18806,10264,8542,35852,42282,0,0,2361,78134,2491,1616,2386,5487,753,5,0.35,56.0,Medium
U500763,25,Salaried,173912,118291,53897,592203,735559,6503215,2099011,21595,9929988,582093,75382,430240,1314686,346,1,4.76,38.0,High
U500764,58,Self-Employed,198774,115374,60146,61008,525161,4889417,2578043,8242,8053629,315275,7594,88297,527670,836,10,3.38,66.0,Medium
U500765,33,Salaried,91871,62961,26357,288668,130277,2724472,185545,37222,3328962,13447,102097,90202,715671,388,1,3.02,36.0,High
U500766,31,Business,228797,142305,43803,266941,1604566,4857489,1445936,39972,8174932,1040841,167532,296253,1131716,691,3,2.98,50.0,Medium
U500767,49,Business,40863,18933,9073,200357,272121,1867611,673703,6971,3013792,14071,38130,15327,147070,365,3,6.15,32.0,High
U500768,24,Student,17067,10990,6077,71794,16930,0,0,2986,88724,978,1146,701,11673,347,3,0.43,32.0,High
U500769,56,Salaried,215053,124853,68635,969712,486536,6017693,2728909,94490,10202850,939109,141353,320564,1369434,828,6,3.95,66.0,Medium
U500770,37,Salaried,202647,90645,55682,1012914,1588089,8794482,852532,52450,12248017,1081564,551026,107406,1119228,678,8,5.04,63.0,Medium
U500771,58,Salaried,83934,43656,13160,3659,212311,2061830,1482517,15005,3760317,141873,73092,9807,849244,632,2,3.73,46.0,Medium
U500772,36,Business,249290,99830,76928,80381,1459969,7252158,1563097,98501,10355605,272516,326818,326954,1784474,372,11,3.46,54.0,Medium
U500773,52,Salaried,244322,136096,41688,1206659,300144,197050,277394,15998,1981247,157750,100558,270326,1128348,767,9,0.68,58.0,Medium
U500774,53,Self-Employed,97256,65615,14981,41670,437535,1253019,813933,37387,2546157,428347,91675,72989,646657,603,8,2.18,54.0,Medium
U500775,59,Self-Employed,84315,51392,11842,81032,345369,4038184,275522,19366,4740107,30860,24271,144,799643,487,5,4.68,42.0,Medium
U500776,56,Salaried,225663,104491,71009,1061705,143052,3811597,3462372,67400,8478726,96934,155179,73299,527226,481,11,3.13,52.0,Medium
U500777,51,Salaried,239280,141486,65782,33184,908092,4628665,1088676,50679,6658617,704142,193819,293160,691137,643,4,2.32,49.0,Medium
U500778,28,Self-Employed,241092,138827,26016,1341752,806874,6933937,4279376,16708,13361939,724100,162307,209987,925575,477,0,4.62,30.0,High
U500779,27,Student,13279,10100,3179,29845,21931,0,0,216,51776,14556,6451,4745,14096,481,11,0.32,49.0,Medium
U500780,58,Salaried,92538,68085,23334,310512,663752,4109945,288651,35317,5372860,87273,167807,20845,638837,616,6,4.84,52.0,Medium
U500781,51,Salaried,94710,68018,25079,548878,78202,1057201,315126,26037,1999407,243547,152046,167659,298953,396,5,1.76,41.0,Medium
U500782,18,Student,19015,14440,4575,1076,16057,0,0,3291,17133,569,5055,6334,42101,416,9,0.08,43.0,Medium
U500783,53,Self-Employed,226948,119931,35438,824619,934950,7643299,2621167,100834,12024035,668193,298856,312007,1876800,333,9,4.42,46.0,Medium
U500784,54,Self-Employed,170084,92726,25253,906753,441715,5640946,2687139,67134,9676553,164108,168044,152212,466325,712,4,4.74,46.0,Medium
U500785,29,Business,77268,40958,24892,649,209824,3004971,592263,35934,3807707,101738,13281,75378,378730,749,1,4.11,50.0,Medium
U500786,26,Student,15559,9740,5819,3453,22831,0,0,2398,26284,9883,5041,3622,8016,381,0,0.14,30.0,High
U500787,33,Salaried,161362,83704,23928,877745,1512500,3196168,2728428,57559,8314841,538986,80037,16630,905421,827,3,4.29,52.0,Medium
U500788,40,Salaried,50769,37019,15709,252812,286656,1183828,54957,11645,1778253,31249,21211,23337,133435,531,0,2.92,36.0,High
U500789,29,Self-Employed,139471,71213,28684,308192,99001,1456372,1454783,30420,3318348,61315,173127,201372,986951,698,1,1.98,46.0,Medium
U500790,27,Self-Employed,89981,65613,14079,161172,572435,600545,113693,22508,1447845,71906,254,12380,277147,422,5,1.34,35.0,High
U500791,40,Self-Employed,84009,35258,26922,453620,17489,1538112,925564,41792,2934785,230284,64510,80510,449309,664,0,2.91,47.0,Medium
U500792,55,Salaried,70936,36021,15185,90359,49318,3395643,1118821,22801,4654141,307218,22761,144683,432785,817,3,5.47,57.0,Medium
U500793,43,Salaried,221104,108083,74499,134069,1513847,4500523,2909990,40163,9058429,199661,477212,129879,1628856,680,2,3.41,52.0,Medium
U500794,56,Business,108193,53582,34106,566431,31599,3588838,827643,12677,5014511,67612,33437,209567,1034521,807,3,3.86,60.0,Medium
U500795,35,Business,200211,97709,68228,240460,1274843,8449674,96529,78972,10061506,108170,2064,113520,749586,388,9,4.19,47.0,Medium
U500796,56,Salaried,84361,45198,12566,241645,445232,3428763,1264393,23116,5380033,64935,141329,26231,520473,381,3,5.31,33.0,High
U500797,35,Salaried,86809,54206,9413,291479,251797,1534986,836131,21998,2914393,111482,153824,8352,500002,663,11,2.8,57.0,Medium
U500798,39,Salaried,221556,103850,73751,741456,381540,2414511,3374063,103877,6911570,222288,237310,271143,679701,768,6,2.6,59.0,Medium
U500799,30,Student,12607,6550,6057,21897,12493,0,0,557,34390,4827,1284,1703,8225,778,7,0.23,62.0,Medium
U500800,23,Student,17471,13104,4367,19139,14358,0,0,2869,33497,65,46,4,203,781,4,0.16,48.0,Medium
U500801,38,Salaried,229235,148169,54513,1031806,1504845,2459642,3946764,101513,8943057,179676,60384,1988,483640,579,6,3.25,45.0,Medium
U500802,51,Self-Employed,160243,115487,27248,281584,1268461,3894402,1101818,10242,6546265,897750,344734,266402,740107,665,9,3.4,60.0,Medium
U500803,55,Salaried,45693,29964,12031,29384,3846,283770,723667,6953,1040667,77027,75923,49523,361605,312,3,1.9,37.0,High
U500804,57,Salaried,118250,68183,22102,648276,1592,4147184,1382657,22845,6179709,224599,125017,7249,395544,467,11,4.35,49.0,Medium
U500805,25,Student,17546,14391,3155,28733,853,0,0,2517,29586,3443,957,1418,9254,732,10,0.14,54.0,Medium
U500806,47,Salaried,175120,127359,41963,990225,1106710,2592753,2988105,18133,7677793,159050,87835,20657,442065,616,3,3.65,42.0,Medium
U500807,50,Salaried,160737,70107,28022,351732,816936,5658830,43536,53717,6871034,494622,71973,319779,1104706,428,9,3.56,49.0,Medium
U500808,57,Self-Employed,112400,53390,21093,495812,969090,1801490,1527296,2911,4793688,449288,29189,178498,777160,659,5,3.55,53.0,Medium
U500809,29,Student,10341,5568,4773,51043,13974,0,0,1608,65017,3823,308,1015,7499,420,8,0.52,48.0,Medium
U500810,23,Business,117027,73427,21659,527382,511603,4286687,1130389,52685,6456061,165094,109053,11430,351027,725,4,4.6,48.0,Medium
U500811,51,Salaried,122126,61761,20710,369737,985001,1472817,610469,4087,3438024,79333,205870,161192,641917,598,10,2.35,55.0,Medium
U500812,50,Self-Employed,42059,23937,5269,32008,131537,1591590,612555,4785,2367690,37293,1991,49638,400294,687,4,4.69,49.0,Medium
U500813,20,Student,12525,8635,3890,68559,13482,0,0,1888,82041,12736,8353,798,20790,414,0,0.55,31.0,High
U500814,57,Salaried,223286,104171,48883,1140254,1858591,8986381,3562667,82889,15547893,65204,2614,248688,1878845,825,1,5.8,51.0,Medium
U500815,33,Salaried,137709,57448,39636,38085,753734,5013709,1329275,37043,7134803,205683,134604,128574,1480394,731,4,4.32,59.0,Medium
U500816,23,Student,6424,4687,1737,42068,4668,0,0,1021,46736,1658,18,720,5206,485,10,0.61,47.0,Medium
U500817,52,Salaried,130958,73423,31614,169407,214440,2702484,34781,9902,3121112,40745,5032,24626,360072,427,4,1.99,35.0,High
U500818,41,Salaried,45608,32884,12227,166677,210151,705952,649301,4616,1732081,159336,86816,54681,183115,422,10,3.16,52.0,Medium
U500819,31,Salaried,48137,20805,13611,232273,428254,402811,140364,13618,1203702,79692,13777,24953,96603,343,7,2.08,39.0,High
U500820,18,Student,12828,10118,2710,54144,30081,0,0,1394,84225,4366,7601,1784,26679,780,9,0.55,57.0,Medium
U500821,35,Self-Employed,68713,49791,16868,301942,26601,2993858,1095749,29045,4418150,115999,21864,34674,396704,828,2,5.36,53.0,Medium
U500822,26,Self-Employed,151030,95116,50748,388932,121937,2300112,2541990,8595,5352971,72231,33169,180849,1352617,835,10,2.95,72.0,Low
U500823,57,Salaried,125794,52415,14707,132565,1047382,851018,692877,54774,2723842,227585,91931,13268,308183,718,4,1.8,45.0,Medium
U500824,24,Business,151513,86763,40784,72350,1175527,1169453,2271307,71078,4688637,119329,5591,87723,1392975,309,2,2.58,34.0,High
U500825,40,Salaried,122028,50562,20486,237700,462779,181241,2072154,48469,2953874,148498,97775,306342,1130516,468,9,2.02,52.0,Medium
U500826,26,Student,6795,4552,2243,28943,11321,0,0,570,40264,1792,146,677,4015,515,4,0.49,40.0,Medium
U500827,57,Business,34362,22389,8828,91147,66325,157509,208769,15666,523750,56196,1356,11281,421334,501,0,1.27,42.0,Medium
U500828,56,Business,78477,42942,21775,196750,639641,213306,47079,21106,1096776,206298,100819,87607,718427,347,4,1.16,42.0,Medium
U500829,36,Self-Employed,43224,28676,8024,13133,303292,257271,80379,2795,654075,9660,26306,91215,376495,435,6,1.26,44.0,Medium
U500830,23,Salaried,78796,38660,24567,374636,206479,2113549,528499,21789,3223163,65175,96314,90022,287338,783,11,3.41,67.0,Medium
U500831,31,Business,80942,45087,21325,19507,431763,2928774,1238375,29627,4618419,77140,17803,12398,95164,800,4,4.75,51.0,Medium
U500832,57,Self-Employed,101869,74141,21966,444838,562746,3157002,1027509,47169,5192095,124259,9955,18471,472140,336,7,4.25,38.0,High
U500833,43,Salaried,172731,85763,34078,348289,682110,1660613,1712502,70666,4403514,119203,73151,94853,228456,687,7,2.12,49.0,Medium
U500834,57,Salaried,188115,84572,37324,1108437,1299193,8949231,2740115,70424,14096976,525654,239111,196424,1244255,799,4,6.24,56.0,Medium
U500835,57,Self-Employed,41051,18444,6350,210439,10476,1843783,406377,1575,2471075,174753,84581,86071,226466,815,11,5.02,69.0,Medium
U500836,34,Salaried,166904,88768,56274,436972,1550369,3799675,2233258,49811,8020274,5977,57918,59593,288774,683,10,4.0,59.0,Medium
U500837,39,Business,126612,71139,21086,322224,399332,5028464,621450,47072,6371470,262009,11444,282219,1257192,505,0,4.19,39.0,High
U500838,40,Salaried,154596,92140,49248,209173,931597,1750259,1325576,57162,4216605,345467,269685,53884,989753,743,5,2.27,59.0,Medium
U500839,29,Salaried,99490,69582,14207,188190,712298,2262356,1384180,29536,4547024,95161,108439,94413,463340,628,1,3.81,39.0,High
U500840,48,Business,44783,21478,6819,73166,21533,1153436,44591,20233,1292726,206587,27569,15416,348756,719,6,2.41,56.0,Medium
U500841,32,Salaried,211939,102071,22673,222392,221280,490817,3550882,104269,4485371,484540,256566,488327,1484998,677,7,1.76,54.0,Medium
U500842,50,Salaried,89317,46059,21644,421412,247757,2085681,728600,10672,3483450,211967,59970,1195,526730,523,11,3.25,56.0,Medium
U500843,52,Salaried,138919,71294,26192,4823,649168,1724432,1441285,65228,3819708,260343,146175,121567,801812,785,11,2.29,65.0,Medium
U500844,37,Self-Employed,176532,129046,28892,561635,122994,6060764,2052791,37286,8798184,107904,302376,373519,1193129,566,3,4.15,43.0,Medium
U500845,54,Business,116271,70902,18399,579327,400511,5360623,854046,15845,7194507,115903,162211,100655,624340,444,3,5.16,36.0,High
U500846,57,Business,172074,107079,59168,581219,628785,2299214,1947482,72867,5456700,22769,12448,88436,477793,446,6,2.64,43.0,Medium
U500847,29,Salaried,67413,27386,9512,87951,420009,695691,644549,28138,1848200,96739,66798,50534,193611,546,10,2.28,49.0,Medium
U500848,48,Business,57139,25353,17883,150338,121953,1512440,379508,22838,2164239,191995,17579,3576,413166,849,3,3.16,60.0,Medium
U500849,23,Salaried,218463,125510,64582,1250972,1771327,4532678,2505666,37818,10060643,260579,80657,104140,952825,557,10,3.84,55.0,Medium
U500850,54,Self-Employed,224666,132399,30160,1137239,443669,7392650,2585818,56417,11559376,192430,163966,190432,1169118,313,9,4.29,39.0,High
U500851,47,Self-Employed,28856,20515,5941,65859,80898,1122570,323754,2519,1593081,72375,9282,23272,87695,774,3,4.6,50.0,Medium
U500852,56,Self-Employed,221781,131528,76594,803339,1106895,4506045,745016,9480,7161295,496028,436261,343521,1715773,777,5,2.69,64.0,Medium
U500853,54,Business,84611,47010,29167,456704,333887,876259,251508,21626,1918358,409032,1691,21963,615411,341,3,1.89,41.0,Medium
U500854,43,Business,46416,19864,15203,108262,29874,885875,444815,19943,1468826,55723,23208,45910,317479,359,11,2.64,53.0,Medium
U500855,24,Student,18483,14703,3780,64895,14039,0,0,3228,78934,8896,6326,5373,16068,816,2,0.36,46.0,Medium
U500856,29,Student,7282,6096,1186,16919,8702,0,0,1139,25621,5224,636,3647,9576,569,0,0.29,31.0,High
U500857,32,Self-Employed,70149,41398,8915,187377,542112,1174042,720189,32814,2623720,7749,47174,55588,178347,550,4,3.12,37.0,High
U500858,32,Salaried,73275,36288,10392,161163,584782,274219,1300981,11930,2321145,146004,81356,32905,464437,305,4,2.64,32.0,High
U500859,42,Salaried,241647,142128,73037,984163,676481,2026577,1680937,105579,5368158,112991,1125,45828,437694,627,1,1.85,40.0,Medium
U500860,29,Self-Employed,136607,94110,21829,500221,607468,2071571,1802999,30438,4982259,390304,179843,37492,464644,458,8,3.04,44.0,Medium
U500861,54,Business,212414,140482,69560,1209173,1857115,3396602,706014,3522,7168904,192441,88622,29426,264694,486,3,2.81,39.0,High
U500862,23,Salaried,47748,31133,6739,117457,434763,1564334,439259,4757,2555813,78588,59151,71861,268795,716,1,4.46,44.0,Medium
U500863,33,Salaried,199195,87786,38442,1091770,1787367,4775662,1924416,3938,9579215,402077,256489,202593,1478750,843,8,4.01,65.0,Medium
U500864,20,Student,17275,13290,3985,88848,10123,0,0,151,98971,6015,1869,1516,6475,537,4,0.48,38.0,High
U500865,41,Salaried,152866,84814,49854,719929,128733,2135992,1622015,25460,4606669,632441,164987,134971,988194,492,3,2.51,47.0,Medium
U500866,37,Salaried,212375,117592,62721,1232053,692259,5248834,1444702,66626,8617848,331290,359333,150809,1033682,696,11,3.38,65.0,Medium
U500867,23,Salaried,132759,73097,24375,243118,426656,5619977,2054552,34686,8344303,166666,74208,38357,197581,343,6,5.24,34.0,High
U500868,41,Self-Employed,63617,47635,10309,53455,210279,1661942,414580,24599,2340256,125701,28750,40614,180585,670,2,3.07,42.0,Medium
U500869,28,Student,16816,12484,4332,107894,28123,0,0,2305,136017,20942,4482,4628,30260,606,4,0.67,44.0,Medium
U500870,41,Self-Employed,100560,47017,12344,269251,612624,617712,985064,23848,2484651,168924,134088,116851,660303,382,7,2.06,41.0,Medium
U500871,33,Business,208250,118299,69294,439044,1473165,2214963,2224644,90763,6351816,228372,12995,68044,362593,333,0,2.54,28.0,High
U500872,54,Salaried,231437,99216,57294,231733,1904489,6623333,1883987,89989,10643542,1155026,481120,233615,1147904,302,9,3.83,47.0,Medium
U500873,31,Salaried,171832,81416,46527,55981,338843,7902091,2045453,81241,10342368,572039,167577,104834,639107,551,1,5.02,41.0,Medium
U500874,28,Self-Employed,142496,92882,42637,312100,656985,2585822,931918,69184,4486825,345431,119614,179134,616674,650,7,2.62,56.0,Medium
U500875,23,Student,18275,12181,6094,21057,7142,0,0,1308,28199,13476,300,4618,16141,720,3,0.13,48.0,Medium
U500876,54,Salaried,43596,19503,8243,95560,41963,1485408,309007,2390,1931938,137599,46251,87688,287599,413,0,3.69,34.0,High
U500877,49,Self-Employed,218477,123645,46165,1021767,958320,7778398,2976415,34462,12734900,436258,60359,80760,1720576,515,9,4.86,52.0,Medium
U500878,37,Self-Employed,164971,97419,39069,875599,1407474,205806,28272,52521,2517151,198267,76954,176464,650360,632,2,1.27,43.0,Medium
U500879,23,Business,21285,9233,4398,14157,35125,108317,100290,5129,257889,23969,8819,16787,61172,644,11,1.01,56.0,Medium
U500880,21,Student,13126,8999,4127,55477,25461,0,0,895,80938,3037,143,995,6636,566,6,0.51,45.0,Medium
U500881,27,Business,215043,155034,36766,676885,1955069,5870365,8538,36187,8510857,422379,146777,250742,1327949,515,5,3.3,44.0,Medium
U500882,36,Salaried,215660,153044,70464,1148596,1075768,5245240,408671,17413,7878275,78515,249773,271274,1031440,475,3,3.04,42.0,Medium
U500883,57,Salaried,118164,75801,24493,509073,754747,4526433,1540435,49112,7330688,299605,127188,137522,634395,428,8,5.17,47.0,Medium
U500884,24,Salaried,177126,72354,22144,374247,14354,5952898,3012567,25374,9354066,251618,145806,171091,431243,740,6,4.4,50.0,Medium
U500885,48,Self-Employed,176310,128735,27766,333522,243966,832793,280488,63559,1690769,120374,120903,133816,574850,431,1,0.8,29.0,High
U500886,28,Salaried,67095,33851,15514,350947,413104,2139293,1140512,9621,4043856,53013,50142,2403,274829,750,7,5.02,55.0,Medium
U500887,40,Salaried,159471,118896,24161,813885,1514790,7371711,420737,36557,10121123,23566,22794,40832,592026,323,6,5.29,32.0,High
U500888,29,Student,18038,11278,6760,115047,3144,0,0,2598,118191,6203,3047,2926,8898,499,8,0.55,48.0,Medium
U500889,53,Salaried,111664,55477,18049,640714,634068,2337095,1786488,13080,5398365,129241,7146,21864,293930,528,4,4.03,37.0,High
U500890,52,Self-Employed,118237,70601,15620,390221,735677,5088453,1332532,3890,7546883,305524,56244,115114,1171746,411,3,5.32,38.0,High
U500891,30,Salaried,153634,105350,43245,448728,572713,5856568,2327561,6908,9205570,718164,242292,242702,791663,413,3,4.99,43.0,Medium
U500892,30,Salaried,58751,28038,15438,255823,265628,2541467,841126,11274,3904044,21716,34780,67533,394021,459,7,5.54,47.0,Medium
U500893,42,Salaried,72715,38051,22407,172469,205938,1509476,1176144,25150,3064027,148656,58576,53199,351072,634,6,3.51,54.0,Medium
U500894,31,Business,150848,68534,30080,768021,377657,2016706,1484741,7483,4647125,254598,180596,105034,659946,705,10,2.57,59.0,Medium
U500895,44,Salaried,116893,73718,21659,622748,966134,2331128,1613154,43527,5533164,150084,4162,64798,188795,739,11,3.94,58.0,Medium
U500896,58,Self-Employed,107665,44029,18109,524691,652005,960130,313433,45133,2450259,78914,83273,78116,484089,794,0,1.9,44.0,Medium
U500897,46,Self-Employed,198847,116463,20243,1153973,1295483,1193439,2618884,37802,6261779,182268,3957,294565,1260898,621,10,2.62,53.0,Medium
U500898,35,Salaried,59972,39082,14895,83003,549597,2513742,269817,29155,3416159,22942,8880,8008,175507,382,9,4.75,42.0,Medium
U500899,37,Self-Employed,35162,16514,11494,163242,75622,1590095,267888,12454,2096847,59053,44251,41103,128814,521,5,4.97,48.0,Medium
U500900,22,Salaried,93520,49708,13649,144671,238148,4202360,483629,15259,5068808,162862,29359,202231,770463,766,11,4.52,65.0,Medium
U500901,34,Salaried,72456,45962,15724,194420,455350,803503,402054,31772,1855327,218178,15794,27328,453833,440,1,2.13,36.0,High
U500902,44,Salaried,111121,50072,36543,483203,659971,3200909,1233940,43854,5578023,21133,52147,2793,679317,803,10,4.18,67.0,Medium
U500903,28,Salaried,104570,56682,21814,155328,460470,1948518,447774,45708,3012090,314468,75985,132050,277967,325,3,2.4,32.0,High
U500904,31,Salaried,174874,113993,31043,831734,197457,2542490,668882,50204,4240563,384862,34108,138296,427710,614,7,2.02,48.0,Medium
U500905,57,Salaried,217182,88859,32333,911033,1358619,8390473,3043567,26721,13703692,471372,19634,239730,1156437,557,8,5.26,49.0,Medium
U500906,25,Student,16104,11330,4774,88601,37902,0,0,3165,126503,8582,7204,440,20254,744,1,0.65,45.0,Medium
U500907,45,Business,213323,151381,67738,132904,1520912,8490296,3507244,101635,13651356,642498,49449,293815,993250,798,10,5.33,68.0,Medium
U500908,49,Business,161894,86210,54227,416762,1282743,6861694,1833430,80472,10394629,13523,45551,52914,405437,676,9,5.35,57.0,Medium
U500909,32,Self-Employed,115564,48657,21986,84208,660316,5497997,1328069,7372,7570590,191747,132977,260757,985466,748,11,5.46,67.0,Medium
U500910,21,Student,6978,5808,1170,19412,12918,0,0,1110,32330,5046,3053,3332,6243,600,9,0.39,48.0,Medium
U500911,23,Salaried,25369,16767,6196,41599,151080,1202294,316229,3627,1711202,40576,5033,4935,129392,846,5,5.62,58.0,Medium
U500912,50,Business,176082,95928,55708,158940,198779,8368397,1988205,64658,10714321,108479,127801,91151,735647,621,5,5.07,50.0,Medium
U500913,44,Self-Employed,33066,23068,8620,151963,2900,1584638,466561,4644,2206062,64917,31382,7251,61973,761,3,5.56,50.0,Medium
U500914,34,Self-Employed,228705,156856,74005,445674,302287,9687173,2070459,65362,12505593,658020,187531,178456,1270242,623,0,4.56,45.0,Medium
U500915,27,Business,95179,56847,17166,309992,689966,2187633,685201,44313,3872792,279250,196978,29587,720597,430,3,3.39,40.0,Medium
U500916,30,Student,7680,4076,3604,2400,9476,0,0,1458,11876,1494,597,160,6028,314,8,0.13,44.0,Medium
U500917,35,Self-Employed,43365,30620,15158,159194,328458,34489,456049,10425,978190,119793,67511,10939,336158,592,3,1.88,52.0,Medium
U500918,28,Salaried,187828,132285,32629,889485,488616,81728,1403022,40483,2862851,724837,219714,183230,1068592,410,4,1.27,39.0,High
U500919,43,Self-Employed,69516,36395,23638,62086,10872,234873,1230867,30306,1538698,11797,93615,23157,420022,726,6,1.84,58.0,Medium
U500920,25,Salaried,179179,112548,40862,395497,773391,6288174,829752,28519,8286814,63923,64494,64999,1743463,777,5,3.85,57.0,Medium
U500921,49,Business,69092,47890,18106,168322,36221,761225,539587,1111,1505355,31022,36445,34161,118335,834,0,1.82,46.0,Medium
U500922,20,Student,6628,5290,1338,7363,2945,0,0,223,10308,2357,1388,1146,9261,465,5,0.13,36.0,High
U500923,41,Salaried,56397,25753,19280,170778,380308,1240625,844660,13089,2636371,97046,82308,88902,396440,701,9,3.9,66.0,Medium
U500924,26,Salaried,211221,157052,49846,814893,863322,8011566,2259025,85142,11948806,357643,103525,203262,1249533,498,8,4.71,50.0,Medium
U500925,35,Self-Employed,206645,136156,42820,527547,1822824,6836328,1316533,31398,10503232,129906,200147,332713,1039380,661,3,4.24,46.0,Medium
U500926,42,Business,180498,128312,60001,811885,1514461,5497634,2428388,83318,10252368,156018,90589,128234,355143,317,11,4.73,46.0,Medium
U500927,50,Salaried,144158,97248,26151,556733,1001247,4956841,626157,43346,7140978,25946,144485,16115,719619,832,7,4.13,58.0,Medium
U500928,30,Salaried,97461,62182,16560,35613,675976,1226947,693553,15514,2632089,114759,137448,70445,991845,715,3,2.25,52.0,Medium
U500929,48,Salaried,28403,14535,3430,148632,215901,823819,418486,12274,1606838,39222,12499,10776,50687,787,7,4.71,52.0,Medium
U500930,18,Student,8942,7303,1639,17649,845,0,0,410,18494,57,285,327,1843,599,2,0.17,35.0,High
U500931,41,Business,178806,125155,59367,972974,674854,6383949,2498562,16948,10530339,438799,19711,91021,1456129,503,1,4.91,43.0,Medium
U500932,31,Self-Employed,140055,89656,20953,281480,130329,1990053,557607,3981,2959469,337836,19977,40757,759377,668,6,1.76,50.0,Medium
U500933,48,Self-Employed,60010,31587,20068,162443,397735,2136597,1007732,12127,3704507,41522,118289,113054,418042,652,8,5.14,61.0,Medium
U500934,58,Salaried,71865,48176,17904,338599,259072,2709666,415851,30157,3723188,89567,131198,2074,521172,448,9,4.32,51.0,Medium
U500935,39,Self-Employed,37460,17148,5467,78970,154903,1136372,635686,15467,2005931,103314,57044,7131,149299,586,5,4.46,45.0,Medium
U500936,48,Salaried,67737,29617,22338,111492,540689,763004,23278,32724,1438463,131038,17374,4246,278665,680,8,1.77,58.0,Medium
U500937,57,Salaried,116702,70647,27487,609838,1060792,4209772,1236652,169,7117054,140008,179287,142075,506072,438,2,5.08,37.0,High
U500938,56,Self-Employed,111156,78365,27818,149542,881353,5315711,1679375,38407,8025981,191437,126011,224151,692899,833,6,6.02,62.0,Medium
U500939,25,Salaried,211102,118480,46401,1007938,1280724,9903117,1155313,67229,13347092,236099,157193,66286,344453,758,4,5.27,49.0,Medium
U500940,22,Salaried,68972,46721,9317,235649,389742,1225013,701223,24041,2551627,390582,57206,47358,496926,836,11,3.08,69.0,Medium
U500941,20,Student,12366,9648,2718,73118,9148,0,0,2029,82266,1791,5063,2143,31551,589,2,0.55,38.0,High
U500942,38,Salaried,105962,58906,23883,62379,1008392,1443242,268965,22180,2782978,107389,153780,77766,435014,580,0,2.19,38.0,High
U500943,34,Business,101404,54478,14619,548365,178555,3978904,818929,33945,5524753,50606,6388,66340,328380,706,2,4.54,41.0,Medium
U500944,30,Salaried,148721,89610,47380,95075,767238,1034816,1656416,60338,3553545,310378,146732,49018,317212,545,4,1.99,45.0,Medium
U500945,53,Business,52045,33403,9943,259623,97289,1162785,71209,23287,1590906,106761,44064,43312,448876,371,11,2.55,51.0,Medium
U500946,47,Self-Employed,103529,57820,28105,505196,155021,857281,193905,23663,1711403,9932,53287,239355,993967,498,2,1.38,44.0,Medium
U500947,53,Self-Employed,44877,25411,6034,86635,107748,780517,791257,3185,1766157,152898,375,84765,276219,643,11,3.28,59.0,Medium
U500948,31,Salaried,36498,20616,6684,196809,123775,1500986,611558,6954,2433128,23128,38432,35861,121428,669,2,5.56,42.0,Medium
U500949,46,Salaried,74424,49948,26047,433180,146124,1164579,1160925,11652,2904808,112846,115111,45262,355699,841,7,3.25,66.0,Medium
U500950,37,Self-Employed,185627,112837,60547,721974,1015789,3850582,2345611,88257,7933956,975629,364188,415626,766613,552,3,3.56,50.0,Medium
U500951,32,Salaried,231898,98081,77583,434582,2006218,7805438,3881194,108677,14127432,52345,188996,380135,1304312,788,9,5.08,66.0,Medium
U500952,47,Self-Employed,244594,179426,68919,1145194,557792,3709640,784053,27198,6196679,181064,107062,59035,648409,567,9,2.11,52.0,Medium
U500953,53,Self-Employed,32356,18441,6534,41085,83884,1235963,184698,11303,1545630,10225,31080,2042,181761,470,1,3.98,34.0,High
U500954,36,Salaried,85831,46117,28938,28010,19415,592685,1092491,36708,1732601,69915,138142,129436,586407,652,0,1.68,48.0,Medium
U500955,27,Self-Employed,113058,62785,21859,502372,113689,4037355,1575401,44000,6228817,72839,106938,71714,368339,671,0,4.59,39.0,High
U500956,38,Salaried,40095,21848,5015,127837,127631,422476,433651,8183,1111595,24697,77044,79707,285754,665,5,2.31,50.0,Medium
U500957,30,Student,12552,9421,3131,72187,18294,0,0,660,90481,1751,1042,449,3849,448,4,0.6,34.0,High
U500958,53,Salaried,228907,126719,73963,1181651,556188,5878962,2526874,110296,10143675,417118,331550,215227,926310,545,3,3.69,46.0,Medium
U500959,45,Self-Employed,51849,36438,14662,242426,288756,694247,819674,24925,2045103,11328,81470,70588,313408,810,2,3.29,54.0,Medium
U500960,50,Salaried,151374,70798,28938,852227,879340,4680132,1848486,39210,8260185,253642,341772,250488,999675,423,2,4.55,38.0,High
U500961,44,Salaried,207296,88618,59179,1027696,374780,7451850,2132166,38955,10986492,116083,94643,537194,2038316,334,2,4.42,38.0,High
U500962,35,Self-Employed,41324,18693,8428,32534,267604,608245,706722,1202,1615105,48465,3805,40485,305704,445,1,3.26,35.0,High
U500963,40,Self-Employed,114989,64146,25958,192588,586679,170396,218586,20076,1168249,20740,37091,17436,310788,630,11,0.85,55.0,Medium
U500964,59,Self-Employed,146582,79775,26510,708980,1054406,358672,1173162,19655,3295220,391662,190274,49726,402161,699,0,1.87,41.0,Medium
U500965,35,Self-Employed,155029,72273,51221,673907,901706,3414098,2400413,48218,7390124,432692,76993,170051,1101115,845,1,3.97,58.0,Medium
U500966,39,Self-Employed,116804,59622,17775,342455,259053,5513275,946917,14187,7061700,281259,265655,114908,979257,603,8,5.04,55.0,Medium
U500967,19,Student,19686,9972,9714,40456,9516,0,0,1067,49972,1229,3494,712,14564,328,6,0.21,42.0,Medium
U500968,40,Salaried,244282,126500,49242,365581,738620,8358427,929462,116498,10392090,185566,248514,213659,609755,718,6,3.55,51.0,Medium
U500969,56,Self-Employed,26003,15357,3381,79192,9249,750986,452737,1255,1292164,41874,21955,24197,220379,330,2,4.14,31.0,High
U500970,32,Salaried,194172,101850,27173,25220,525879,206986,2852270,36988,3610355,232533,440306,474275,1421916,824,5,1.55,58.0,Medium
U500971,54,Salaried,194725,125321,49340,624023,705465,2784289,3314180,88963,7427957,262737,19883,106163,318256,554,10,3.18,51.0,Medium
U500972,19,Student,19027,15526,3501,85866,28982,0,0,228,114848,10159,9110,3709,37833,580,1,0.5,35.0,High
U500973,39,Business,243131,169086,34830,994258,2317559,7319466,355261,120535,10986544,427393,142896,41098,1411366,840,4,3.77,53.0,Medium
U500974,53,Self-Employed,184415,127183,21193,83994,229217,1249493,573091,35810,2135795,808048,435337,293405,952249,809,1,0.97,50.0,Medium
U500975,33,Self-Employed,65608,31282,6824,316553,84940,1426944,245310,21675,2073747,83780,54089,58859,222588,348,8,2.63,37.0,High
U500976,23,Salaried,112257,65505,32343,665448,786435,2128142,1183070,43195,4763095,240706,26288,23422,694456,534,3,3.54,44.0,Medium
U500977,57,Self-Employed,218220,96240,40131,274136,1179733,9332548,273696,24414,11060113,240200,313239,378743,1120857,420,6,4.22,42.0,Medium
U500978,38,Salaried,90014,50805,12422,314403,66348,4210762,950130,36213,5541643,186159,4753,95522,356608,391,3,5.13,32.0,High
U500979,27,Self-Employed,112675,64011,33095,46546,374816,2092567,1817061,20989,4330990,291868,23822,74986,669258,392,1,3.2,36.0,High
U500980,48,Business,205752,82986,62490,321563,1386879,4243450,2199916,52891,8151808,19143,341397,489977,2001130,602,3,3.3,52.0,Medium
U500981,50,Salaried,240353,135446,58609,1229404,1569942,10525501,4058403,86337,17383250,268163,139300,11647,854934,308,6,6.03,36.0,High
U500982,51,Business,178077,77145,28741,459345,657000,8087336,1749464,44380,10953145,294058,72216,142692,376093,419,2,5.13,30.0,High
U500983,51,Salaried,46387,34063,5173,30300,379751,1719823,559506,13275,2689380,73415,49049,74387,315242,552,8,4.83,49.0,Medium
U500984,28,Salaried,24293,14943,7641,141244,230201,69587,89844,6261,530876,69238,61478,14971,194640,811,3,1.82,61.0,Medium
U500985,45,Salaried,99399,40452,24247,410564,883327,225135,1028867,13062,2547893,479148,251934,85262,490843,807,10,2.14,69.0,Medium
U500986,52,Salaried,238866,114425,41765,706114,2037314,7219406,1507227,96670,11470061,257977,44647,85917,316796,330,11,4.0,41.0,Medium
U500987,49,Salaried,94287,50570,22591,279613,114941,2627521,1445929,4583,4468004,332234,140492,132453,270465,726,5,3.95,54.0,Medium
U500988,26,Student,16695,10457,6238,57585,20055,0,0,1396,77640,16725,4164,8485,13610,808,4,0.39,55.0,Medium
U500989,29,Student,11216,9079,2137,31460,2706,0,0,1980,34166,5007,313,955,6827,529,8,0.25,43.0,Medium
U500990,23,Student,16608,12390,4218,97014,3828,0,0,3185,100842,2470,931,571,4530,650,7,0.51,48.0,Medium
U500991,46,Self-Employed,98434,58351,31575,546986,70074,381684,1490787,31962,2489531,228716,14465,69809,430104,735,1,2.11,49.0,Medium
U500992,20,Student,15688,12287,3401,60598,12572,0,0,916,73170,16256,3783,535,24095,341,1,0.39,26.0,High
U500993,40,Salaried,127304,62589,25050,119238,1077690,1116796,1097070,14333,3410794,296702,18405,40588,756011,690,8,2.23,56.0,Medium
U500994,55,Self-Employed,169765,79344,38133,29117,75128,2876260,2499012,36946,5479517,60877,51864,71714,398245,837,10,2.69,62.0,Medium
U500995,46,Salaried,96685,71875,21491,92430,275109,3044758,1701160,34559,5113457,338868,57719,37848,785265,557,8,4.41,55.0,Medium
U500996,51,Salaried,101674,51974,17722,101144,406934,256889,449726,33502,1214693,200926,215843,257094,724306,810,2,1.0,54.0,Medium
U500997,53,Self-Employed,80568,40755,22623,273416,437767,407611,70553,2196,1189347,345614,20939,23817,493202,530,10,1.23,57.0,Medium
U500998,28,Student,14118,8700,5418,74552,19841,0,0,2445,94393,15082,2682,4405,16541,529,2,0.56,41.0,Medium
U500999,22,Salaried,186497,108996,36363,542476,712179,3923556,1111987,17483,6290198,274411,72692,142644,350680,820,7,2.81,56.0,Medium
U501000,18,Student,12058,6758,5300,29132,5779,0,0,2118,34911,3359,526,1642,36733,786,7,0.24,62.0,Medium
U501001,39,Business,166323,118243,23409,572219,746919,5513591,394222,30998,7226951,425274,286636,40964,750567,596,2,3.62,40.0,Medium
U501002,43,Self-Employed,190461,105433,24147,402515,1303533,6765215,822729,87438,9293992,260302,57738,87681,306901,708,2,4.07,40.0,Medium
U501003,41,Salaried,126698,76173,28644,564902,362982,371074,225348,18405,1524306,190927,119486,92882,588113,366,6,1.0,40.0,Medium
U501004,50,Business,30467,12847,8295,107280,50399,41131,203940,795,402750,47868,36130,43651,143232,457,4,1.1,42.0,Medium
U501005,31,Salaried,227154,105689,26103,238491,349291,5923292,603364,106597,7114438,923736,9775,25584,1889109,391,11,2.61,49.0,Medium
U501006,38,Self-Employed,133419,85329,39470,794607,150610,2615264,1434446,5152,4994927,70537,255,28988,286602,396,5,3.12,37.0,High
U501007,47,Self-Employed,178708,131784,30163,96617,385336,3436594,1086063,86179,5004610,226086,239813,108663,883715,531,7,2.33,46.0,Medium
U501008,43,Salaried,61393,31671,14606,148096,332581,2487414,772208,2027,3740299,120488,6959,101103,290828,356,2,5.08,33.0,High
U501009,20,Student,16566,13630,2936,83025,2624,0,0,1183,85649,10121,8446,7472,22554,344,6,0.43,33.0,High
U501010,39,Self-Employed,77805,50218,9968,411526,340290,1929170,880337,3423,3561323,200800,62463,6522,338994,440,1,3.81,31.0,High
U501011,54,Salaried,67140,43151,22003,137696,268060,1539957,429554,4612,2375267,52711,34873,109962,453979,368,4,2.95,41.0,Medium
U501012,51,Business,31177,16311,4828,36947,182507,1142199,184502,4154,1546155,68972,7432,27189,98757,600,10,4.13,52.0,Medium
U501013,57,Self-Employed,38621,26248,5126,172185,341183,1578529,177585,9675,2269482,90366,5030,7349,231081,368,6,4.9,37.0,High
U501014,29,Student,15515,8578,6937,37700,19464,0,0,2198,57164,15798,8657,5797,14019,726,9,0.31,63.0,Medium
U501015,52,Salaried,224404,111951,35483,719926,2022773,10710980,3747860,7223,17201539,822309,291531,210840,1369519,468,6,6.39,45.0,Medium
U501016,30,Self-Employed,154193,99154,32087,411847,395626,6131563,2105507,24158,9044543,243907,57038,239064,802309,579,11,4.89,57.0,Medium
U501017,26,Business,69460,31743,12784,69136,298135,2539939,261395,24616,3168605,238648,36285,105606,479921,325,2,3.8,33.0,High
U501018,52,Salaried,26443,16211,4982,24976,77674,13145,267786,8991,383581,6327,17851,3364,68646,708,7,1.21,50.0,Medium
U501019,26,Business,49975,21993,10471,204230,308713,2269870,720724,21721,3503537,200658,94798,24432,230385,362,7,5.84,43.0,Medium
U501020,44,Salaried,197012,108570,40593,88932,1400604,238104,950430,92586,2678070,97019,73362,153368,746920,523,0,1.13,33.0,High
U501021,26,Self-Employed,154338,74263,23680,86805,1109409,4126365,1730380,45325,7052959,420760,210718,75593,448054,827,4,3.81,52.0,Medium
U501022,56,Business,79996,45008,19536,87829,172507,914740,646674,23762,1821750,259681,141845,9394,309660,331,11,1.9,48.0,Medium
U501023,38,Self-Employed,249753,127665,80135,7963,1713569,6517704,979979,124059,9219215,254547,207628,413960,1982728,678,3,3.08,54.0,Medium
U501024,49,Salaried,138559,68355,39486,488340,1155191,4552436,1825318,24202,8021285,451572,109672,44275,701518,613,9,4.82,58.0,Medium
U501025,46,Business,89223,51686,26291,150279,601627,2559851,1340026,36216,4651783,376095,22589,148281,417951,626,8,4.34,58.0,Medium
U501026,46,Business,118563,47596,37541,115607,232143,1399816,994078,25322,2741644,397951,154774,52129,415589,609,0,1.93,43.0,Medium
U501027,34,Salaried,115149,80604,19262,472719,691346,4962283,650059,14447,6776407,46380,58011,6614,615990,438,10,4.9,46.0,Medium
U501028,53,Salaried,112111,69634,33176,344961,899334,3695808,1638687,5712,6578790,105665,57498,197326,784315,409,5,4.89,44.0,Medium
U501029,22,Student,14150,9419,4731,50674,4176,0,0,2058,54850,2106,376,612,17798,476,9,0.32,48.0,Medium
U501030,43,Salaried,89856,45113,12277,439542,548586,1072879,1349542,16812,3410549,1872,180990,42827,855973,417,1,3.16,34.0,High
U501031,51,Self-Employed,136637,94992,33169,32338,188515,2020743,875631,137,3117227,501349,268914,212879,684672,384,10,1.9,51.0,Medium
U501032,44,Salaried,58076,25669,13198,143668,54139,1611712,989585,26195,2799104,168639,44650,78935,212606,672,3,4.02,48.0,Medium
U501033,47,Business,218899,135473,49290,598319,365051,8220584,2931225,94736,12115179,1062353,200458,72906,1385669,453,1,4.61,39.0,High
U501034,23,Student,8299,4227,4072,24006,18782,0,0,631,42788,500,191,242,2794,660,2,0.43,48.0,Medium
U501035,42,Business,114075,66479,36121,518551,333505,3204125,420531,14473,4476712,33357,42711,27814,385736,626,3,3.27,45.0,Medium
U501036,40,Salaried,138213,82926,21442,31448,512689,6097207,223216,16574,6864560,183182,112631,116822,550576,328,8,4.14,38.0,High
U501037,44,Business,124109,68196,41985,248797,801813,1721516,211536,37584,2983662,532458,155698,78636,762446,472,1,2.0,43.0,Medium
U501038,52,Business,110546,63593,26886,544263,399489,4496165,1889731,10826,7329648,163743,117785,96794,279567,447,11,5.53,50.0,Medium
U501039,54,Self-Employed,227072,99611,53772,1358432,1128700,7379645,1659932,82895,11526709,130022,27408,121923,370657,616,0,4.23,36.0,High
U501040,57,Self-Employed,146564,80463,17691,180054,913035,3932164,2397851,47998,7423104,367230,89114,75853,708272,539,5,4.22,42.0,Medium
U501041,49,Business,129708,85221,25347,740982,1116318,4253285,1433898,41527,7544483,323959,4559,98541,579173,694,0,4.85,42.0,Medium
U501042,37,Business,245262,169456,37595,956586,975543,4299451,2864970,57581,9096550,652217,279360,283037,535711,381,8,3.09,40.0,Medium
U501043,53,Business,183779,119247,40647,958131,1517329,8296649,209534,69396,10981643,722526,55096,57125,1201235,388,1,4.98,35.0,High
U501044,52,Business,191069,93279,28830,952009,713293,7096782,2128831,53742,10890915,794666,110976,400784,911749,721,2,4.75,48.0,Medium
U501045,28,Salaried,152338,111395,19554,298256,592496,594580,1857224,68978,3342556,208358,400829,9949,1416444,534,1,1.83,39.0,High
U501046,51,Business,31584,16021,9691,76542,212309,614889,186564,13288,1090304,11682,17682,33686,293785,767,6,2.88,62.0,Medium
U501047,48,Salaried,209825,128166,47745,1120270,1816083,7658214,1311039,104490,11905606,147374,15936,163875,1020387,699,2,4.73,45.0,Medium
U501048,35,Self-Employed,134065,69646,23816,703786,114981,56921,1778647,13143,2654335,63118,1276,1192,362243,454,2,1.65,31.0,High
U501049,58,Business,26148,18641,7602,54030,104671,600425,452141,10329,1211267,92363,35507,47484,125853,495,5,3.86,48.0,Medium
U501050,45,Business,205042,151781,69753,750989,1145977,8342312,98011,81112,10337289,807450,382062,303891,721413,526,2,4.2,46.0,Medium
U501051,27,Business,88399,40743,22528,433391,407175,3602308,830132,17463,5273006,222088,37887,112739,272219,427,5,4.97,41.0,Medium
U501052,26,Salaried,106680,43251,28774,52761,320965,191886,1314808,40146,1880420,214682,121905,10623,327560,543,9,1.47,52.0,Medium
U501053,55,Business,108385,50808,20010,474678,281937,4838886,1638561,955,7234062,381243,168666,33627,607904,482,0,5.56,35.0,High
U501054,28,Student,14214,10964,3250,32366,31996,0,0,1538,64362,4571,1203,1414,9886,400,11,0.38,44.0,Medium
U501055,29,Student,15290,10628,4662,51560,2931,0,0,1803,54491,6720,5060,5440,26338,377,6,0.3,39.0,High
U501056,53,Self-Employed,238780,163049,59813,795360,1236765,8247105,2006203,68476,12285433,788702,133685,264332,1152710,840,3,4.29,57.0,Medium
U501057,59,Salaried,88711,39168,14192,514912,292241,599268,386365,28819,1792786,11713,81362,108222,415162,817,9,1.68,60.0,Medium
U501058,56,Salaried,161678,65802,35086,357932,747731,1371316,2281976,41627,4758955,240413,2502,121989,1790196,498,9,2.45,54.0,Medium
U501059,25,Self-Employed,200347,99914,44231,1151555,1410148,3778034,2713123,27895,9052860,138323,138079,18019,744216,346,7,3.77,38.0,High
U501060,18,Student,17927,9209,8718,10102,22400,0,0,2060,32502,6037,3336,5068,28835,781,8,0.15,65.0,Medium
U501061,48,Self-Employed,105506,55534,25136,596560,664091,2186726,208947,35231,3656324,301193,215465,260164,646886,372,8,2.89,48.0,Medium
U501062,42,Self-Employed,222362,123864,58811,557006,822259,8245645,3064872,96686,12689782,316712,188886,204931,798088,772,8,4.76,60.0,Medium
U501063,41,Business,92525,43190,30344,37399,720964,1400931,413993,5887,2573287,119538,83230,100063,426249,358,7,2.32,44.0,Medium
U501064,31,Business,248222,179711,72357,336429,674938,4324315,3360936,110779,8696618,434223,342747,161799,1565245,809,9,2.92,67.0,Medium
U501065,24,Student,10558,7855,2703,33995,23944,0,0,2029,57939,2146,825,1723,29407,499,7,0.46,44.0,Medium
U501066,29,Student,15671,7908,7763,83329,17247,0,0,1884,100576,12124,4034,2787,12015,602,7,0.53,55.0,Medium
U501067,21,Student,6778,4674,2104,34875,8295,0,0,853,43170,6203,3167,683,6704,350,6,0.53,37.0,High
U501068,34,Self-Employed,61538,44299,10500,92463,146556,39004,329764,11712,607787,185756,74349,92385,311517,571,4,0.82,45.0,Medium
U501069,39,Self-Employed,39054,24542,5425,112948,261403,73206,564356,5779,1011913,53087,13118,27328,76030,396,11,2.16,43.0,Medium
U501070,56,Self-Employed,113773,77226,27720,605074,1026749,3141442,2004713,40288,6777978,457069,13898,71973,862195,493,10,4.96,56.0,Medium
U501071,43,Salaried,234675,167625,73870,162343,1850631,9902047,809495,8785,12724516,941283,148172,436386,932088,430,6,4.52,47.0,Medium
U501072,53,Salaried,47972,27685,5308,144010,221447,1659090,620194,13973,2644741,78854,16125,30150,470458,495,2,4.59,38.0,High
U501073,41,Business,214156,151964,43766,1263472,1118676,7390571,549732,23331,10322451,198323,460692,33176,1715943,537,10,4.02,55.0,Medium
U501074,48,Self-Employed,27328,18755,2786,70195,128469,786897,366260,7714,1351821,51100,2217,24216,70921,816,6,4.12,52.0,Medium
U501075,41,Business,145874,109120,32092,389884,559360,211043,715596,57228,1875883,71528,136335,58634,628490,456,10,1.07,48.0,Medium
U501076,58,Self-Employed,29743,17687,10162,151878,199281,972551,496130,12268,1819840,42720,26525,23072,55516,547,6,5.1,49.0,Medium
U501077,43,Salaried,222840,89355,60971,841625,598062,2259858,1366197,63915,5065742,288495,272985,353933,881883,721,0,1.89,46.0,Medium
U501078,29,Student,8526,6869,1657,13817,12286,0,0,145,26103,231,56,30,1022,324,9,0.26,35.0,High
U501079,23,Business,150637,97069,44551,807582,738738,7002094,2587179,48556,11135593,51090,146066,82770,585822,762,10,6.16,63.0,Medium
U501080,50,Business,209916,85504,56065,303822,375195,5222131,3106740,84698,9007888,141672,324367,551258,1942116,705,5,3.58,58.0,Medium
U501081,27,Business,244707,110002,67807,272640,1247973,11075833,2283740,66381,14880186,225872,5394,142176,1169713,424,2,5.07,36.0,High
U501082,42,Business,195341,125962,20998,731605,1779597,7206394,771447,11482,10489043,6653,44423,45813,1472325,482,9,4.47,45.0,Medium
U501083,52,Salaried,28510,12423,3178,18952,87048,1199229,167029,8011,1472258,73036,16116,33065,223397,744,6,4.3,55.0,Medium
U501084,43,Salaried,53199,27488,11051,105916,249127,2188856,850248,17174,3394147,211554,70739,97047,156656,405,0,5.32,32.0,High
U501085,41,Self-Employed,139777,79387,35011,709485,82369,5840495,2118827,22150,8751176,117211,39483,95209,329043,726,6,5.22,52.0,Medium
U501086,36,Business,45724,21973,4845,144517,171501,786753,735407,11543,1838178,195438,28489,11067,273438,836,3,3.35,52.0,Medium
U501087,28,Self-Employed,89968,47335,15849,60929,296982,730614,414738,25397,1503263,426561,156141,191781,298231,798,0,1.39,49.0,Medium
U501088,25,Student,17231,14550,2681,121594,40156,0,0,1403,161750,4218,2030,2331,20372,428,9,0.78,39.0,High
U501089,21,Student,7155,4720,2435,50775,2800,0,0,1254,53575,2043,2976,764,10014,726,10,0.62,60.0,Medium
U501090,27,Salaried,225122,165061,50149,599186,1732743,297014,1541937,85329,4170880,874347,240769,141882,1336020,471,0,1.54,37.0,High
U501091,22,Self-Employed,91972,49441,25816,68124,237057,2666427,1438815,25906,4410423,340669,163686,113087,300176,587,0,4.0,42.0,Medium
U501092,59,Self-Employed,198548,123542,66515,789064,427948,6357019,2092333,17021,9666364,167999,411557,436335,1193056,400,4,4.06,44.0,Medium
U501093,27,Student,19151,13076,6075,113528,20342,0,0,1459,133870,1094,416,195,1471,779,6,0.58,53.0,Medium
U501094,24,Self-Employed,188399,112074,60634,465528,1052862,8883278,223502,82816,10625170,63124,129399,53403,1676851,329,11,4.7,52.0,Medium
U501095,56,Salaried,121741,74300,19023,499756,1001453,4021043,310183,31939,5832435,106668,148841,49112,1125798,729,6,3.99,55.0,Medium
U501096,53,Self-Employed,165032,119375,36928,463521,394253,1959260,1301139,75778,4118173,372371,171338,117375,1359889,766,3,2.08,55.0,Medium
U501097,27,Student,9960,8340,1620,41633,4852,0,0,397,46485,2096,1001,791,1866,363,8,0.39,34.0,High
U501098,40,Salaried,108120,51093,21394,565052,364856,2616888,926392,37676,4473188,107803,50122,33419,562462,531,2,3.45,38.0,High
U501099,54,Self-Employed,248989,107868,83855,197879,1134096,454365,2242696,61578,4029036,744743,204819,69333,1233307,503,3,1.35,45.0,Medium
U501100,48,Self-Employed,42877,19869,10378,55714,241243,293935,624610,6464,1215502,103233,49645,98332,288344,331,7,2.36,44.0,Medium
U501101,25,Self-Employed,200038,142555,66554,598452,416292,4161053,3377278,59509,8553075,172628,227238,189275,970766,611,0,3.56,43.0,Medium
U501102,47,Self-Employed,56374,36306,14305,47019,210333,1705287,729549,9404,2692188,154568,15584,34586,451469,774,0,3.98,50.0,Medium
U501103,30,Self-Employed,63812,44169,12976,246362,107853,2627293,89062,29877,3070570,7788,70443,23493,278602,679,0,4.01,40.0,Medium
U501104,22,Student,16396,8308,8088,9629,3841,0,0,1493,13470,1667,899,1050,5059,713,2,0.07,50.0,Medium
U501105,36,Salaried,151156,98837,25648,358327,695013,2937773,2122623,51416,6113736,363386,85924,56559,614356,568,2,3.37,39.0,High
U501106,39,Salaried,222307,103465,37541,723412,231536,10079681,1150033,81935,12184662,205114,613752,63259,2249821,542,5,4.57,48.0,Medium
U501107,39,Self-Employed,100375,51420,21142,85844,517160,3674225,1666955,25059,5944184,183778,213935,97026,809780,699,3,4.93,52.0,Medium
U501108,35,Salaried,192461,89014,61577,193496,587858,6754101,1698434,11844,9233889,143333,141080,252862,736077,508,7,4.0,49.0,Medium
U501109,22,Student,8500,6361,2139,55936,18284,0,0,613,74220,578,2169,4910,20106,829,1,0.73,47.0,Medium
U501110,54,Self-Employed,160703,92663,27335,553213,920613,7350615,1340470,24221,10164911,676100,322538,361206,633785,683,2,5.27,48.0,Medium
U501111,38,Salaried,157316,100844,28482,758617,777345,3592003,1306891,16424,6434856,193740,291177,114933,1054771,353,11,3.41,48.0,Medium
U501112,27,Salaried,215821,107587,23520,492373,247182,1791842,1494591,92964,4025988,197413,79699,93727,373045,611,11,1.55,50.0,Medium
U501113,24,Salaried,31084,18315,3331,104078,38066,201961,307571,13633,651676,118968,20273,52098,158898,626,6,1.75,49.0,Medium
U501114,53,Self-Employed,151502,111578,39836,756558,75386,191370,127321,39283,1150635,207107,14594,27851,1927296,439,4,0.63,46.0,Medium
U501115,49,Business,139826,94762,25706,836268,1248147,2065171,1419335,51288,5568921,397557,91888,200791,749816,533,2,3.32,40.0,Medium
U501116,37,Salaried,169123,77366,38777,928824,359968,5472033,107155,26552,6867980,857263,202418,115044,1047317,847,1,3.38,56.0,Medium
U501117,49,Self-Employed,75733,36613,7879,242808,630436,2023366,1203847,8332,4100457,249962,21930,98306,390567,402,0,4.51,29.0,High
U501118,58,Salaried,172235,73579,35134,894905,1221116,5918541,3051686,1903,11086248,148508,17524,345123,1261568,736,8,5.36,59.0,Medium
U501119,46,Business,30354,20808,9373,173014,249023,1166591,183623,4964,1772251,12038,13560,1205,52683,686,0,4.87,41.0,Medium
U501120,45,Salaried,227651,142893,27696,1028951,1099226,5116222,3184529,34233,10428928,201665,157492,45554,480840,385,6,3.82,33.0,High
U501121,36,Salaried,215837,157594,54140,35499,490781,9712767,2939105,102251,13178152,125450,26303,14742,534107,618,3,5.09,42.0,Medium
U501122,23,Salaried,115118,65572,20243,380331,296166,3130298,679133,12309,4485928,22670,172665,172238,934209,451,9,3.25,49.0,Medium
U501123,22,Self-Employed,179539,122456,39010,83911,333050,5881894,533761,64260,6832616,469364,348607,345706,1124828,425,5,3.17,44.0,Medium
U501124,31,Salaried,184126,98175,64134,666842,941247,3530512,3175923,71805,8314524,674918,375306,431727,864169,321,2,3.76,39.0,High
U501125,30,Business,208504,129038,67002,377347,443368,9122959,3300741,90528,13244415,65806,221324,117368,996659,616,3,5.29,47.0,Medium
U501126,26,Business,139064,94531,21828,289485,680623,6279573,957640,56819,8207321,308913,64456,169504,972953,591,8,4.92,52.0,Medium
U501127,36,Salaried,215469,141826,32280,760506,1094199,9206401,2452772,14587,13513878,908891,76568,449738,1147028,446,5,5.23,42.0,Medium
U501128,42,Self-Employed,123278,50409,32890,86162,914725,5578315,729222,61085,7308424,222334,149940,132406,639757,553,3,4.94,45.0,Medium
U501129,18,Student,16675,10874,5801,115005,34097,0,0,475,149102,768,1177,177,4436,326,4,0.75,33.0,High
U501130,51,Salaried,66282,43777,11409,345124,199148,1387785,827968,27456,2760025,145844,90812,38683,229454,679,5,3.47,49.0,Medium
U501131,38,Salaried,240291,139348,42907,202562,1256765,9372138,2171668,3305,13003133,305258,73055,246071,1186193,784,11,4.51,63.0,Medium
U501132,42,Business,200964,104885,38547,762842,353683,9379568,2954141,64607,13450234,476891,312407,112707,1279225,463,9,5.58,50.0,Medium
U501133,21,Student,16565,12439,4126,102351,33632,0,0,3153,135983,238,999,1687,7221,666,10,0.68,53.0,Medium
U501134,22,Student,18421,13716,4705,15419,31328,0,0,3426,46747,8127,4262,4110,5359,607,7,0.21,47.0,Medium
U501135,36,Salaried,143990,68982,44203,372616,552683,4956650,1232503,45919,7114452,29038,40144,38596,911342,335,2,4.12,34.0,High
U501136,28,Salaried,140619,89257,33584,39556,499712,4084801,190026,2776,4814095,90855,30103,123095,392838,430,11,2.85,48.0,Medium
U501137,22,Salaried,148434,94530,36216,95931,180705,6555100,720476,65636,7552212,124599,55518,84013,179653,792,1,4.24,45.0,Medium
U501138,36,Salaried,217374,134388,62520,1232302,1852039,661028,741335,29127,4486704,297312,106816,94437,1154237,340,9,1.72,45.0,Medium
U501139,51,Business,151267,106353,36260,590765,1277816,3720564,2224666,15420,7813811,211757,40279,200514,1557741,522,10,4.3,58.0,Medium
U501140,49,Self-Employed,236586,99515,35167,551127,309879,9370100,1921107,18842,12152213,98329,73464,538911,2313575,509,5,4.28,45.0,Medium
U501141,30,Student,18181,11020,7161,11866,33952,0,0,1931,45818,789,495,605,3656,761,10,0.21,62.0,Medium
U501142,40,Self-Employed,49253,23111,12903,291403,403727,1286817,435377,3976,2417324,54358,26464,20302,76330,723,3,4.09,47.0,Medium
U501143,35,Salaried,36951,20581,12302,104857,17340,1713343,23921,9042,1859461,82498,29535,53020,211061,673,5,4.19,56.0,Medium
U501144,26,Salaried,168845,79382,36986,499693,968279,7437043,169809,925,9074824,221867,191031,132059,472238,826,10,4.48,63.0,Medium
U501145,58,Salaried,172407,75791,18365,399520,306717,5924697,1529766,56665,8160700,225471,9501,34419,520237,784,9,3.94,55.0,Medium
U501146,23,Business,67488,39168,14268,127697,585800,2409506,1039485,28589,4162488,233783,39558,69881,250508,799,8,5.14,61.0,Medium
U501147,41,Salaried,191721,107452,26764,581052,530935,5066407,3270276,43569,9448670,235104,345125,235327,1594973,680,11,4.11,62.0,Medium
U501148,56,Salaried,111101,54297,11892,451369,258134,2572866,681525,2989,3963894,242207,116043,53545,467200,620,6,2.97,46.0,Medium
U501149,58,Business,234925,174915,63287,797974,1637762,4890900,658316,32769,7984952,225590,277772,87768,1791300,526,5,2.83,48.0,Medium
U501150,37,Salaried,227789,168035,42888,928858,479758,7836327,2370792,69271,11615735,255525,203519,222768,885034,826,10,4.25,63.0,Medium
U501151,56,Self-Employed,95043,58445,21487,524420,651233,2771439,986070,30433,4933162,107603,54170,12949,301840,743,7,4.33,54.0,Medium
U501152,50,Self-Employed,110809,46494,21494,271483,712417,24401,1170527,43112,2178828,485268,231105,95716,403538,327,1,1.64,31.0,High
U501153,55,Salaried,183428,136315,42117,231062,342690,1785905,2774706,28811,5134363,154785,40581,42616,957762,819,8,2.33,61.0,Medium
U501154,56,Business,74855,35695,25633,435578,64806,591171,466686,5313,1558241,40012,59835,67532,545363,634,1,1.73,48.0,Medium
U501155,42,Business,169116,80277,21564,631140,1277966,1033430,1481369,17871,4423905,150902,8163,135650,605170,579,0,2.18,33.0,High
U501156,33,Salaried,127262,53810,36506,524488,372727,4979068,1631486,2955,7507769,209968,104884,117352,232503,448,6,4.92,43.0,Medium
U501157,52,Self-Employed,105848,73740,22688,11444,245073,3909678,145939,32188,4312134,174264,112135,88042,195981,663,1,3.39,41.0,Medium
U501158,56,Business,27986,12989,8211,37644,14897,629761,20680,5518,702982,13592,23035,27318,125227,330,11,2.09,48.0,Medium
U501159,29,Student,11285,5756,5529,36618,17787,0,0,438,54405,950,230,846,8418,422,10,0.4,52.0,Medium
U501160,26,Student,12840,10617,2223,60137,22534,0,0,2462,82671,6944,1005,2677,8216,683,0,0.54,35.0,High
U501161,52,Salaried,86931,35092,19116,513597,511051,1645980,749463,9725,3420091,47577,202568,156812,751454,532,5,3.28,49.0,Medium
U501162,57,Salaried,69983,49776,16450,328432,23850,2758550,718097,22155,3828929,98872,53891,106864,344483,386,9,4.56,46.0,Medium
U501163,42,Self-Employed,135187,65160,43387,333126,512592,1790778,318904,51970,2955400,254191,150468,36763,824380,407,6,1.82,46.0,Medium
U501164,20,Student,19960,11061,8899,81404,37956,0,0,3866,119360,9698,527,1353,60191,742,6,0.5,59.0,Medium
U501165,52,Self-Employed,54459,38272,14070,281452,466152,1078955,730270,19241,2556829,45097,33542,168,163400,756,7,3.91,56.0,Medium
U501166,30,Self-Employed,158243,72253,34374,650142,247766,5266456,1938624,4508,8102988,797076,409629,272655,728685,599,5,4.27,52.0,Medium
U501167,18,Student,5303,4295,1008,21728,1594,0,0,402,23322,2972,1401,1009,2462,510,3,0.37,34.0,High
U501168,27,Salaried,217039,157042,46397,63844,1415018,4510897,747977,33542,6737736,260212,176671,42486,1177792,805,0,2.59,47.0,Medium
U501169,51,Business,147329,63121,40602,152255,178119,3616547,1255287,19371,5202208,341268,155405,143802,565613,728,1,2.94,48.0,Medium
U501170,28,Self-Employed,149863,92415,47236,857115,123147,5414499,903615,55103,7298376,635367,258168,184044,867869,494,0,4.06,42.0,Medium
U501171,22,Student,14639,8305,6334,73890,2337,0,0,2740,76227,8366,5393,2000,11543,615,4,0.43,49.0,Medium
U501172,21,Student,18364,13281,5083,81496,40515,0,0,969,122011,801,764,1232,8509,382,1,0.55,28.0,High
U501173,48,Salaried,147874,84341,25548,44887,72627,2978514,813095,41401,3909123,597698,156254,215336,988078,750,10,2.2,65.0,Medium
U501174,27,Student,9955,6430,3525,64649,4114,0,0,747,68763,7098,2221,3547,13195,373,10,0.58,47.0,Medium
U501175,25,Salaried,236093,151797,30568,88060,1469911,2732277,1823088,56420,6113336,372396,5020,388340,1529595,792,10,2.16,62.0,Medium
U501176,30,Self-Employed,93668,40374,10531,182231,322438,3613991,849017,22475,4967677,86385,13465,14799,389846,396,6,4.42,35.0,High
U501177,40,Salaried,226017,158301,32041,592822,560371,5492747,3039817,106788,9685757,1068729,280768,514796,940310,489,8,3.57,49.0,Medium
U501178,37,Self-Employed,43118,20729,7819,97846,105530,1086021,112901,13218,1402298,51219,20605,17304,93814,387,7,2.71,37.0,High
U501179,36,Self-Employed,207919,136042,71234,970599,352390,4392891,3612164,57139,9328044,460613,458744,137103,1915131,588,7,3.74,60.0,Medium
U501180,25,Student,14313,10873,3440,60354,26804,0,0,943,87158,5521,151,3043,22374,324,2,0.51,27.0,High
U501181,39,Self-Employed,168157,80894,52342,352986,1356983,5006068,1117091,55100,7833128,190255,73019,95860,323862,585,7,3.88,50.0,Medium
U501182,44,Business,104362,61711,35649,63376,799357,1681334,1671733,33209,4215800,225256,92022,91577,359872,317,6,3.37,41.0,Medium
U501183,56,Self-Employed,206491,100156,65588,777187,388704,23831,2707336,68278,3897058,228564,108183,4683,1130509,615,1,1.57,44.0,Medium
U501184,38,Salaried,133143,92943,28508,238138,1025062,2674514,870775,54266,4808489,34684,193773,244447,1118891,840,9,3.01,67.0,Medium
U501185,27,Student,15589,12958,2631,12390,67,0,0,1829,12457,12332,36,1928,23865,400,1,0.07,26.0,High
U501186,43,Self-Employed,223558,114459,47743,1130455,408949,6667613,1367824,36162,9574841,431459,141731,139510,2107306,394,1,3.57,36.0,High
U501187,37,Salaried,194788,116930,40356,128442,380718,2479575,955096,32296,3943831,278076,197310,248946,1377362,772,2,1.69,51.0,Medium
U501188,54,Self-Employed,199619,99721,67033,741561,1383253,8542407,2407735,40780,13074956,51673,24892,126305,690853,534,6,5.46,47.0,Medium
U501189,44,Salaried,195267,110318,65227,276647,1269805,4908503,1616966,6535,8071921,746758,354379,78254,1166778,700,0,3.44,51.0,Medium
U501190,25,Salaried,158373,78758,34380,605030,1452432,420681,2045214,23327,4523357,305856,122410,137769,901268,623,8,2.38,54.0,Medium
U501191,25,Self-Employed,110765,78270,24436,477337,386161,2975908,1631136,12531,5470542,147093,108957,52619,252078,402,10,4.12,45.0,Medium
U501192,49,Salaried,47269,23453,13029,154707,138589,697012,764360,17442,1754668,66170,30063,22022,49890,698,0,3.09,41.0,Medium
U501193,54,Self-Employed,67196,40567,19392,231889,134115,1447384,28829,21586,1842217,24169,21910,29257,288909,306,4,2.28,34.0,High
U501194,23,Student,9452,6412,3040,32679,1693,0,0,564,34372,3732,1192,2749,7876,358,3,0.3,32.0,High
U501195,18,Student,14920,11123,3797,46018,11394,0,0,1352,57412,2433,823,325,17030,628,3,0.32,41.0,Medium
U501196,23,Student,16991,9385,7606,25994,37638,0,0,976,63632,5152,846,2330,7416,309,4,0.31,36.0,High
U501197,42,Business,206127,116270,58516,995739,959348,4871759,2454168,19043,9281014,207854,268080,233065,1179978,321,3,3.75,36.0,High
U501198,38,Salaried,214515,105172,74475,1041825,1431376,7266105,1756667,54179,11495973,551761,462551,124356,1918812,825,0,4.47,58.0,Medium
U501199,54,Salaried,84827,49900,14955,462728,225995,3982653,259965,3601,4931341,397377,142493,210971,343304,337,4,4.84,37.0,High
U501200,25,Salaried,203764,129503,66458,248863,860161,8277541,1813932,76550,11200497,346191,218929,153746,504350,314,9,4.58,44.0,Medium
U501201,42,Business,203220,94976,25076,118372,1745186,1551616,2541159,89097,5956333,294280,94386,61620,393679,382,4,2.44,30.0,High
U501202,51,Self-Employed,45015,25439,14513,109373,360435,1884519,727800,14976,3082127,31807,105157,31871,374216,444,7,5.71,51.0,Medium
U501203,35,Self-Employed,41095,19081,14321,133607,55589,1251872,231949,14076,1673017,60085,17027,20818,107123,325,4,3.39,36.0,High
U501204,43,Salaried,115653,64205,25900,142375,1074323,3105569,1516274,48426,5838541,247811,95204,141666,743783,838,9,4.21,66.0,Medium
U501205,27,Salaried,35010,20113,11344,53686,106200,1658388,154265,9259,1972539,148308,33021,54385,208442,540,7,4.7,56.0,Medium
U501206,43,Salaried,131000,64283,40183,185130,269005,375532,2037770,51187,2867437,168306,19828,126349,336131,836,5,1.82,58.0,Medium
U501207,30,Business,117639,47700,32475,78806,425583,3191281,1965588,55704,5661258,19073,48965,66589,261718,435,11,4.01,49.0,Medium
U501208,29,Business,26660,13781,7224,148085,200759,725736,273967,5371,1348547,2818,16750,5160,72850,807,4,4.22,52.0,Medium
U501209,40,Salaried,144547,92669,47505,223782,630714,6215067,2475775,58267,9545338,63981,233347,335785,1428019,456,8,5.5,55.0,Medium
U501210,23,Student,17235,10843,6392,35044,8465,0,0,387,43509,14818,10685,11011,20261,810,2,0.21,52.0,Medium
U501211,25,Student,6659,4177,2482,41086,6782,0,0,178,47868,1543,3313,3066,13134,300,8,0.6,41.0,Medium
U501212,24,Self-Employed,75234,36882,9937,15552,356086,1060866,448848,4831,1881352,2006,93094,50849,505029,754,5,2.08,51.0,Medium
U501213,27,Student,6913,5785,1128,19758,9115,0,0,176,28873,901,90,314,1084,786,5,0.35,47.0,Medium
U501214,50,Self-Employed,111073,76633,27350,390896,838799,2373714,264261,14417,3867670,335438,213797,234476,548938,669,10,2.9,63.0,Medium
U501215,45,Salaried,190961,126420,47580,419956,1749236,1424189,1607240,8403,5200621,7980,107934,187806,901516,563,0,2.27,37.0,High
U501216,52,Self-Employed,152008,89308,50545,331655,94251,7278511,1112859,27870,8817276,753893,137842,383946,828089,371,7,4.83,50.0,Medium
U501217,55,Business,167295,96241,37146,886540,204850,2187685,500157,29224,3779232,372392,75942,164897,1112340,658,0,1.88,43.0,Medium
U501218,57,Salaried,242337,150943,45969,1065521,60956,6882971,3072252,32133,11081700,80686,91553,147147,1324455,418,11,3.81,48.0,Medium
U501219,42,Salaried,118366,68903,36224,248021,1003501,4359007,1166908,4032,6777437,11390,157488,140680,763592,719,4,4.77,55.0,Medium
U501220,23,Self-Employed,96028,44495,29257,352147,519338,327803,1569759,1071,2769047,254833,90857,188683,675446,607,8,2.4,59.0,Medium
U501221,53,Self-Employed,68200,28891,10327,96309,88357,2433254,1174670,15392,3792590,199991,154210,84239,450151,535,9,4.63,53.0,Medium
U501222,58,Self-Employed,183269,109147,39681,390884,1535603,2856809,330319,84683,5113615,797411,166276,394115,671001,393,0,2.33,33.0,High
U501223,24,Student,5590,4713,877,15835,5074,0,0,957,20909,402,61,101,1958,512,11,0.31,45.0,Medium
U501224,38,Self-Employed,226183,153312,25456,2899,2071134,5054066,2188826,111637,9316925,19304,171543,87079,1383104,436,9,3.43,43.0,Medium
U501225,22,Student,15341,8725,6616,85977,2117,0,0,2438,88094,4583,2017,705,7041,759,8,0.48,60.0,Medium
U501226,20,Student,12442,8038,4404,2818,10851,0,0,176,13669,6154,2993,2725,5329,764,7,0.09,57.0,Medium
U501227,55,Self-Employed,113412,81299,20405,515321,721547,833609,413352,56071,2483829,75107,38461,25103,482672,763,2,1.83,46.0,Medium
U501228,58,Self-Employed,130468,75240,26341,449911,949171,5039389,755984,1622,7194455,484812,255776,222111,351181,767,2,4.6,50.0,Medium
U501229,38,Self-Employed,105840,70015,29966,317868,564926,3159150,1304256,1660,5346200,145972,30032,2573,310092,379,8,4.21,43.0,Medium
U501230,43,Salaried,215606,86402,34272,21262,405095,4948223,1790475,94798,7165055,202800,64478,179931,565126,624,4,2.77,42.0,Medium
U501231,23,Self-Employed,185533,93654,37940,242845,1165496,7562064,299350,85864,9269755,763671,52542,146915,1270885,828,7,4.16,63.0,Medium
U501232,45,Self-Employed,133556,70230,38307,305652,1153817,4482494,300252,4614,6242215,133313,161907,213312,1192171,547,6,3.89,53.0,Medium
U501233,40,Salaried,222973,129296,34379,1153428,966041,8261125,861436,8494,11242030,837899,555223,500688,1293860,652,8,4.2,57.0,Medium
U501234,55,Self-Employed,43292,20676,4807,65722,358491,1449073,100216,9844,1973502,33222,34834,23145,151563,679,11,3.8,55.0,Medium
U501235,37,Salaried,73702,43738,9918,14242,695060,2266606,810865,24297,3786773,93729,35308,10795,140197,458,3,4.28,32.0,High
U501236,20,Student,7332,4018,3314,28252,5082,0,0,1213,33334,6781,213,148,10816,403,2,0.38,38.0,High
U501237,55,Business,225122,143868,76134,387586,204683,4630487,3028222,52949,8250978,1016354,458276,143627,1541640,556,10,3.05,63.0,Medium
U501238,50,Business,135182,77332,33294,75786,547960,3034564,33357,3846,3691667,507533,9590,205918,996902,545,8,2.28,55.0,Medium
U501239,51,Business,240659,157417,69310,398154,2077453,11431471,1362661,57518,15269739,246692,186900,171385,379162,808,11,5.29,65.0,Medium
U501240,24,Salaried,114169,60363,34350,533099,517661,1187917,1189434,25640,3428111,408648,72259,101837,563784,553,7,2.5,53.0,Medium
U501241,36,Salaried,241276,131759,83076,492680,1029764,2151023,3949918,77716,7623385,524523,559904,177608,1603928,365,5,2.63,45.0,Medium
U501242,35,Salaried,162918,96996,53048,137901,839934,7487515,403661,4619,8869011,286424,90126,181230,648553,696,7,4.54,58.0,Medium
U501243,52,Salaried,201914,90836,58234,1142205,177893,4001350,3141423,41730,8462871,501767,98479,117198,1056496,375,3,3.49,38.0,High
U501244,32,Business,82971,59576,17779,408100,531464,3436127,770045,15075,5145736,213827,91835,62676,241684,452,10,5.17,49.0,Medium
U501245,22,Student,19836,11493,8343,5752,6083,0,0,2649,11835,1735,10527,5302,35407,799,9,0.05,65.0,Medium
U501246,44,Salaried,59047,24393,18006,193235,266186,2211591,515895,28592,3186907,141453,109522,31879,319198,436,6,4.5,47.0,Medium
U501247,42,Business,24369,12009,3243,93067,29770,860681,142455,5037,1125973,128400,52409,23265,119104,446,8,3.85,47.0,Medium
U501248,25,Student,11565,8178,3387,56971,12842,0,0,597,69813,1062,307,90,1386,653,11,0.5,56.0,Medium
U501249,48,Salaried,215737,149162,36240,432135,1735087,6859015,415044,77359,9441281,285650,131852,28220,713883,332,6,3.65,34.0,High
U501250,51,Business,181724,102175,38068,482979,268050,4976610,1393475,67691,7121114,38291,20775,29553,574602,398,3,3.27,32.0,High
U501251,27,Student,6837,4814,2023,38713,1085,0,0,518,39798,7331,391,4487,11707,845,5,0.49,56.0,Medium
U501252,27,Student,13302,7014,6288,1781,27920,0,0,2500,29701,2214,1822,658,15273,386,5,0.19,42.0,Medium
U501253,37,Self-Employed,238657,122891,28004,930210,1150588,10523816,1123134,96074,13727748,79896,199295,505781,1968361,418,4,4.79,38.0,High
U501254,23,Self-Employed,102533,54618,33288,487604,201116,4759517,274619,37756,5722856,114145,162802,91139,688644,483,0,4.65,40.0,Medium
U501255,25,Student,17822,12184,5638,19458,42255,0,0,2343,61713,1851,1047,6509,25896,380,1,0.29,30.0,High
U501256,58,Salaried,211238,87631,43679,917851,1277001,3622085,593002,56699,6409939,168960,186968,261813,1004517,546,4,2.53,43.0,Medium
U501257,27,Salaried,80854,40390,20555,80339,739799,1645145,575046,32557,3040329,29048,52839,814,200050,561,1,3.13,37.0,High
U501258,23,Salaried,202782,124597,45654,101351,1798124,6731672,1247530,37369,9878677,349741,20050,64933,958808,689,7,4.06,54.0,Medium
U501259,30,Student,12858,9136,3722,63323,1933,0,0,885,65256,12419,3791,5677,17283,341,9,0.42,42.0,Medium
U501260,51,Salaried,234443,100593,24070,1359586,2246520,578667,3042233,81997,7227006,519256,154407,279631,911226,770,10,2.57,59.0,Medium
U501261,29,Student,6394,4249,2145,13666,14733,0,0,1065,28399,970,1625,1548,17173,841,0,0.37,49.0,Medium
U501262,24,Salaried,172220,83819,45098,431993,565453,3105191,1523821,53364,5626458,148777,108410,98924,237659,837,2,2.72,50.0,Medium
U501263,55,Self-Employed,89050,44863,25943,68774,316711,377837,1298543,5931,2061865,161368,8944,4118,807990,541,0,1.93,42.0,Medium
U501264,35,Self-Employed,153209,70153,16854,216535,960034,5920159,2389498,26753,9486226,24711,86565,114776,548234,742,6,5.16,49.0,Medium
U501265,33,Salaried,181009,95177,35938,227347,1508964,1059447,1522856,83327,4318614,93287,140315,79945,404337,604,3,1.99,40.0,Medium
U501266,23,Self-Employed,97014,40273,25902,412233,97579,2947169,1195473,47858,4652454,295578,42768,145422,328839,449,3,4.0,40.0,Medium
U501267,28,Self-Employed,174881,103686,47996,774738,1627827,1756283,3000107,13547,7158955,106336,74668,50002,851013,839,3,3.41,54.0,Medium
U501268,50,Salaried,171073,87291,22873,222540,150273,7591681,1770613,13198,9735107,62273,33673,88502,1304390,778,2,4.74,47.0,Medium
U501269,23,Salaried,209678,125949,58218,153470,1507449,9270464,2473449,7132,13404832,142363,35555,59972,333828,518,5,5.33,42.0,Medium
U501270,26,Business,87642,60386,14404,305453,348274,2852449,441716,8879,3947892,9140,159601,36075,678299,676,9,3.75,57.0,Medium
U501271,43,Salaried,127406,87396,38631,152195,416536,5745061,700247,38598,7014039,118814,158145,231424,1070753,590,7,4.59,57.0,Medium
U501272,42,Salaried,48137,22637,7178,5401,84849,648125,738642,5548,1477017,21887,26096,28008,172883,410,7,2.56,38.0,High
U501273,57,Self-Employed,58188,25936,8259,171052,445568,1830547,162805,3050,2609972,208056,10636,113958,261599,495,6,3.74,44.0,Medium
U501274,27,Business,189132,100753,38810,45995,1036675,3129963,2108817,23091,6321450,310626,65403,209083,899819,345,0,2.79,28.0,High
U501275,27,Salaried,105972,47986,31501,158958,456214,4764488,1851165,23445,7230825,40146,302688,138102,1036023,374,3,5.69,43.0,Medium
U501276,51,Salaried,166776,108198,51080,891405,631601,2102894,2176199,23448,5802099,15131,78225,448117,1805932,590,6,2.9,57.0,Medium
U501277,34,Salaried,67748,35105,14963,336988,121870,3016847,205759,11437,3681464,38271,24710,29446,125985,769,6,4.53,52.0,Medium
U501278,28,Student,5141,2608,2533,23597,8363,0,0,497,31960,1389,1006,1660,4419,446,6,0.52,47.0,Medium
U501279,41,Salaried,139975,63028,47057,549092,1103209,512097,1315881,38697,3480279,407473,229412,135142,1151070,304,6,2.07,46.0,Medium
U501280,34,Salaried,96053,55041,10664,148578,828983,3776993,476909,26267,5231463,259618,190576,68886,612081,781,5,4.54,54.0,Medium
U501281,41,Business,66141,33542,9737,66197,449907,709411,600034,11416,1825549,205255,160039,54036,457611,396,2,2.3,36.0,High
U501282,52,Self-Employed,73756,47864,25444,413037,485914,1551818,114455,33590,2565224,101565,40796,111628,408168,667,6,2.9,57.0,Medium
U501283,47,Business,58475,26867,16146,260027,117860,241566,281008,23993,900461,9443,93560,126476,519179,359,1,1.28,37.0,High
U501284,27,Student,17540,11208,6332,108543,22004,0,0,856,130547,10094,766,433,29113,667,2,0.62,45.0,Medium
U501285,54,Salaried,153737,112935,18446,907473,789615,4358072,928086,75533,6983246,283504,312054,88965,1059985,685,5,3.79,50.0,Medium
U501286,55,Self-Employed,174038,93549,57342,656085,659082,4125368,2058280,73592,7498815,417591,42026,312575,1309152,693,6,3.59,60.0,Medium
U501287,32,Salaried,126300,92919,28418,269975,1009994,1875839,1784517,51238,4940325,113721,71805,17895,423030,461,3,3.26,36.0,High
U501288,37,Business,45251,32547,15295,44873,398078,824262,518035,9383,1785248,81720,25318,50320,162914,774,5,3.29,58.0,Medium
U501289,30,Self-Employed,229274,122126,40844,440217,984312,3927847,475561,107938,5827937,572635,532636,111797,1989526,710,3,2.12,52.0,Medium
U501290,32,Business,216796,143112,49183,164173,354927,4401771,3079575,1918,8000446,377027,79221,101000,2105676,671,1,3.08,47.0,Medium
U501291,54,Salaried,112749,65333,22827,378068,477392,3541608,96116,37200,4493184,199744,192414,148159,745540,532,7,3.32,50.0,Medium
U501292,30,Self-Employed,200219,137556,28387,472875,453708,4154721,2208828,27676,7290132,297527,25815,149374,1815611,450,7,3.03,45.0,Medium
U501293,41,Salaried,134911,58584,25413,451971,1215188,558281,316863,18501,2542303,183847,9114,114710,823500,756,11,1.57,63.0,Medium
U501294,51,Self-Employed,51017,28713,10074,76847,400826,1815617,312900,2671,2606190,63434,20383,17477,75422,385,5,4.26,34.0,High
U501295,40,Self-Employed,140615,70868,48220,501049,417993,898475,1087437,30476,2904954,70901,118329,26208,710182,727,7,1.72,59.0,Medium
U501296,31,Salaried,85779,39756,21695,463689,327911,3428111,1392862,9184,5612573,59898,34972,26857,107626,628,10,5.45,54.0,Medium
U501297,30,Student,11996,8346,3650,10483,2882,0,0,1028,13365,2204,117,389,18845,744,3,0.09,48.0,Medium
U501298,43,Salaried,139689,98896,18817,504420,325856,244731,118119,21963,1193126,39313,24562,25086,250862,351,11,0.71,40.0,Medium
U501299,37,Salaried,199821,140825,40752,364484,112577,2537576,118462,63230,3133099,169485,72985,140876,625404,664,10,1.31,55.0,Medium
U501300,20,Student,7009,4502,2507,4895,7813,0,0,1131,12708,7079,1042,2562,7393,627,7,0.15,52.0,Medium
U501301,39,Salaried,245622,177606,57936,327478,680321,2299492,4151364,7717,7458655,1078353,324847,443983,883220,548,3,2.53,45.0,Medium
U501302,44,Salaried,188065,91346,20012,249422,1650075,2884733,877202,53110,5661432,130559,94984,217686,683457,506,5,2.51,38.0,High
U501303,31,Salaried,59956,26261,14273,280622,274303,1472375,550655,10703,2577955,120079,43303,35040,152838,707,4,3.58,49.0,Medium
U501304,49,Salaried,173548,78461,52591,753111,555320,1864,2114608,31235,3424903,310622,228793,80323,624419,694,0,1.64,45.0,Medium
U501305,26,Salaried,153011,105227,45004,296171,1134031,2283570,1482534,67912,5196306,19770,68100,85412,598710,426,1,2.83,34.0,High
U501306,22,Salaried,79094,57862,11901,21586,624030,1479413,610256,10023,2735285,184774,13311,139513,559975,408,3,2.88,37.0,High
U501307,23,Salaried,89482,52008,29418,251336,61165,2081603,386335,40676,2780439,107923,78828,9951,197800,303,1,2.59,29.0,High
U501308,22,Self-Employed,59466,39898,8813,331854,443353,1915897,171664,5775,2862768,226898,86850,2241,385748,623,0,4.01,41.0,Medium
U501309,58,Self-Employed,63240,44098,8287,171006,98271,618530,994644,8468,1882451,19021,10390,1930,168056,431,3,2.48,30.0,High
U501310,26,Salaried,147404,60624,27122,104886,1209792,3442371,1271063,957,6028112,236549,45120,138403,484967,598,8,3.41,50.0,Medium
U501311,41,Salaried,185022,75569,50776,513328,1207181,5272666,612001,81720,7605176,52395,338271,102416,1673623,829,3,3.43,58.0,Medium
U501312,36,Self-Employed,152320,67070,39512,679200,1405218,7154721,2294129,21497,11533268,310440,36813,120600,418808,459,2,6.31,36.0,High
U501313,22,Student,6882,5048,1834,11468,2744,0,0,1179,14212,862,443,380,5359,514,1,0.17,33.0,High
U501314,42,Salaried,169482,126512,54018,407603,1098882,4687338,450843,39193,6644666,109300,173872,34535,661653,771,9,3.27,63.0,Medium
U501315,22,Student,8111,5233,2878,28990,10463,0,0,622,39453,3491,1328,1409,21300,386,7,0.41,43.0,Medium
U501316,24,Salaried,123565,89927,29256,156587,803017,3004981,941756,9082,4906341,17228,56871,128606,491547,728,11,3.31,61.0,Medium
U501317,28,Salaried,166923,68690,50124,18147,109306,254127,1621377,62371,2002957,166194,317195,153042,1742667,799,10,1.0,72.0,Low
U501318,23,Salaried,38009,15421,7437,171440,85953,722335,334653,12307,1314381,129613,95396,91484,196646,709,7,2.88,59.0,Medium
U501319,58,Salaried,219472,148329,68562,582473,1222210,7688788,150550,40700,9644021,174768,126989,34016,496078,582,7,3.66,50.0,Medium
U501320,33,Salaried,112162,60688,38085,205599,79276,1633231,412729,44416,2330835,48848,121785,79202,623528,375,10,1.73,50.0,Medium
U501321,33,Self-Employed,186502,117403,28212,709113,389637,8341819,2524292,64566,11964861,76066,45580,29788,355342,311,4,5.35,27.0,High
U501322,22,Student,12121,7989,4132,23062,20311,0,0,494,43373,461,5367,3211,26982,614,2,0.3,43.0,Medium
U501323,56,Salaried,206339,149820,32716,1139167,1225657,6313359,1048246,78797,9726429,59544,108662,129902,381438,455,11,3.93,45.0,Medium
U501324,22,Self-Employed,22221,15260,6164,46355,74054,919470,172888,283,1212767,5807,7236,826,40732,606,1,4.55,38.0,High
U501325,54,Self-Employed,127051,68800,23709,506632,323417,1205370,235775,24117,2271194,230282,158900,140898,1017269,662,10,1.49,61.0,Medium
U501326,36,Self-Employed,86537,37142,14014,244880,786753,3197214,945317,2787,5174164,309067,135770,63198,520268,490,11,4.98,54.0,Medium
U501327,24,Student,9952,7065,2887,29506,357,0,0,1016,29863,9480,237,2347,16992,461,0,0.25,32.0,High
U501328,59,Salaried,221782,110107,45529,726460,1304947,5436563,2148234,90601,9616204,310458,3749,365674,2367098,365,5,3.61,42.0,Medium
U501329,51,Salaried,32406,22889,4116,131521,33094,1024114,406288,3398,1595017,36804,10319,22013,89216,581,2,4.1,36.0,High
U501330,23,Salaried,29519,20166,7863,171185,85373,1159829,35723,1673,1452110,24456,57808,5779,224932,481,8,4.1,51.0,Medium
U501331,30,Student,5783,3893,1890,33934,2771,0,0,1061,36705,121,1739,699,8268,835,4,0.53,54.0,Medium
U501332,40,Salaried,181758,95543,54187,728682,171580,734904,708079,88539,2343245,333,106879,39324,476762,783,0,1.07,46.0,Medium
U501333,49,Self-Employed,143730,94057,27583,774110,1212310,5923623,632947,14643,8542990,469806,30924,233252,1174401,634,8,4.95,57.0,Medium
U501334,28,Student,9767,7321,2446,53452,21829,0,0,159,75281,4226,3936,1605,13837,562,0,0.64,34.0,High
U501335,35,Self-Employed,135142,86248,33578,91062,49426,5862564,1905830,2836,7908882,316279,124371,68991,597780,597,8,4.88,53.0,Medium
U501336,50,Self-Employed,249742,102783,52818,748244,1358792,9915771,1648467,99406,13671274,96610,49096,110414,424707,362,3,4.56,30.0,High
U501337,24,Student,5756,4445,1311,39598,12181,0,0,302,51779,2094,58,518,3907,760,11,0.75,59.0,Medium
U501338,53,Salaried,198020,137573,24093,997583,1486279,7097604,424227,50705,10005693,258821,144085,177353,755646,537,0,4.21,32.0,High
U501339,26,Salaried,122705,86768,28585,517067,989578,2090954,1268503,52340,4866102,48013,4347,37695,370976,333,11,3.3,43.0,Medium
U501340,29,Student,19679,14148,5531,13386,29886,0,0,328,43272,6029,3630,5704,23148,390,11,0.18,46.0,Medium
U501341,55,Salaried,192073,111351,46664,694121,1824879,1757457,3124225,95313,7400682,5588,322286,344023,1423800,723,0,3.21,47.0,Medium
U501342,30,Salaried,40435,17144,13609,218790,171205,495012,108720,437,993727,92758,76272,66976,274334,510,3,2.05,48.0,Medium
U501343,23,Student,5352,3886,1466,19920,11341,0,0,94,31261,982,650,1445,7285,335,6,0.49,35.0,High
U501344,20,Student,6547,4636,1911,25681,14996,0,0,999,40677,46,209,202,648,786,10,0.52,59.0,Medium
U501345,25,Salaried,246968,116450,77587,193789,432779,2200948,3825934,100280,6653450,20308,158510,165412,517012,313,2,2.25,30.0,High
U501346,27,Student,12967,9439,3528,17302,7327,0,0,2439,24629,3705,4618,3287,20577,672,2,0.16,43.0,Medium
U501347,50,Salaried,88338,54127,18564,203218,492976,211192,1176521,15587,2083907,269690,36241,699,501460,412,6,1.97,42.0,Medium
U501348,46,Salaried,80646,56456,17928,383505,256187,921185,858230,26539,2419107,178324,69269,111300,292361,663,2,2.5,45.0,Medium
U501349,26,Student,6726,5245,1481,2268,6012,0,0,1000,8280,1495,256,225,9106,692,6,0.1,48.0,Medium
U501350,25,Student,19190,16290,2900,26337,25049,0,0,230,51386,1570,5024,3658,21599,564,9,0.22,45.0,Medium
U501351,23,Self-Employed,117954,67597,38148,454613,211138,999736,615638,38982,2281125,145736,101509,59173,281792,608,11,1.61,59.0,Medium
U501352,23,Self-Employed,198058,101604,19952,649851,1632586,2433507,2401841,93194,7117785,97435,246184,223509,1301097,717,3,2.99,46.0,Medium
U501353,28,Student,12838,6755,6083,17924,3868,0,0,833,21792,3682,1137,737,5931,538,10,0.14,56.0,Medium
U501354,50,Salaried,66909,40654,11140,118109,290807,492170,656285,18590,1557371,58251,20756,40465,85095,664,2,1.94,39.0,High
U501355,22,Student,13963,8718,5245,79371,29746,0,0,532,109117,205,96,328,2442,354,7,0.65,40.0,Medium
U501356,33,Self-Employed,29245,15042,7365,164606,77645,1340676,255219,7698,1838146,92308,62661,52587,143259,689,5,5.24,56.0,Medium
U501357,29,Student,17009,9255,7754,85244,29960,0,0,1486,115204,3378,45,1640,6743,576,7,0.56,52.0,Medium
U501358,29,Student,19323,9743,9580,114049,37599,0,0,347,151648,927,600,840,2463,809,6,0.65,61.0,Medium
U501359,32,Salaried,62384,41795,18432,38300,202750,2859543,938082,21984,4038675,147183,70649,1756,469668,351,5,5.39,42.0,Medium
U501360,28,Student,10122,5620,4502,23908,12833,0,0,228,36741,3296,4460,2024,19246,633,5,0.3,52.0,Medium
U501361,26,Self-Employed,113821,59121,30152,239936,719906,3517798,982851,27100,5460491,273012,119004,40788,277839,518,3,4.0,41.0,Medium
U501362,32,Salaried,165552,73650,48219,445005,476646,7401390,2712680,8156,11035721,577644,362847,387202,630902,456,3,5.56,44.0,Medium
U501363,57,Salaried,29096,12137,3858,40235,64252,1022763,433518,1124,1560768,14742,47744,41162,136477,559,11,4.47,53.0,Medium
U501364,43,Self-Employed,212669,120541,23612,586220,318495,5075488,833522,96345,6813725,188195,346181,245389,1913793,811,9,2.67,63.0,Medium
U501365,56,Salaried,33112,24723,4691,122420,64354,1199644,360995,14822,1747413,36451,26138,53017,171192,454,8,4.4,44.0,Medium
U501366,31,Salaried,228871,132640,33660,472530,299833,5961387,1641352,25953,8375102,154368,2764,468757,1831224,708,4,3.05,50.0,Medium
U501367,48,Business,212235,93532,42267,445123,1859726,5005368,3774970,51500,11085187,467202,197742,68331,1179340,322,0,4.35,28.0,High
U501368,26,Salaried,59525,37747,16557,123141,429097,2156003,353933,14694,3062174,78330,12683,27028,219767,759,2,4.29,49.0,Medium
U501369,26,Self-Employed,152785,80460,38323,477914,1113096,1245518,2124461,33055,4960989,400048,170894,151079,864146,755,9,2.71,64.0,Medium
U501370,48,Salaried,208065,142244,36000,528399,1791553,6167319,1952322,87860,10439593,9962,157651,224378,1931167,714,2,4.18,48.0,Medium
U501371,20,Student,15939,8439,7500,17270,34984,0,0,537,52254,756,2913,1146,16337,768,3,0.27,54.0,Medium
U501372,56,Salaried,150528,99530,21780,627060,288280,2937552,1110798,15626,4963690,564032,41371,324035,787566,304,11,2.75,45.0,Medium
U501373,32,Business,22339,14340,3161,98370,90347,218838,342168,3422,749723,36802,43697,2891,175230,757,8,2.8,59.0,Medium
U501374,30,Self-Employed,243771,110257,60391,830291,1103628,11251169,4212413,112416,17397501,5726,111872,217643,848914,572,2,5.95,40.0,Medium
U501375,33,Business,184300,84628,32737,68391,839259,5161717,3148733,45532,9218100,464064,250236,23113,1829697,733,9,4.17,63.0,Medium
U501376,34,Salaried,70837,49009,7318,387163,186674,2274563,195895,23628,3044295,365774,83842,170758,349510,544,5,3.58,46.0,Medium
U501377,23,Salaried,170100,125767,23470,326240,681574,2841008,1650641,75846,5499463,795850,239578,166948,1200961,512,1,2.69,39.0,High
U501378,49,Salaried,177827,121213,40378,291492,310697,778727,67212,68007,1448128,93745,7180,115008,557424,335,6,0.68,35.0,High
U501379,23,Salaried,165141,87155,19418,907650,158071,3773927,2467069,54079,7306717,136464,335301,37977,1287745,646,8,3.69,53.0,Medium
U501380,19,Student,10300,6094,4206,41503,5435,0,0,1271,46938,1008,2327,255,22306,640,0,0.38,43.0,Medium
U501381,18,Student,14558,11625,2933,34344,27971,0,0,2338,62315,13407,4226,9616,23557,790,6,0.36,52.0,Medium
U501382,39,Salaried,212831,151672,51064,989553,828754,6259321,1475987,89496,9553615,598611,417680,458381,1036531,788,8,3.74,64.0,Medium
U501383,30,Salaried,92492,56462,17522,292706,777320,279076,744167,21239,2093269,82387,52552,163389,655361,408,2,1.89,35.0,High
U501384,55,Salaried,113630,69803,19753,124660,1065363,2669385,1903290,26481,5762698,319498,140389,99957,377005,368,0,4.23,28.0,High
U501385,50,Salaried,191053,114628,49330,608121,241432,7638224,2222788,94447,10710565,348890,282414,267502,1650469,307,9,4.67,48.0,Medium
U501386,56,Salaried,35363,14768,3865,60212,57629,1157094,264705,547,1539640,13455,35956,2841,311607,412,0,3.63,29.0,High
U501387,38,Salaried,108641,49065,16808,111125,132479,4617544,1456498,37887,6317646,18557,32491,54306,170697,400,9,4.85,39.0,High
U501388,35,Self-Employed,239733,154997,59847,223806,1218525,3535361,4035892,104835,9013584,239341,452367,40583,2535792,559,4,3.13,50.0,Medium
U501389,29,Student,6324,3502,2822,38818,5513,0,0,301,44331,401,774,889,5021,415,0,0.58,34.0,High
U501390,52,Business,210244,102738,42228,50614,909485,8535127,2382806,57478,11878032,517619,246966,231320,1077519,739,10,4.71,62.0,Medium
U501391,43,Self-Employed,95642,61854,32258,3965,659869,3393739,732315,42291,4789888,48582,23036,12440,152816,325,4,4.17,34.0,High
U501392,21,Student,18975,13647,5328,107043,26105,0,0,1468,133148,9796,1207,4415,15294,473,10,0.58,47.0,Medium
U501393,41,Salaried,67555,35422,17810,293942,458590,995398,1087985,30315,2835915,31749,37805,9358,562597,820,3,3.5,56.0,Medium
U501394,25,Self-Employed,176705,127959,57244,19932,1212699,4942045,909638,64839,7084314,47742,177677,85059,600555,434,1,3.34,35.0,High
U501395,43,Salaried,248901,121317,31239,1056937,1523835,1609001,1868206,35282,6057979,234196,233798,172081,534045,686,4,2.03,43.0,Medium
U501396,35,Self-Employed,228868,146059,38710,1164564,1909608,3811610,3209880,34549,10095662,120413,288873,260086,1900941,365,6,3.68,40.0,Medium
U501397,53,Salaried,206926,125857,62183,869953,385371,940105,635156,57680,2830585,857848,331160,87220,1031599,711,7,1.14,61.0,Medium
U501398,45,Salaried,139858,85079,25299,438920,905222,1094284,1270060,16502,3708486,110209,58171,35922,834538,470,8,2.21,45.0,Medium
U501399,23,Student,5259,2852,2407,7870,3613,0,0,80,11483,2571,1501,310,3281,623,5,0.18,51.0,Medium
U501400,41,Salaried,206906,108856,38902,762850,496469,416657,3076946,38375,4752922,564396,374305,118256,1433816,763,6,1.91,58.0,Medium
U501401,38,Self-Employed,210415,92655,35311,160250,367615,6417786,2867789,87927,9813440,288501,411927,123613,1758438,482,2,3.89,39.0,High
U501402,58,Business,169495,113195,58262,29157,265196,4519931,2515931,43731,7330215,484761,305323,18451,1241431,480,2,3.6,45.0,Medium
U501403,48,Salaried,224108,150781,36254,1023177,643230,6286013,3022054,61435,10974474,798513,529357,112590,1584233,311,0,4.08,30.0,High
U501404,24,Business,85974,36241,26613,415062,686831,3110339,1464847,38669,5677079,149731,22590,5288,295524,738,8,5.5,59.0,Medium
U501405,21,Student,9046,7532,1514,23669,18471,0,0,1310,42140,3985,5635,4527,16863,683,4,0.39,44.0,Medium
U501406,27,Student,13088,8410,4678,13776,14014,0,0,85,27790,9384,5219,1686,9907,733,6,0.18,54.0,Medium
U501407,35,Salaried,231714,108578,50499,367570,1117338,6311334,1056476,35774,8852718,339524,226381,345855,1149792,594,0,3.18,40.0,Medium
U501408,24,Salaried,249798,107377,83639,90976,435898,2957929,2247948,51749,5732751,97476,307743,455416,2289273,580,2,1.91,49.0,Medium
U501409,38,Salaried,102419,48280,34116,432398,505338,632215,1141856,23671,2711807,234667,67877,39627,356045,334,4,2.21,38.0,High
U501410,40,Salaried,220109,131230,38953,1186947,759739,4170687,1743871,77371,7861244,80053,153176,494366,2230297,606,1,2.98,44.0,Medium
U501411,53,Salaried,42799,22453,7544,54201,263016,1963335,630776,16241,2911328,63016,31098,34738,96655,779,6,5.67,53.0,Medium
U501412,56,Business,117534,76411,28122,623919,712670,1197736,215501,19509,2749826,355290,64560,207231,894345,418,10,1.95,53.0,Medium
U501413,46,Self-Employed,103030,42050,32058,504912,987684,161006,521073,10956,2174675,100558,55853,180248,724985,406,6,1.76,46.0,Medium
U501414,58,Business,44206,32899,11582,165398,220882,1139982,413028,13885,1939290,162979,64903,19901,262626,476,1,3.66,40.0,Medium
U501415,47,Business,109414,57928,25332,401918,916317,3558055,1453268,16314,6329558,207769,135856,201503,644709,566,3,4.82,45.0,Medium
U501416,29,Self-Employed,35429,25009,9912,193411,154061,147564,106807,15078,601843,10887,13092,48942,241155,831,9,1.42,66.0,Medium
U501417,55,Salaried,66665,49576,16369,119076,301773,3046286,714135,17837,4181270,227389,92397,98120,391700,546,11,5.23,60.0,Medium
U501418,22,Business,64720,44151,21259,94246,136046,2827277,87983,23764,3145552,170612,23281,62630,170034,768,9,4.05,64.0,Medium
U501419,30,Student,13301,6958,6343,85417,28260,0,0,2141,113677,1527,2489,1036,8250,307,9,0.71,45.0,Medium
U501420,42,Self-Employed,170004,111215,43252,189948,1241140,4374357,1828790,43763,7634235,6100,49798,23480,411904,654,8,3.74,52.0,Medium
U501421,22,Student,19675,12448,7227,87658,33874,0,0,298,121532,170,24,152,612,681,0,0.51,41.0,Medium
U501422,43,Salaried,176604,112421,57148,978457,1096348,5543688,2853911,12862,10472404,339184,2370,325928,1477569,777,10,4.94,70.0,Low
U501423,36,Business,58122,25138,12258,194191,531691,1833062,71783,21892,2630727,298178,32006,82758,405475,368,5,3.77,43.0,Medium
U501424,58,Self-Employed,89515,46729,26054,72658,270360,3753610,1205697,31760,5302325,289269,140886,42722,301002,569,7,4.94,52.0,Medium
U501425,20,Student,13130,7422,5708,51630,24872,0,0,627,76502,4327,3099,3416,12646,499,1,0.49,39.0,High
U501426,18,Student,19742,13058,6684,84549,32916,0,0,2207,117465,3242,4040,1903,20723,324,2,0.5,30.0,High
U501427,48,Self-Employed,94821,44878,27436,491479,772105,3859280,760437,47003,5883301,197258,157686,265352,709806,447,3,5.17,45.0,Medium
U501428,44,Self-Employed,80356,50642,10265,26916,170520,2689812,229490,25760,3116738,150890,91410,6109,533604,300,10,3.23,42.0,Medium
U501429,24,Student,17253,12401,4852,19350,29046,0,0,1386,48396,21689,3201,4084,25754,358,9,0.23,42.0,Medium
U501430,28,Salaried,127444,60867,42333,615190,463829,2937556,2277721,37451,6294296,104661,75255,79148,339037,754,5,4.12,55.0,Medium
U501431,29,Salaried,45687,28198,12909,78754,4474,1917390,28932,22371,2029550,142716,38848,97959,365580,599,5,3.7,55.0,Medium
U501432,54,Salaried,178728,84427,18889,169581,1445698,2566528,3089189,68522,7270996,120272,66640,96338,245749,531,10,3.39,45.0,Medium
U501433,35,Self-Employed,128766,90018,22654,408415,985938,5488766,1074159,20862,7957278,456723,196184,279199,786781,332,1,5.15,33.0,High
U501434,34,Salaried,169264,117206,31938,128135,539651,6332520,2646886,44788,9647192,272778,311758,269343,864258,541,1,4.75,39.0,High
U501435,59,Self-Employed,32110,14946,10501,98255,146911,1008347,501609,14189,1755122,66887,30314,32579,177711,558,11,4.55,61.0,Medium
U501436,28,Student,8460,4663,3797,31551,17045,0,0,778,48596,7905,3129,4692,9422,476,9,0.48,53.0,Medium
U501437,46,Self-Employed,205039,143673,69841,1075883,199452,6259806,805141,96922,8340282,857191,263713,390653,730879,834,6,3.39,65.0,Medium
U501438,47,Business,74740,34182,23419,261789,616469,1648831,887853,3127,3414942,245327,79907,147501,425958,515,5,3.81,51.0,Medium
U501439,30,Salaried,199594,91743,36716,428579,1423214,8349495,1154081,25597,11355369,392627,329767,302117,913145,630,11,4.74,59.0,Medium
U501440,19,Student,5795,4774,1021,37667,8927,0,0,773,46594,826,1008,919,2315,814,4,0.67,47.0,Medium
U501441,32,Self-Employed,28608,12357,3695,156326,139168,273982,166576,13956,736052,80886,5384,7835,244367,407,11,2.14,49.0,Medium
U501442,36,Business,229786,116151,61714,1233770,2069540,1602798,966747,30615,5872855,247109,125194,165238,327345,427,6,2.13,40.0,Medium
U501443,32,Salaried,39423,27400,13144,117618,77847,127448,226721,7931,549634,21187,35876,25627,129093,587,6,1.16,50.0,Medium
U501444,50,Self-Employed,150402,108483,29036,801519,889312,2726304,486690,58499,4903825,299557,150863,99372,349344,680,8,2.72,53.0,Medium
U501445,30,Salaried,52053,32126,11385,191503,267857,2059183,532198,8520,3050741,171168,10787,1524,267700,795,6,4.88,58.0,Medium
U501446,21,Student,10497,6697,3800,51300,9247,0,0,283,60547,1919,4413,6100,23849,658,5,0.48,51.0,Medium
U501447,23,Business,120039,57533,41414,354746,915446,1182675,1111264,5099,3564131,485571,182179,243021,755485,597,4,2.47,55.0,Medium
U501448,51,Self-Employed,117537,84544,25620,643731,684734,3323782,1195119,21212,5847366,126744,43283,24274,403978,367,6,4.15,37.0,High
U501449,54,Business,69512,47854,16833,27990,591445,317245,40506,1455,977186,12374,64195,67990,406870,365,10,1.17,47.0,Medium
U501450,47,Business,182268,77608,51018,155927,447867,1522977,855624,27964,2982395,738197,400146,147713,1272194,376,4,1.36,44.0,Medium
U501451,20,Student,11863,9565,2298,63290,6487,0,0,1992,69777,1979,1477,1169,11792,380,3,0.49,29.0,High
U501452,22,Self-Employed,179471,121380,48362,548419,581864,2853123,1147888,80272,5131294,127005,214113,125243,771442,503,3,2.38,41.0,Medium
U501453,19,Student,12917,8355,4562,7378,21067,0,0,1288,28445,11915,5536,1055,19600,493,1,0.18,37.0,High
U501454,23,Student,14269,11528,2741,47340,31664,0,0,2735,79004,2202,5719,2475,18943,762,11,0.46,58.0,Medium
U501455,23,Business,34319,23244,5148,129429,16819,786999,21872,3289,955119,150604,24215,81088,177516,818,1,2.32,51.0,Medium
U501456,28,Student,7102,3905,3197,27865,10481,0,0,419,38346,2332,1719,1084,3790,540,2,0.45,42.0,Medium
U501457,31,Salaried,105835,43854,34340,594331,496747,5036135,866101,12598,6993314,177071,60122,227535,922204,385,7,5.51,50.0,Medium
U501458,36,Self-Employed,71041,36183,10364,416935,223295,195610,1125928,6952,1961768,239902,112876,78012,270510,437,11,2.3,50.0,Medium
U501459,27,Self-Employed,73085,47440,23620,63049,550446,2372056,795620,7317,3781171,108804,121069,64856,371641,715,5,4.31,57.0,Medium
U501460,27,Business,71083,38695,14018,104040,177519,2051198,239536,34470,2572293,195501,89535,38532,279364,803,7,3.02,59.0,Medium
U501461,32,Salaried,134936,55550,14803,174665,359835,4904182,1571007,2315,7009689,29916,125674,55802,443092,380,1,4.33,25.0,High
U501462,39,Self-Employed,208794,151222,44741,1155643,202846,7470348,2702987,35773,11531824,452115,89598,286585,1161030,846,3,4.6,55.0,Medium
U501463,47,Salaried,21213,14033,3361,89223,48119,1008513,243808,757,1389663,5014,9468,9084,65544,568,5,5.46,41.0,Medium
U501464,23,Salaried,202323,125934,54449,219703,293126,4215119,2174176,54968,6902124,477119,186334,178027,704451,300,10,2.84,45.0,Medium
U501465,58,Self-Employed,27439,19728,6564,122627,44936,786931,214007,12677,1168501,21278,75882,3667,293206,720,6,3.55,60.0,Medium
U501466,42,Self-Employed,138726,90350,32515,394488,894758,669649,1164412,22162,3123307,106971,30637,71094,217079,642,10,1.88,54.0,Medium
U501467,22,Student,17386,9707,7679,50562,18901,0,0,1963,69463,1803,361,423,3495,421,5,0.33,41.0,Medium
U501468,30,Student,16925,12990,3935,61080,36528,0,0,2979,97608,2030,4544,3236,16555,364,6,0.48,34.0,High
U501469,37,Self-Employed,152129,90693,48630,149222,91311,5053198,1578861,66461,6872592,529,117579,44511,899509,471,9,3.76,51.0,Medium
U501470,24,Salaried,207655,144740,53260,754122,1924474,7723358,1670248,60705,12072202,435447,45417,111987,672510,510,10,4.84,52.0,Medium
U501471,43,Self-Employed,144938,97600,50253,781850,3185,1693268,5072,57069,2483375,131329,258843,44172,989211,441,0,1.43,38.0,High
U501472,48,Self-Employed,210699,140924,67138,133102,1435870,9057100,757431,87951,11383503,182624,210940,74829,1433031,540,7,4.5,53.0,Medium
U501473,28,Salaried,21730,9451,2959,69333,151426,698890,153963,5745,1073612,27187,54819,42820,150467,616,2,4.12,44.0,Medium
U501474,26,Student,12652,7203,5449,70501,26326,0,0,278,96827,2793,974,1057,4250,663,10,0.64,60.0,Medium
U501475,21,Student,15625,11644,3981,25436,8159,0,0,956,33595,19143,3782,4293,26530,364,8,0.18,40.0,Medium
U501476,47,Business,51031,27712,14468,126066,194971,322166,853024,8832,1496227,229890,69761,165,369384,388,0,2.44,37.0,High
U501477,28,Student,12640,8346,4294,14133,23868,0,0,2438,38001,15751,538,442,23756,502,0,0.25,35.0,High
U501478,33,Salaried,222734,137331,75049,627838,1445879,7049930,569083,62485,9692730,126929,72976,219483,894146,395,9,3.63,48.0,Medium
U501479,44,Salaried,167593,120828,21711,117373,46309,7370334,1027351,22208,8561367,29230,19544,24224,526649,644,11,4.26,52.0,Medium
U501480,57,Salaried,30138,22332,7558,36151,199554,1337797,535682,9681,2109184,44393,74467,33687,231943,597,9,5.83,59.0,Medium
U501481,57,Salaried,82780,46659,19349,38624,670583,1580636,882620,11491,3172463,427473,38476,28420,596061,551,5,3.19,50.0,Medium
U501482,22,Business,93173,42050,29095,77955,657974,1705821,258450,45627,2700200,150806,121306,23291,335726,316,9,2.42,45.0,Medium
U501483,29,Business,227902,98652,62226,1026112,1062829,4508914,1459305,37602,8057160,112060,150952,325137,1156111,493,0,2.95,36.0,High
U501484,20,Student,15097,8373,6724,78147,22810,0,0,970,100957,2602,1166,5553,25313,309,9,0.56,45.0,Medium
U501485,45,Self-Employed,171136,106401,58917,157839,1587675,4912638,2244224,15822,8902376,46049,77300,11862,345922,410,7,4.33,43.0,Medium
U501486,45,Salaried,73733,44124,20895,24046,157791,1586078,1148661,1685,2916576,171525,16019,50716,223614,521,3,3.3,42.0,Medium
U501487,24,Student,7384,4888,2496,44671,16117,0,0,1226,60788,75,19,34,114,497,5,0.69,41.0,Medium
U501488,28,Business,147434,103392,44721,795852,946593,5240033,2159852,25230,9142330,150729,184109,86100,833786,511,7,5.17,50.0,Medium
U501489,24,Salaried,226685,148082,74906,1098633,2056476,1234275,2526935,106445,6916319,227769,28398,82233,945457,510,9,2.54,52.0,Medium
U501490,28,Student,14842,10926,3916,55202,26091,0,0,711,81293,7569,3432,4,16601,338,7,0.46,36.0,High
U501491,28,Business,28015,12843,7191,105332,139707,85123,207079,5457,537241,117587,39257,12959,208652,349,5,1.6,43.0,Medium
U501492,28,Salaried,104848,75936,25425,600515,972536,4799689,104101,43765,6476841,94563,151669,206439,593212,664,2,5.15,47.0,Medium
U501493,27,Student,7441,3977,3464,12677,105,0,0,1310,12782,1025,1768,431,17055,437,4,0.14,43.0,Medium
U501494,55,Business,44967,19108,9875,182600,223072,1725263,312507,19229,2443442,172220,16988,52927,296392,366,6,4.53,43.0,Medium
U501495,32,Self-Employed,151249,79070,35854,248709,1076162,374864,2701514,30511,4401249,13373,44416,272188,1470784,676,5,2.42,54.0,Medium
U501496,20,Student,17007,13385,3622,23546,3558,0,0,3076,27104,5803,1387,876,39646,366,5,0.13,33.0,High
U501497,32,Salaried,39478,25440,9638,217602,85662,1394668,295538,12997,1993470,53673,7190,22017,333087,513,9,4.21,53.0,Medium
U501498,31,Salaried,203014,126805,21846,1181770,1907598,179331,1740691,79357,5009390,104024,126663,136444,1913817,837,7,2.06,59.0,Medium
U501499,24,Student,15537,9809,5728,59679,14552,0,0,2177,74231,523,205,768,5851,751,5,0.4,53.0,Medium
U501500,23,Business,182156,98029,29453,492452,1498904,2161606,3204566,74845,7357528,209938,114210,6831,699172,305,6,3.37,33.0,High
U501501,43,Self-Employed,172768,74042,18126,593015,1136301,1177533,2491199,55706,5398048,61131,191674,131570,1126670,773,0,2.6,43.0,Medium
U501502,30,Salaried,142146,72779,48934,811436,515567,2820855,1369051,16445,5516909,34118,87663,30491,289710,408,8,3.23,45.0,Medium
U501503,53,Self-Employed,190102,79298,40930,517813,31595,7890782,2341917,42972,10782107,257951,148161,4237,463997,371,4,4.73,33.0,High
U501504,23,Student,10239,5333,4906,5335,22274,0,0,1535,27609,3683,918,1156,6269,710,9,0.22,62.0,Medium
U501505,54,Self-Employed,45472,25904,5084,117190,80623,918719,443017,21836,1559549,62650,13229,7229,133570,548,9,2.86,45.0,Medium
U501506,21,Student,5485,4557,928,30230,5607,0,0,562,35837,1160,909,914,3161,687,7,0.54,47.0,Medium
U501507,35,Salaried,107744,75952,29503,402654,464086,1983591,795182,47609,3645513,68262,2543,55462,1189118,739,5,2.82,59.0,Medium
U501508,39,Salaried,65330,38793,18748,297767,323634,193656,256640,26696,1071697,20836,8249,34616,406612,358,11,1.37,49.0,Medium
U501509,46,Self-Employed,56493,38151,7432,209312,398485,1537254,156843,16823,2301894,3029,23135,19336,97052,537,8,3.4,42.0,Medium
U501510,44,Self-Employed,212481,93015,59559,491019,23913,6864031,1573887,45552,8952850,241466,185883,221455,1241043,497,10,3.51,54.0,Medium
U501511,54,Self-Employed,245995,121778,51748,1444127,1855655,6273784,224600,86650,9798166,366798,357761,62031,2548703,830,6,3.32,63.0,Medium
U501512,53,Salaried,226544,93899,73955,1027697,2026210,282845,2919664,110708,6256416,57850,93970,144543,473229,640,4,2.3,47.0,Medium
U501513,40,Self-Employed,142310,96016,20693,194861,269298,2307862,688003,56365,3460024,121417,27060,131043,477054,513,9,2.03,46.0,Medium
U501514,29,Student,8853,4452,4401,37006,2247,0,0,1652,39253,166,119,161,846,555,11,0.37,59.0,Medium
U501515,48,Business,96811,48740,26267,298110,13897,907802,1717738,45125,2937547,136733,88950,154824,419835,436,10,2.53,51.0,Medium
U501516,23,Salaried,44663,27703,9477,214005,63222,1111985,594542,4738,1983754,25649,7260,40382,334372,455,0,3.7,34.0,High
U501517,26,Business,23259,11628,7543,10724,157772,172531,285901,9091,626928,104963,64638,3864,154387,724,2,2.25,56.0,Medium
U501518,45,Salaried,34682,25884,4528,144216,312286,230805,209134,6300,896441,45511,12082,26934,123184,620,11,2.15,53.0,Medium
U501519,40,Salaried,216814,103824,52688,814663,1369832,9180907,2897910,37651,14263312,376925,142639,242429,585641,617,1,5.48,41.0,Medium
U501520,42,Salaried,90053,36354,12359,192841,259753,2805415,70027,43281,3328036,198996,42955,134488,906036,827,1,3.08,52.0,Medium
U501521,38,Salaried,235962,155336,38453,467001,122265,1796653,2554112,74417,4940031,244831,19104,152741,360884,348,1,1.74,24.0,High
U501522,30,Student,8272,4353,3919,19536,10078,0,0,477,29614,274,1876,1325,7917,824,2,0.3,55.0,Medium
U501523,57,Salaried,85564,49603,26941,172819,60086,1886491,1264798,8913,3384194,12404,18319,4325,205211,374,11,3.3,47.0,Medium
U501524,48,Self-Employed,149983,69313,31512,460743,329397,3262672,17745,6619,4070557,75102,89439,182373,876548,792,8,2.26,60.0,Medium
U501525,21,Student,6217,4700,1517,7217,3281,0,0,1042,10498,3953,795,2124,8070,438,7,0.14,40.0,Medium
U501526,27,Salaried,181350,107398,28672,1058470,101332,1981379,2900219,48937,6041400,125743,166271,37639,1074721,665,0,2.78,39.0,High
U501527,32,Salaried,173708,86413,60724,959313,549968,7066240,3032958,6738,11608479,611413,237558,18341,1253873,702,5,5.57,60.0,Medium
U501528,32,Salaried,142304,89847,25217,799048,808649,3733677,2281512,33031,7622886,137597,203459,165545,1079388,306,7,4.46,40.0,Medium
U501529,21,Student,11543,8751,2792,50268,4818,0,0,283,55086,5594,3040,244,9979,809,3,0.4,48.0,Medium
U501530,37,Salaried,240528,145242,75419,610841,1517788,218636,719624,92064,3066889,72244,51228,183978,716374,307,11,1.06,45.0,Medium
U501531,24,Student,12762,8250,4512,57305,19265,0,0,2169,76570,3691,2206,68,8283,494,6,0.5,44.0,Medium
U501532,28,Salaried,171056,92595,36267,942200,731565,7764500,834965,8673,10273230,445099,182155,133073,1097211,468,9,5.0,51.0,Medium
U501533,43,Salaried,64396,30992,6840,361862,261939,1884477,794682,23174,3302960,255027,91322,131613,189905,544,2,4.27,38.0,High
U501534,27,Self-Employed,77837,35878,12341,291360,547291,260493,1123271,30364,2222415,123167,26118,108821,348553,585,8,2.38,49.0,Medium
U501535,24,Student,11085,7571,3514,37431,4987,0,0,1187,42418,5343,862,1876,22636,619,8,0.32,52.0,Medium
U501536,43,Salaried,71943,48071,23623,338840,217902,703551,277392,12322,1537685,36599,29999,54117,220506,368,8,1.78,44.0,Medium
U501537,51,Business,183346,102117,63092,1058930,731309,1491636,3275582,4999,6557457,193064,325376,198454,1066684,826,8,2.98,67.0,Medium
U501538,28,Student,12441,9635,2806,68980,14961,0,0,1498,83941,3967,1316,1198,25537,429,3,0.56,33.0,High
U501539,26,Student,19275,9872,9403,46475,26438,0,0,1225,72913,2164,5977,3399,19538,744,5,0.32,57.0,Medium
U501540,19,Student,9330,6517,2813,24318,19287,0,0,1670,43605,1915,4496,990,25916,745,6,0.39,54.0,Medium
U501541,36,Business,27170,19765,9031,28820,148099,514426,215025,12204,906370,23034,39678,34555,115763,830,0,2.78,52.0,Medium
U501542,43,Salaried,56073,35224,17032,57360,337934,582121,587157,8103,1564572,39530,15002,5116,191351,606,0,2.33,39.0,High
U501543,30,Student,13915,11723,2192,50486,15301,0,0,2049,65787,14617,4663,7321,13645,705,5,0.39,45.0,Medium
U501544,45,Business,57431,37062,13664,199062,548930,156046,916333,4637,1820371,49033,54248,83112,605461,311,9,2.64,48.0,Medium
U501545,41,Salaried,97259,63625,18312,509614,794568,3505528,33307,31375,4843017,35597,170774,85072,669651,709,5,4.15,52.0,Medium
U501546,23,Salaried,64496,28046,7039,216478,163134,2873529,187419,25164,3440560,67363,14994,5594,272593,726,3,4.45,43.0,Medium
U501547,36,Self-Employed,162273,82706,39420,188584,1021019,2600268,1189747,54196,4999618,274015,128375,176047,1258444,806,7,2.57,63.0,Medium
U501548,28,Student,14243,11635,2608,60339,6481,0,0,2120,66820,14211,6342,5173,19534,373,0,0.39,24.0,High
U501549,47,Salaried,89281,46738,19819,476628,440870,3717624,799838,39327,5434960,396222,12679,24271,651947,418,3,5.07,40.0,Medium
U501550,32,Salaried,20177,8123,4472,51142,26453,131123,56025,1467,264743,25871,6442,16724,57944,503,2,1.09,36.0,High
U501551,36,Self-Employed,198433,93749,54987,256446,1129595,2537188,2767444,13736,6690673,659726,38624,85250,969185,697,6,2.81,56.0,Medium
U501552,30,Salaried,198586,112742,35873,239844,1858835,7822571,170573,28568,10091823,330334,63926,55673,793612,737,4,4.23,49.0,Medium
U501553,30,Student,5931,4958,973,12771,12762,0,0,611,25533,3976,2665,666,10671,629,0,0.36,34.0,High
U501554,34,Salaried,157285,69734,47753,54621,707331,168464,2651062,31289,3581478,570373,203058,297518,660497,306,4,1.9,39.0,High
U501555,32,Business,208117,132859,44033,467091,607373,380665,1817029,90333,3272158,299118,41172,116002,1083692,828,10,1.31,64.0,Medium
U501556,44,Salaried,108108,76354,26124,613162,243031,5110803,1410981,27761,7377977,84742,61029,13084,242081,436,3,5.69,35.0,High
U501557,29,Salaried,103889,47042,13639,438839,942744,4554812,1161573,21148,7097968,260251,110639,51661,266816,401,1,5.69,28.0,High
U501558,59,Business,129345,54752,32460,303319,157090,4528355,938431,38565,5927195,114554,246419,125881,1115103,500,5,3.82,48.0,Medium
U501559,59,Salaried,50563,33304,7036,44425,217112,164611,66637,17472,492785,1141,84609,36779,422277,559,5,0.81,45.0,Medium
U501560,46,Business,191758,130811,46277,613546,766085,2639723,570681,64747,4590035,223476,160741,93032,364163,397,5,1.99,37.0,High
U501561,23,Student,17643,11688,5955,43095,13454,0,0,1545,56549,15317,6959,6721,25978,392,8,0.27,44.0,Medium
U501562,52,Salaried,34626,17236,7080,166546,114815,1171468,377810,5946,1830639,187215,64568,55991,166994,738,0,4.41,49.0,Medium
U501563,20,Student,18524,14323,4201,118759,32432,0,0,517,151191,1310,380,53,2874,704,1,0.68,39.0,High
U501564,28,Student,12417,9188,3229,67637,28673,0,0,1924,96310,1156,2700,581,18612,600,7,0.65,47.0,Medium
U501565,21,Student,16416,10234,6182,8288,25718,0,0,3204,34006,1293,196,696,9470,543,11,0.17,54.0,Medium
U501566,24,Student,18456,14556,3900,82407,9051,0,0,2348,91458,647,130,137,763,563,1,0.41,32.0,High
U501567,42,Business,131463,56491,24178,183169,663241,3423150,268265,33302,4537825,48922,101737,96090,815507,462,11,2.88,51.0,Medium
U501568,52,Salaried,234569,166883,25412,632362,1903697,780173,395187,40321,3711419,299236,186023,112358,534739,646,7,1.32,46.0,Medium
U501569,45,Salaried,161852,85035,42580,121093,990217,799571,446142,35593,2357023,135746,73252,9053,186097,566,8,1.21,48.0,Medium
U501570,28,Salaried,82170,50526,10681,338594,41280,2149537,90144,21270,2619555,323667,78771,165736,429322,484,4,2.66,41.0,Medium
U501571,23,Student,5973,3042,2931,17446,5619,0,0,848,23065,110,352,761,5811,590,8,0.32,56.0,Medium
U501572,32,Salaried,119171,60627,15473,161562,529854,4672977,1829351,35231,7193744,147559,18458,202189,774700,683,2,5.03,44.0,Medium
U501573,26,Student,17473,14630,2843,25189,33475,0,0,3372,58664,5665,3661,2363,17213,560,5,0.28,38.0,High
U501574,50,Self-Employed,29041,17885,6890,94733,260228,839249,187289,6217,1381499,73178,35558,33775,68798,347,1,3.96,30.0,High
U501575,40,Self-Employed,227858,114442,43613,779247,1587953,2735959,2057831,697,7160990,137494,372482,339540,1274507,490,10,2.62,51.0,Medium
U501576,37,Self-Employed,132417,56380,37018,92750,340859,5477399,220066,31091,6131074,109711,93891,59768,282588,376,8,3.86,42.0,Medium
U501577,42,Self-Employed,198837,85918,50100,494243,819171,666607,929881,32566,2909902,117530,128254,92541,586484,418,1,1.22,32.0,High
U501578,23,Salaried,62931,25245,11410,287516,2224,1632158,1120147,17156,3042045,64133,30883,38607,180621,579,5,4.03,43.0,Medium
U501579,34,Self-Employed,119203,53994,21242,234651,420668,4829315,1495965,30781,6980599,264231,118882,266895,915410,730,0,4.88,47.0,Medium
U501580,18,Student,11685,9210,2475,29982,26099,0,0,357,56081,135,84,24,186,620,7,0.4,45.0,Medium
U501581,46,Self-Employed,184002,95964,54968,497813,1666071,7181550,2009247,40642,11354681,109622,165790,126338,437574,433,1,5.14,34.0,High
U501582,42,Salaried,23232,13108,6065,131303,27668,338402,333742,9098,831115,2120,19995,3611,81783,642,10,2.98,56.0,Medium
U501583,51,Salaried,229543,127803,67108,1084016,2136230,8762531,205467,29128,12188244,211661,211330,347007,1124005,391,11,4.42,52.0,Medium
U501584,34,Business,64429,46808,10957,336139,295981,2781016,760002,25510,4173138,121531,73282,1225,460930,315,6,5.4,37.0,High
U501585,25,Student,10032,6179,3853,8146,14404,0,0,527,22550,1202,5344,2960,22371,643,6,0.19,53.0,Medium
U501586,44,Self-Employed,56538,30384,18843,325946,160854,2301691,791314,6158,3579805,116102,18948,74382,308433,471,10,5.28,55.0,Medium
U501587,31,Salaried,20703,14080,4544,97994,145256,677722,47275,3275,968247,31706,10932,7519,158799,727,11,3.9,64.0,Medium
U501588,41,Self-Employed,104682,44061,33518,166648,239183,1246524,1061731,8100,2714086,49764,28998,4695,223759,669,5,2.16,50.0,Medium
U501589,53,Salaried,178490,76657,33753,512412,800631,5325748,3151625,44294,9790416,119127,168058,70774,1327155,379,2,4.57,33.0,High
U501590,48,Salaried,24971,13117,3107,1282,141496,1124012,351278,862,1618068,15138,4404,11272,65837,575,1,5.4,33.0,High
U501591,39,Salaried,102095,50530,29860,283840,945140,293583,1763999,6911,3286562,25546,17881,1177,233155,729,1,2.68,44.0,Medium
U501592,31,Self-Employed,194409,121047,22352,224731,1140841,5296981,1869371,28673,8531924,134034,19911,58629,321248,787,8,3.66,52.0,Medium
U501593,52,Self-Employed,120069,67258,28127,325181,1052853,4149331,2082577,45190,7609942,46066,29283,52989,285142,444,0,5.28,29.0,High
U501594,34,Self-Employed,223273,94024,23193,773068,711398,6908749,26264,50438,8419479,345100,338676,178439,1744424,562,2,3.14,40.0,Medium
U501595,40,Self-Employed,74507,55665,16338,182546,511956,3347767,1258855,26929,5301124,199246,143235,57352,438218,413,7,5.93,46.0,Medium
U501596,47,Business,235624,125728,47771,1248253,1488270,10570870,1273777,59656,14581170,140925,425374,152918,1506942,570,1,5.16,40.0,Medium
U501597,42,Salaried,89403,36062,24892,503197,337993,3211248,840014,38948,4892452,22156,21781,42665,175635,800,6,4.56,55.0,Medium
U501598,27,Student,9495,6155,3340,55560,10447,0,0,1051,66007,8081,3952,2006,16255,842,3,0.58,55.0,Medium
U501599,39,Self-Employed,53315,30125,11871,242650,53124,731681,829854,14366,1857309,5561,75093,150,304934,539,7,2.9,48.0,Medium
U501600,28,Self-Employed,229268,98134,51617,1263487,1791747,10741004,1688154,82826,15484392,266442,405772,276207,1258979,548,8,5.63,52.0,Medium
U501601,56,Self-Employed,198819,99208,43101,540067,551149,4893895,2239720,90305,8224831,79854,37342,14837,405963,397,7,3.45,38.0,High
U501602,58,Self-Employed,129981,94635,15664,368914,549822,2119028,2196965,48566,5234729,63643,111612,162452,517222,362,8,3.36,38.0,High
U501603,48,Salaried,193802,79080,26747,901859,1338447,5195164,1145904,69286,8581374,309988,88744,126865,724315,387,1,3.69,28.0,High
U501604,25,Student,18389,14407,3982,107465,20854,0,0,3396,128319,5912,2022,1860,22936,387,9,0.58,40.0,Medium
U501605,59,Salaried,107568,73537,31328,466890,441050,552373,225388,24679,1685701,139167,17112,32102,385377,413,0,1.31,32.0,High
U501606,22,Salaried,31118,14967,3675,45856,230703,1192980,46032,1612,1515571,9878,6407,8321,162384,709,5,4.06,47.0,Medium
U501607,53,Business,95881,52280,23006,249173,16075,2601085,816060,19058,3682393,7936,168081,8152,715290,654,3,3.2,48.0,Medium
U501608,46,Self-Employed,185429,119074,53416,943879,237642,3535980,1886034,79154,6603535,209522,11439,84817,242599,412,10,2.97,46.0,Medium
U501609,50,Business,42723,18365,13401,143309,94907,416890,535262,18698,1190368,41791,47066,33710,119440,415,4,2.32,39.0,High
U501610,57,Salaried,235218,162300,77088,1262604,1077824,3647210,3702829,47571,9690467,811851,457099,447314,584546,783,7,3.43,64.0,Medium
U501611,25,Student,6237,4676,1561,17845,9145,0,0,942,26990,5203,207,1275,11729,387,5,0.36,35.0,High
U501612,53,Business,73265,45349,10125,16911,542396,136080,525226,35773,1220613,75103,48520,13633,249400,560,9,1.39,47.0,Medium
U501613,59,Business,30109,17768,5431,119816,48093,876854,360688,5016,1405451,55621,5109,57557,269117,501,5,3.89,46.0,Medium
U501614,26,Student,7955,4483,3472,28478,4852,0,0,845,33330,3336,551,719,4112,833,11,0.35,69.0,Medium
U501615,22,Student,14834,8778,6056,13133,5433,0,0,955,18566,705,174,503,1288,363,11,0.1,48.0,Medium
U501616,30,Self-Employed,204978,129208,59839,180607,788840,1781834,1510446,90781,4261727,307616,44971,108596,472939,611,10,1.73,56.0,Medium
U501617,54,Salaried,239994,130759,64812,481374,552650,4102682,563237,8715,5699943,1354631,181132,238700,1631667,649,6,1.98,58.0,Medium
U501618,48,Salaried,66586,44836,17832,28278,443261,1435350,45734,26494,1952623,94262,40594,12902,249327,720,9,2.44,59.0,Medium
U501619,59,Salaried,117035,57324,18990,16096,736739,2272402,1222024,45367,4247261,456000,150239,67890,541917,380,2,3.02,33.0,High
U501620,58,Self-Employed,114789,46593,39893,38655,566950,1151885,98274,2798,1855764,249107,83372,18031,871249,432,5,1.35,47.0,Medium
U501621,55,Self-Employed,188954,109666,55508,957862,1091273,403001,2630851,70553,5082987,163305,132263,59399,432998,820,1,2.24,49.0,Medium
U501622,55,Self-Employed,225182,123511,48784,917883,1778198,10697538,2122663,70527,15516282,433990,213207,641030,1923339,571,10,5.74,60.0,Medium
U501623,23,Self-Employed,104299,69048,32840,312300,943928,1772336,61429,17582,3089993,168946,86731,45642,510219,798,5,2.47,59.0,Medium
U501624,33,Salaried,167762,102129,55730,279022,247793,3994785,145918,61980,4667518,142872,88032,110254,1242299,385,11,2.32,54.0,Medium
U501625,20,Student,18188,11722,6466,4885,4790,0,0,1099,9675,3740,139,5948,30454,618,2,0.04,43.0,Medium
U501626,29,Salaried,28760,18233,7407,22436,211796,245516,177506,7434,657254,47628,42405,18873,152006,740,1,1.9,49.0,Medium
U501627,26,Student,5040,4184,856,11844,8343,0,0,470,20187,1006,1043,1163,3106,617,10,0.33,49.0,Medium
U501628,46,Self-Employed,74890,34390,10917,426419,12970,1350022,682042,8764,2471453,105755,11469,47705,427650,709,1,2.75,43.0,Medium
U501629,56,Salaried,97206,71823,24771,309212,105750,408784,1285644,7356,2109390,200871,78248,89324,220853,713,8,1.81,57.0,Medium
U501630,59,Salaried,221434,147972,58060,749398,549066,3885961,2512811,91242,7697236,1037954,108845,383576,1596925,519,3,2.9,47.0,Medium
U501631,26,Student,9146,6192,2954,55126,16377,0,0,1033,71503,527,1259,1695,10557,363,2,0.65,31.0,High
U501632,47,Salaried,198308,127073,51501,982899,1176194,5461446,2086097,96707,9706636,250262,54033,145149,837061,676,3,4.08,47.0,Medium
U501633,56,Salaried,182217,97256,30526,610842,1054401,3495738,1731652,79131,6892633,45939,90522,139722,1544724,436,7,3.15,44.0,Medium
U501634,42,Salaried,192499,92759,30765,217195,388116,4198417,3439365,47381,8243093,427377,10905,66214,759713,608,4,3.57,43.0,Medium
U501635,46,Salaried,126888,55459,15117,394149,797131,3354502,455085,52624,5000867,24706,985,1908,349817,610,3,3.28,37.0,High
U501636,40,Self-Employed,122902,67023,33850,695060,588688,2230644,1546613,10661,5061005,132334,95543,28081,223858,837,0,3.43,47.0,Medium
U501637,22,Business,95338,45561,24122,326544,908218,2593613,595692,7707,4424067,194498,58886,64338,830502,624,2,3.87,48.0,Medium
U501638,34,Business,223152,112360,45392,1087740,865104,2124863,3726344,58911,7804051,688455,174757,304578,1997181,373,7,2.91,46.0,Medium
U501639,36,Salaried,92526,67868,14168,174520,324428,691691,1223960,22093,2414599,216505,73162,74588,200263,506,1,2.17,33.0,High
U501640,31,Salaried,212326,143708,40353,107299,370460,1249654,3119106,13103,4846519,384427,196557,112350,362638,504,11,1.9,50.0,Medium
U501641,34,Salaried,174140,85896,26641,64990,1144278,3112470,2394447,40717,6716185,417842,169302,146633,357775,511,7,3.21,43.0,Medium
U501642,25,Self-Employed,76103,39797,19063,188649,535460,19993,1258005,26893,2002107,78024,65768,95266,594622,388,3,2.19,39.0,High
U501643,45,Business,71094,49173,11410,108218,218749,1641872,162837,6500,2131676,10118,98983,45432,544582,363,11,2.5,47.0,Medium
U501644,50,Salaried,28333,17551,7227,4072,147155,1174572,42849,9223,1368648,115765,32204,43,150598,661,0,4.03,45.0,Medium
U501645,33,Salaried,92895,42146,16351,55493,797647,3733887,945469,43486,5532496,151037,31825,133842,728852,604,0,4.96,40.0,Medium
U501646,54,Self-Employed,108885,67893,28731,44172,306595,937225,118856,16376,1406848,124202,81316,37195,344057,422,8,1.08,44.0,Medium
U501647,30,Student,12478,6678,5800,25196,19436,0,0,239,44632,7926,1544,4220,14103,541,11,0.3,59.0,Medium
U501648,48,Self-Employed,91149,37119,28740,179495,293702,3948251,312940,29381,4734388,30586,147738,83234,1032372,581,0,4.33,47.0,Medium
U501649,30,Student,15631,8662,6969,108885,2668,0,0,2488,111553,4613,3814,1572,15730,838,8,0.59,65.0,Medium
U501650,26,Self-Employed,59434,33582,8917,346841,129542,1167460,152789,12060,1796632,63451,65508,7462,444119,485,8,2.52,47.0,Medium
U501651,28,Salaried,24505,13896,5924,74842,183726,882973,2618,9951,1144159,38060,20989,12157,33880,300,2,3.89,28.0,High
U501652,19,Student,15167,7925,7242,108779,32718,0,0,2811,141497,3085,4828,1510,24798,628,3,0.78,49.0,Medium
U501653,25,Business,137268,78570,27280,601728,1128993,4529085,48410,13092,6308216,296377,181936,232752,1193900,384,5,3.83,43.0,Medium
U501654,23,Student,7286,4109,3177,34656,14356,0,0,622,49012,4566,1344,1841,14198,677,2,0.56,49.0,Medium
U501655,32,Self-Employed,212987,123549,66428,95084,503726,5983899,1925207,60927,8507916,198593,180135,234094,1380892,804,8,3.33,65.0,Medium
U501656,37,Self-Employed,146640,68885,46027,632149,535903,2980556,1227597,63547,5376205,40319,33720,38905,257600,438,6,3.06,41.0,Medium
U501657,24,Salaried,62213,38377,20629,60059,233294,1978481,2621,28052,2274455,31720,125242,40486,448536,537,2,3.05,46.0,Medium
U501658,38,Salaried,80673,33809,19242,438373,464220,3293897,652973,22493,4849463,300884,9560,161814,626838,351,4,5.01,41.0,Medium
U501659,29,Student,17162,12062,5100,23005,28781,0,0,1025,51786,14547,7126,981,19958,615,7,0.25,49.0,Medium
U501660,56,Self-Employed,82638,50879,13281,214784,516461,3165774,1163336,15311,5060355,204371,93762,14703,543479,780,1,5.1,48.0,Medium
U501661,23,Self-Employed,119108,69411,40901,66247,973718,2336586,228177,5366,3604728,89067,194757,35421,908127,565,3,2.52,49.0,Medium
U501662,46,Salaried,43911,31966,13616,30164,263820,1870722,152823,20107,2317529,55281,46859,33792,311595,734,7,4.4,61.0,Medium
U501663,50,Self-Employed,121870,69936,27166,319193,1048335,1952701,530820,52274,3851049,46610,61160,116982,530286,467,5,2.63,41.0,Medium
U501664,51,Business,53794,34676,11313,53999,10386,989073,777141,5774,1830599,50752,34548,22533,168783,671,3,2.84,44.0,Medium
U501665,35,Self-Employed,165383,72006,53127,391254,279115,7019241,1471591,51276,9161201,184816,74901,153457,1797968,389,2,4.62,42.0,Medium
U501666,18,Student,8410,5385,3025,7334,5908,0,0,1483,13242,2044,993,3010,11536,493,6,0.13,45.0,Medium
U501667,28,Salaried,111866,74468,27079,251544,939555,1670709,934184,32709,3795992,440051,118678,100960,615187,562,5,2.83,49.0,Medium
U501668,46,Self-Employed,22756,13614,3092,19661,62444,495708,57116,10093,634929,18092,52152,6839,187131,695,6,2.33,53.0,Medium
U501669,58,Salaried,58838,33093,13027,100871,290521,2412805,544858,18091,3349055,53692,95019,98226,385849,470,7,4.74,48.0,Medium
U501670,27,Student,6829,4634,2195,15988,9637,0,0,14,25625,1302,886,614,2176,495,2,0.31,36.0,High
U501671,59,Self-Employed,158023,86646,44398,497994,1245551,1038405,2126324,61377,4908274,93344,74337,93264,382860,467,1,2.59,34.0,High
U501672,28,Salaried,194997,114117,26436,1164187,1854596,1328552,2483516,7081,6830851,103068,56068,67129,839581,667,10,2.92,53.0,Medium
U501673,28,Student,7324,3771,3553,47054,6781,0,0,917,53835,4093,1527,937,4501,666,1,0.61,47.0,Medium
U501674,47,Business,20027,14883,3478,90053,61121,876683,65120,9377,1092977,39968,18412,3754,65607,711,5,4.55,49.0,Medium
U501675,27,Student,12471,7608,4863,57468,23735,0,0,1981,81203,8101,4905,5492,12482,494,4,0.54,43.0,Medium
U501676,34,Salaried,129334,78857,42236,348178,699512,4303321,890187,23086,6241198,243188,171220,135777,570131,535,7,4.02,52.0,Medium
U501677,56,Salaried,118408,61290,15787,691195,362456,4798742,1791558,18129,7643951,242121,24124,54891,402112,688,4,5.38,45.0,Medium
U501678,55,Business,101651,50599,12712,369602,18184,3143460,441641,35632,3972887,379030,22998,31305,722826,372,7,3.26,41.0,Medium
U501679,30,Student,5510,3696,1814,26484,243,0,0,960,26727,1379,653,456,16670,600,1,0.4,41.0,Medium
U501680,42,Salaried,34254,20191,8666,43673,115223,1175945,103922,11174,1438763,25649,22269,1125,97112,529,4,3.5,41.0,Medium
U501681,52,Self-Employed,36213,20422,10655,2102,281759,1459135,490723,12068,2233719,54327,10066,24838,54528,654,4,5.14,47.0,Medium
U501682,52,Self-Employed,155459,87853,31532,239995,56001,3280577,919286,75511,4495859,198287,29644,15369,296560,745,5,2.41,49.0,Medium
U501683,38,Self-Employed,169589,98868,20976,953334,1262396,18357,2272318,83938,4506405,277994,269229,363394,946865,740,11,2.21,62.0,Medium
U501684,57,Business,113301,58199,15178,201221,864456,2216368,854798,41141,4136843,83723,62581,48421,982756,419,7,3.04,42.0,Medium
U501685,48,Self-Employed,24810,13802,5578,33370,27077,691291,281382,11558,1033120,55496,6508,18646,159275,449,4,3.47,41.0,Medium
U501686,44,Salaried,115572,79524,28532,94517,246944,3711474,592104,53307,4645039,36159,6100,136878,716893,765,4,3.35,53.0,Medium
U501687,20,Student,9794,7209,2585,18230,10702,0,0,58,28932,751,384,293,587,524,11,0.25,49.0,Medium
U501688,29,Student,19998,10785,9213,93458,22161,0,0,2652,115619,10668,2431,2001,31089,455,7,0.48,48.0,Medium
U501689,22,Salaried,63547,34305,19403,207727,533442,1311832,987568,19016,3040569,60797,8920,83457,416005,733,6,3.99,58.0,Medium
U501690,59,Salaried,104001,50855,22890,63295,124053,1403712,401523,26801,1992583,24046,256671,236590,784206,399,3,1.6,40.0,Medium
U501691,56,Salaried,221210,145009,61827,244420,180257,4952832,2068748,74532,7446257,205163,326632,157011,2115949,300,9,2.81,48.0,Medium
U501692,31,Salaried,39575,21778,10410,197602,315823,1340247,396394,18533,2250066,46232,8089,21118,73167,743,0,4.74,43.0,Medium
U501693,25,Student,12746,8014,4732,42954,26378,0,0,464,69332,5669,2227,1788,9609,633,5,0.45,49.0,Medium
U501694,28,Student,16579,13046,3533,43942,20905,0,0,2702,64847,204,1032,891,43060,786,4,0.33,49.0,Medium
U501695,20,Student,9652,6739,2913,5363,17549,0,0,803,22912,3505,113,2882,21510,498,6,0.2,43.0,Medium
U501696,49,Salaried,175955,126883,42781,457296,1444737,1709647,2078495,38088,5690175,48505,14345,70048,684571,589,8,2.69,50.0,Medium
U501697,54,Salaried,70336,28647,13653,347826,133352,2344999,487204,33052,3313381,116978,55437,8634,190229,609,1,3.93,38.0,High
U501698,26,Student,12491,8332,4159,39753,3985,0,0,515,43738,10855,517,2997,18537,573,8,0.29,51.0,Medium
U501699,24,Student,13692,10900,2792,20287,22795,0,0,2613,43082,1256,2062,604,13265,777,9,0.26,55.0,Medium
U501700,53,Salaried,22613,16561,5394,65579,203358,32353,123434,10524,424724,26138,57190,53564,157530,431,9,1.57,52.0,Medium
U501701,53,Salaried,210221,124801,45503,1001694,1109119,7274115,1263305,18181,10648233,949820,362955,100183,1581130,549,8,4.22,55.0,Medium
U501702,35,Business,220997,157940,74784,1233404,489980,6783934,2090249,2789,10597567,89710,111550,177028,1067934,821,7,4.0,63.0,Medium
U501703,25,Salaried,221321,152594,56952,538633,1161900,4698747,607254,36475,7006534,328448,322220,214394,2257221,338,8,2.64,48.0,Medium
U501704,19,Student,8162,6697,1465,23512,2781,0,0,200,26293,4271,1581,3992,10589,737,5,0.27,47.0,Medium
U501705,49,Self-Employed,121192,69623,17125,718949,134295,742322,504312,9843,2099878,27019,317006,315462,981732,753,4,1.44,54.0,Medium
U501706,24,Student,16687,8411,8276,62202,16987,0,0,2803,79189,14171,6666,7976,11227,364,9,0.4,49.0,Medium
U501707,22,Student,8090,4605,3485,5979,3046,0,0,522,9025,3328,2159,2512,13952,820,6,0.09,61.0,Medium
U501708,54,Salaried,138297,73934,31023,686852,1026865,4994712,937127,27812,7645556,162977,24724,86646,530750,591,3,4.61,42.0,Medium
U501709,57,Salaried,97328,45549,20130,509109,732325,1835870,864216,16277,3941520,499306,77549,184622,603313,731,1,3.37,51.0,Medium
U501710,19,Student,8455,5464,2991,745,147,0,0,1441,892,2180,466,2067,13797,333,11,0.01,46.0,Medium
U501711,44,Self-Employed,91734,61183,12151,186241,824323,667930,245397,43769,1923891,320913,74815,50902,443481,540,6,1.75,45.0,Medium
U501712,25,Self-Employed,244671,126391,45775,1394651,166223,11168721,3002350,49129,15731945,588561,106581,27145,823253,325,8,5.36,39.0,High
U501713,39,Self-Employed,24226,9832,5837,91353,178262,34838,400149,7948,704602,25793,17842,8125,51831,636,11,2.42,57.0,Medium
U501714,25,Salaried,68707,41085,15902,184653,90759,1164798,470755,19514,1910965,205626,107297,151625,435445,357,8,2.32,47.0,Medium
U501715,38,Business,138332,63261,29576,406911,62005,740784,2141834,37552,3351534,44307,146710,137923,597203,522,4,2.02,41.0,Medium
U501716,29,Student,16514,10695,5819,94732,7682,0,0,2895,102414,1360,472,2385,8086,712,3,0.52,47.0,Medium
U501717,47,Salaried,212284,97327,22469,1160871,508512,2199528,406636,76373,4275547,107299,169033,30847,595877,560,5,1.68,39.0,High
U501718,52,Self-Employed,167561,78147,49190,16080,1490022,3087758,390186,61237,4984046,857369,165778,251487,1101396,523,7,2.48,55.0,Medium
U501719,31,Salaried,136482,61091,21600,775630,191375,419251,1082692,29633,2468948,384296,81174,99221,1152765,731,9,1.51,61.0,Medium
U501720,27,Student,7603,5831,1772,51630,9160,0,0,1134,60790,1077,463,665,1469,718,9,0.67,53.0,Medium
U501721,45,Self-Employed,210248,122681,33364,1129346,404464,5309609,3768367,102822,10611786,688333,341394,186829,930354,760,7,4.21,57.0,Medium
U501722,58,Business,235141,103919,69194,1287051,819299,11032201,2822669,44064,15961220,62674,32166,8649,957691,753,6,5.66,55.0,Medium
U501723,36,Self-Employed,32838,16032,7599,132627,10986,719474,240974,8185,1104061,27465,52963,29322,287717,364,0,2.8,33.0,High
U501724,54,Salaried,76792,42571,21322,182436,94517,1417920,1241899,8665,2936772,91702,8433,28030,123976,606,4,3.19,44.0,Medium
U501725,25,Salaried,209286,128420,56735,63990,808173,4558291,1726317,46467,7156771,100823,90440,107237,659842,826,9,2.85,62.0,Medium
U501726,34,Salaried,190445,115588,27694,423616,1006457,5122113,3139688,48395,9691874,165700,237377,257468,844991,576,9,4.24,50.0,Medium
U501727,45,Salaried,249256,153798,42861,685699,1322351,1191576,3710357,53370,6909983,507371,342403,150091,945613,690,7,2.31,53.0,Medium
U501728,34,Self-Employed,196972,143342,26769,490459,498221,2200554,2774065,70988,5963299,89972,125,20384,513013,319,3,2.52,26.0,High
U501729,27,Salaried,84992,57227,13525,141787,759834,3781741,484075,22195,5167437,17565,4459,113288,621016,314,4,5.07,33.0,High
U501730,42,Self-Employed,105111,72295,11322,375000,293635,615799,1723935,12818,3008369,213407,84130,125037,922022,612,0,2.39,40.0,Medium
U501731,57,Salaried,53344,27247,7383,310551,20139,438174,913287,7750,1682151,170276,11606,22253,229707,556,5,2.63,43.0,Medium
U501732,39,Salaried,223612,161243,27685,572368,1106795,5714294,1653570,102224,9047027,411847,30339,98220,499888,801,9,3.37,56.0,Medium
U501733,44,Salaried,194586,87110,66695,1134332,1226045,913065,3328138,22519,6601580,447647,323507,217218,1403734,563,2,2.83,49.0,Medium
U501734,53,Salaried,205882,139038,50505,829182,346302,2681670,1048608,77453,4905762,474613,373353,273745,772396,639,7,1.99,54.0,Medium
U501735,51,Self-Employed,23471,14959,6164,68873,206110,766321,366224,2935,1407528,39721,54961,24947,156273,845,1,5.0,55.0,Medium
U501736,37,Salaried,217317,142721,35512,725411,824395,3263085,683440,16769,5496331,301200,100603,5184,552464,461,2,2.11,32.0,High
U501737,49,Salaried,84543,47717,14567,452384,287729,1662459,814692,13254,3217264,135571,15109,52105,222873,551,0,3.17,33.0,High
U501738,59,Salaried,153075,94171,17555,214772,1000196,3281925,1678313,44640,6175206,69257,73487,78956,212149,587,3,3.36,36.0,High
U501739,27,Student,7043,4018,3025,20324,13309,0,0,189,33633,5591,2533,990,13923,707,1,0.4,49.0,Medium
U501740,26,Self-Employed,151518,109321,15799,534097,1089814,1134231,503739,3605,3261881,274914,297642,17044,977630,532,2,1.79,38.0,High
U501741,24,Salaried,104911,52985,14789,498816,871177,443274,276206,27999,2089473,57557,159680,165033,518744,435,0,1.66,30.0,High
U501742,49,Business,151786,83963,16926,497534,1194886,6008969,1505240,22216,9206629,550917,15053,327561,987265,663,5,5.05,50.0,Medium
U501743,27,Salaried,54993,30603,8611,328555,138626,1778935,396803,5224,2642919,149217,33005,7098,215906,734,0,4.0,42.0,Medium
U501744,22,Student,7803,5762,2041,50362,14057,0,0,929,64419,4862,3955,3816,7381,517,5,0.69,41.0,Medium
U501745,53,Salaried,215752,151885,24694,84576,1738613,4145756,111031,95988,6079976,823742,301985,251294,783404,558,4,2.35,42.0,Medium
U501746,35,Salaried,143291,101710,27604,48775,762197,5534665,496813,48183,6842450,326371,133072,133129,346747,786,6,3.98,55.0,Medium
U501747,51,Salaried,188464,85270,51305,946394,1681803,5834957,1476622,67341,9939776,201577,253214,32062,1263081,811,9,4.4,66.0,Medium
U501748,42,Salaried,160155,113137,35067,656539,1193688,2112441,1920923,16350,5883591,181279,3805,194740,1441938,775,0,3.06,49.0,Medium
U501749,20,Student,6898,4370,2528,4780,9451,0,0,182,14231,1580,205,1942,8998,386,0,0.17,30.0,High
U501750,54,Business,74369,44871,24852,181864,371181,2683415,754856,7544,3991316,182520,63009,123368,294062,402,3,4.47,41.0,Medium
U501751,57,Business,38655,22303,5179,151732,232954,502837,367616,2744,1255139,112282,4442,39751,239308,319,3,2.71,31.0,High
U501752,27,Student,7195,3934,3261,34158,1529,0,0,1045,35687,9740,2906,1522,10537,573,10,0.41,59.0,Medium
U501753,55,Self-Employed,165129,93179,31063,836580,63347,4789197,310587,11328,5999711,165708,96720,114895,259309,624,6,3.03,45.0,Medium
U501754,22,Salaried,91803,63811,26004,12780,437456,1881613,15375,39482,2347224,77320,9077,132684,699439,335,2,2.13,35.0,High
U501755,28,Student,7048,4356,2692,506,6723,0,0,481,7229,934,665,370,4773,489,7,0.09,46.0,Medium
U501756,20,Student,5466,4110,1356,17382,6421,0,0,734,23803,112,263,113,1791,317,7,0.36,34.0,High
U501757,51,Salaried,226699,126073,44660,888273,669833,3532719,1721256,50847,6812081,477786,190813,226200,738757,343,2,2.5,30.0,High
U501758,29,Student,19255,9719,9536,49356,15114,0,0,2485,64470,10040,175,3172,16220,444,4,0.28,44.0,Medium
U501759,37,Self-Employed,51034,20802,8574,80561,11943,705054,865341,14924,1662899,27701,46205,2011,169011,496,10,2.72,47.0,Medium
U501760,36,Self-Employed,81517,45885,15646,336300,408260,1240115,1326262,25558,3310937,57843,77783,4187,352752,818,1,3.38,47.0,Medium
U501761,21,Student,12541,7804,4737,70862,29154,0,0,1554,100016,5518,2991,1890,10505,450,3,0.66,38.0,High
U501762,51,Business,92251,39613,27896,406014,542227,2942219,1340216,11606,5230676,102873,45472,53540,71807,381,6,4.73,39.0,High
U501763,40,Salaried,125946,87343,41427,680748,992805,869460,792404,47442,3335417,6035,55944,119041,572262,414,1,2.21,35.0,High
U501764,48,Salaried,37415,19408,3818,7986,308737,561624,651202,5980,1529549,5445,4969,1730,82602,812,11,3.41,57.0,Medium
U501765,23,Student,16870,9091,7779,20484,12712,0,0,1558,33196,11717,5483,3208,20674,448,0,0.16,37.0,High
U501766,26,Student,9934,8264,1670,71091,2602,0,0,1284,73693,5802,3149,3508,13152,373,4,0.62,30.0,High
U501767,48,Salaried,178867,76872,22898,420479,325323,1101328,271638,71502,2118768,608982,120820,246794,684836,793,6,0.99,55.0,Medium
U501768,52,Business,196179,86646,22859,381815,1491772,6030759,3014067,35471,10918413,314565,10319,10807,1087922,392,1,4.64,28.0,High
U501769,32,Business,81339,42873,22828,415887,625688,3846698,320128,27568,5208401,199250,60428,69402,435582,696,11,5.34,65.0,Medium
U501770,27,Self-Employed,87219,43623,26823,415463,190154,1636108,154824,29519,2396549,231386,8247,2999,490798,714,5,2.29,56.0,Medium
U501771,21,Student,9119,6803,2316,46756,2729,0,0,677,49485,2807,1216,1708,7701,352,4,0.45,31.0,High
U501772,42,Business,124863,89648,27655,127928,592881,5948912,2155398,22293,8825119,65978,118308,45651,627933,735,11,5.89,62.0,Medium
U501773,28,Salaried,142348,86868,47636,639081,1233331,1595325,841148,68347,4308885,146301,72249,66478,711438,754,6,2.52,59.0,Medium
U501774,45,Salaried,149146,85434,22568,209286,649884,2593628,2042709,66723,5495507,36247,74129,15134,249051,380,3,3.07,28.0,High
U501775,57,Self-Employed,125823,62592,39356,608585,1132283,2204410,909805,50803,4855083,133080,115658,106708,711060,836,10,3.22,69.0,Medium
U501776,22,Salaried,132782,60548,38913,256015,356071,2815271,1807932,54263,5235289,566888,63381,118264,1074751,612,2,3.29,50.0,Medium
U501777,36,Salaried,192819,86814,26988,1122537,513337,1832446,2149931,32177,5618251,230595,449621,393010,1205573,305,2,2.43,31.0,High
U501778,42,Salaried,186695,87039,38793,341548,200691,8869113,307826,52316,9719178,276214,225603,4417,1491640,516,9,4.34,52.0,Medium
U501779,39,Salaried,214006,98958,47473,491900,678480,4940642,2545434,48540,8656456,677495,83723,219418,1230682,366,1,3.37,33.0,High
U501780,35,Salaried,167886,111491,55855,406605,1266314,3885697,198858,18293,5757474,479971,86539,263616,1356147,580,11,2.86,65.0,Medium
U501781,59,Self-Employed,189436,103884,21033,333255,1162667,983685,166007,18564,2645614,339112,202754,47140,1167523,689,7,1.16,52.0,Medium
U501782,34,Salaried,40351,18200,9653,214221,50174,617531,686918,19157,1568844,24196,49726,37806,289616,803,7,3.24,61.0,Medium
U501783,45,Salaried,194194,140231,64172,203396,945134,3095079,3208196,80927,7451805,77311,171035,239911,902044,393,8,3.2,47.0,Medium
U501784,25,Business,65124,44746,19202,5073,577181,1398167,59145,15661,2039566,34053,6247,54525,193007,754,6,2.61,55.0,Medium
U501785,55,Self-Employed,58567,33369,19784,283391,72099,1725894,603095,10127,2684479,69018,15850,15182,217003,333,3,3.82,35.0,High
U501786,23,Student,6281,4422,1859,30028,7108,0,0,907,37136,4624,2252,1382,14311,825,8,0.49,61.0,Medium
U501787,31,Salaried,197608,109739,58765,336387,1171753,1204401,2599420,42071,5311961,170031,173468,193258,2028874,539,3,2.24,48.0,Medium
U501788,59,Salaried,186755,130707,39564,265962,1610132,7231343,3254039,42236,12361476,216013,191359,12210,752848,718,3,5.52,47.0,Medium
U501789,30,Self-Employed,85392,41646,12576,309126,114993,3811867,187703,36820,4423689,126931,145732,109325,780281,696,10,4.32,62.0,Medium
U501790,51,Business,83100,40311,11411,246331,154038,1555332,1224465,14453,3180166,338897,62366,181596,477032,381,7,3.19,43.0,Medium
U501791,19,Student,9869,6985,2884,17872,12137,0,0,1693,30009,297,69,183,1127,319,1,0.25,25.0,High
U501792,47,Self-Employed,23648,11125,2705,85243,101627,788433,347362,6271,1322665,43231,12840,4312,149602,783,3,4.66,49.0,Medium
U501793,21,Student,13764,9559,4205,69708,16326,0,0,715,86034,59,18,111,1411,671,6,0.52,48.0,Medium
U501794,25,Student,13815,8534,5281,18473,32821,0,0,1489,51294,4522,2038,3965,16197,303,9,0.31,42.0,Medium
U501795,44,Self-Employed,182331,108711,26202,941693,1310912,4719656,1566517,88329,8538778,334010,132279,140866,696914,333,9,3.9,40.0,Medium
U501796,39,Salaried,23424,13904,7240,29997,203962,265944,385270,10991,885173,15519,51411,37212,225918,320,6,3.15,46.0,Medium
U501797,40,Self-Employed,139895,82946,23822,405997,334556,1728507,430598,26836,2899658,538535,284948,53599,1062069,642,3,1.73,49.0,Medium
U501798,30,Student,8841,5093,3748,27360,2691,0,0,1478,30051,2316,189,1081,3872,607,6,0.28,51.0,Medium
U501799,44,Salaried,240401,127129,77745,1395030,1760658,4163431,348423,91452,7667542,731241,304784,270610,882906,456,3,2.66,43.0,Medium
U501800,23,Business,84409,35639,8886,112896,282717,3591204,863881,12587,4850698,295187,69814,143477,338275,841,0,4.79,47.0,Medium
U501801,45,Self-Employed,125592,81361,31851,509632,535595,2905493,676174,16935,4626894,160994,127291,117440,233329,688,0,3.07,41.0,Medium
U501802,53,Salaried,142748,87329,18974,543614,1338872,2753451,1816035,64270,6451972,463153,74726,143110,533253,752,6,3.77,53.0,Medium
U501803,52,Business,89587,48461,19731,133278,563605,2173052,1485693,20743,4355628,68709,56539,104839,1018161,681,7,4.05,59.0,Medium
U501804,35,Self-Employed,175390,96078,56797,24749,743940,6093781,2479577,20969,9342047,771864,316896,237297,1120115,640,8,4.44,63.0,Medium
U501805,30,Student,18040,13738,4302,53380,6899,0,0,1335,60279,1373,236,4045,23274,604,7,0.28,46.0,Medium
U501806,34,Salaried,65315,30311,13795,305963,344071,1509145,784180,4774,2943359,30349,27546,28915,71406,621,7,3.76,47.0,Medium
U501807,43,Salaried,69961,31751,12830,80023,559547,491860,447294,16455,1578724,146514,69226,106637,287745,661,0,1.88,41.0,Medium
U501808,49,Salaried,21552,9639,7397,70184,26703,1007871,49017,10168,1153775,24986,44961,33055,164373,577,3,4.46,51.0,Medium
U501809,41,Business,185284,94965,60981,5674,1448230,7742702,368590,20677,9565196,450094,120197,54781,1552790,529,0,4.3,43.0,Medium
U501810,23,Salaried,88434,56364,23699,80141,628603,2999274,226503,14975,3934521,157522,82567,62044,114993,617,3,3.71,44.0,Medium
U501811,34,Business,84285,54184,25470,207265,328976,1250892,565202,34815,2352335,49967,95083,33019,378004,538,1,2.33,40.0,Medium
U501812,29,Salaried,247520,160805,74313,1000247,1437282,1524466,3678332,94883,7640327,522593,337286,458972,1680618,450,3,2.57,44.0,Medium
U501813,51,Business,77417,35212,15418,356632,385934,3248853,734883,35755,4726302,13685,146504,55516,584276,649,9,5.09,57.0,Medium
U501814,26,Salaried,126111,71760,41095,311007,247526,4169165,2133220,40433,6860918,182882,107146,65133,269080,562,3,4.53,44.0,Medium
U501815,57,Salaried,116489,47709,29748,5960,529557,2732280,1514234,5652,4782031,75702,196534,244491,915032,384,8,3.42,48.0,Medium
U501816,25,Salaried,170472,90888,35233,73794,331561,2798004,183548,37732,3386907,121101,51268,166591,562364,355,11,1.66,45.0,Medium
U501817,30,Business,149809,93492,24034,880074,898007,6198194,2622177,23950,10598452,262120,65658,34735,295208,485,7,5.9,41.0,Medium
U501818,38,Salaried,37717,21238,8814,80285,307265,561102,541815,17606,1490467,118719,19513,51584,166024,498,4,3.29,43.0,Medium
U501819,58,Self-Employed,102922,70318,27802,265828,157653,3064697,1694156,19935,5182334,47383,90556,25391,492381,781,10,4.2,64.0,Medium
U501820,41,Business,33484,21873,10654,120702,106475,1362346,563612,12638,2153135,83196,54224,12834,132489,821,9,5.36,67.0,Medium
U501821,39,Salaried,215456,115161,55599,172863,1813070,2017378,2226110,99096,6229421,135529,45245,60660,292530,307,1,2.41,25.0,High
U501822,50,Business,27397,17179,8232,156400,70133,1180807,110234,4591,1517574,9183,18022,21273,99934,800,5,4.62,56.0,Medium
U501823,38,Salaried,226860,146025,47588,499834,1213816,6230053,869226,88607,8812929,27211,261175,295082,2303866,619,2,3.24,47.0,Medium
U501824,30,Student,16042,8375,7667,115342,32344,0,0,192,147686,6919,2296,1518,41552,794,2,0.77,55.0,Medium
U501825,41,Salaried,194440,100020,57038,868681,1048636,332400,3470192,56469,5719909,517171,225153,197932,800871,717,8,2.45,61.0,Medium
U501826,50,Salaried,233036,159948,70788,407228,2189621,4753774,317157,60539,7667780,558455,127690,271707,483521,364,9,2.74,46.0,Medium
U501827,59,Self-Employed,177632,106939,21465,797157,280023,374846,2732086,36805,4184112,134364,51167,105463,1028946,407,3,1.96,32.0,High
U501828,57,Salaried,111129,67048,14517,301788,595075,297225,1918179,29911,3112267,24502,21093,75898,305111,652,3,2.33,40.0,Medium
U501829,42,Salaried,102054,63928,22992,596666,841856,3372878,278055,15684,5089455,57099,230078,172757,778017,499,6,4.16,49.0,Medium
U501830,57,Business,197947,107998,24978,656517,1750122,8364594,3250281,97957,14021514,27030,20568,87968,430217,381,3,5.9,27.0,High
U501831,43,Salaried,104002,48607,31763,160381,91791,3622190,1579200,34671,5453562,367527,148393,122516,802993,675,6,4.37,60.0,Medium
U501832,43,Salaried,236111,128741,74584,368414,719822,7632663,1636072,95783,10356971,356425,154250,210475,512142,330,9,3.66,44.0,Medium
U501833,41,Salaried,127649,83835,42641,217659,50438,3535363,1723142,47886,5526602,100063,20964,42257,166664,708,8,3.61,56.0,Medium
U501834,27,Salaried,201833,131145,46572,52755,1366769,4746544,1131659,32498,7297727,177494,59121,7399,490078,380,5,3.01,35.0,High
U501835,30,Business,184541,134305,40042,875638,1610943,2266828,1437327,6521,6190736,576589,95441,369688,899797,335,4,2.8,37.0,High
U501836,58,Salaried,91094,57406,9349,305111,454431,551914,1125613,2463,2437069,391460,73652,135324,573928,792,8,2.23,60.0,Medium
U501837,38,Self-Employed,204077,110454,55691,281263,1620341,7463442,2544274,58115,11909320,49844,143602,60652,1125303,430,8,4.86,46.0,Medium
U501838,20,Student,17745,10481,7264,17442,39099,0,0,241,56541,836,1284,2529,13857,601,11,0.27,58.0,Medium
U501839,59,Self-Employed,167507,99988,22762,910327,900859,5474881,1760279,12957,9046346,427517,56930,7251,1264526,759,8,4.5,58.0,Medium
U501840,28,Student,6812,5270,1542,25410,6820,0,0,92,32230,1356,249,1890,8938,484,8,0.39,43.0,Medium
U501841,55,Salaried,170960,76867,30992,786253,1617085,5842701,2906844,81889,11152883,395549,119663,237766,616473,613,4,5.44,45.0,Medium
U501842,32,Salaried,231791,120691,67511,91425,556957,10048915,2671768,34639,13369065,331747,429126,225490,1440297,365,9,4.81,49.0,Medium
U501843,49,Salaried,134794,94373,13889,707758,721906,4782937,597197,47821,6809798,396789,303589,249727,855470,599,8,4.21,53.0,Medium
U501844,28,Business,214451,129358,69258,471888,106721,3340898,3531045,105953,7450552,139773,284044,41559,1102287,738,5,2.9,56.0,Medium
U501845,32,Business,158537,78184,19600,247441,697264,7584705,1415171,32788,9944581,209455,262487,115411,812574,535,0,5.23,34.0,High
U501846,30,Self-Employed,170620,98480,50031,335538,1176618,6098365,2765678,24721,10376199,77615,6960,11923,613859,753,1,5.07,46.0,Medium
U501847,25,Student,11693,7716,3977,53167,15093,0,0,289,68260,6486,4975,2968,11546,378,4,0.49,36.0,High
U501848,40,Salaried,204905,146057,62994,1031859,356193,6604523,1293106,7232,9285681,711228,400486,326231,862265,428,10,3.78,54.0,Medium
U501849,31,Business,176827,78657,42042,72971,1163909,3462703,945445,83003,5645028,182199,70272,111380,521728,309,2,2.66,29.0,High
U501850,18,Student,14404,7202,7202,36089,5529,0,0,2163,41618,77,4352,7352,32818,717,3,0.24,55.0,Medium
U501851,27,Salaried,242651,140554,79084,168716,2096712,8742085,1223794,30534,12231307,145301,161638,371055,2210423,665,8,4.2,62.0,Medium
U501852,20,Student,8835,6536,2299,14950,17352,0,0,1593,32302,2107,1513,1565,3444,401,4,0.3,33.0,High
U501853,36,Salaried,236602,103091,71786,115748,1677093,5589666,1752428,101997,9134935,221905,583035,604566,1914121,530,0,3.22,44.0,Medium
U501854,53,Business,171813,77441,20458,897149,1173813,869046,2234211,62865,5174219,68825,117913,34798,475409,693,4,2.51,43.0,Medium
U501855,36,Business,106388,57094,32042,251144,280647,1633042,1291401,6028,3456234,65217,12331,62808,333305,388,3,2.71,35.0,High
U501856,44,Salaried,185953,135048,26348,295705,1326351,868686,303880,65925,2794622,126760,18481,182746,680789,364,2,1.25,28.0,High
U501857,24,Student,5492,3508,1984,34073,1883,0,0,359,35956,421,667,384,3082,700,4,0.55,49.0,Medium
U501858,52,Self-Employed,162196,83633,31202,576123,692889,2817608,666052,77064,4752672,6395,40615,56396,367427,665,5,2.44,45.0,Medium
U501859,30,Student,5140,4076,1064,5781,6534,0,0,104,12315,211,38,210,965,417,4,0.2,31.0,High
U501860,26,Business,69377,48559,21724,147538,29752,3161343,328364,30384,3666997,29976,174398,71514,706302,607,6,4.4,58.0,Medium
U501861,57,Self-Employed,40398,27083,6650,135617,58587,1469138,608452,755,2271794,120293,39424,27651,337601,555,3,4.69,44.0,Medium
U501862,59,Salaried,105491,65247,29521,598879,707696,2060137,1104897,25441,4471609,17737,63452,135744,499762,677,3,3.53,48.0,Medium
U501863,29,Student,17609,13394,4215,51687,537,0,0,2232,52224,10248,3983,7526,22419,633,3,0.25,42.0,Medium
U501864,50,Salaried,96626,59893,31871,122544,327680,4637070,1483143,17331,6570437,240033,40207,199262,798582,385,6,5.67,48.0,Medium
U501865,38,Self-Employed,203529,148264,33159,610018,1090481,541610,1306677,12139,3548786,191887,38378,100090,855666,751,4,1.45,48.0,Medium
U501866,38,Salaried,150924,111936,44991,757247,417716,7056450,2090784,12566,10322197,179556,228596,198343,607456,383,0,5.7,33.0,High
U501867,56,Salaried,228339,143502,63476,471757,918223,8429638,3722323,84511,13541941,1082916,441171,142783,1360919,739,0,4.94,51.0,Medium
U501868,50,Business,165281,97096,24970,72058,1343034,5657274,825574,13058,7897940,413516,149598,147492,453311,522,2,3.98,36.0,High
U501869,29,Student,9738,5800,3938,53730,12512,0,0,1519,66242,9323,5413,4381,13336,547,3,0.57,44.0,Medium
U501870,58,Self-Employed,25136,11500,2884,20473,53444,1130022,77085,9227,1281024,80034,26457,1141,183182,471,8,4.25,46.0,Medium
U501871,43,Self-Employed,86374,51976,12116,92928,637698,3084321,1253327,13831,5068274,60712,84007,118370,411921,802,10,4.89,61.0,Medium
U501872,37,Business,156704,79332,46227,433658,550457,2456764,2615902,72622,6056781,518660,81316,125498,1390121,350,10,3.22,53.0,Medium
U501873,45,Business,246950,106387,79116,751810,2261088,4914075,3114628,60786,11041601,189093,328158,376410,1126933,616,7,3.73,55.0,Medium
U501874,27,Self-Employed,227274,92299,58185,295160,1255047,6350729,2031057,64811,9931993,130014,76133,13276,401425,402,2,3.64,31.0,High
U501875,41,Salaried,108987,56957,16805,53140,73470,2858902,781618,15372,3767130,229131,27549,36210,1105239,483,6,2.88,46.0,Medium
U501876,40,Self-Employed,216702,113959,51825,1163382,837233,1370892,512479,107113,3883986,38023,112610,180033,1776875,645,10,1.49,60.0,Medium
U501877,18,Student,15589,8515,7074,109169,14350,0,0,301,123519,2321,623,49,3389,716,6,0.66,56.0,Medium
U501878,27,Self-Employed,229145,100009,68729,856125,1674276,9127887,142559,105540,11800847,201162,190594,87719,1052302,334,4,4.29,36.0,High
U501879,59,Salaried,66157,30866,14491,331746,25868,975460,557552,18036,1890626,49605,18259,1757,92872,508,3,2.38,36.0,High
U501880,51,Self-Employed,158924,84586,27429,828745,98504,3702407,1635155,69866,6264811,114482,36554,184515,855687,722,8,3.29,55.0,Medium
U501881,41,Salaried,142839,83643,18242,337200,88901,3118807,1668765,51319,5213673,331973,91527,69708,626756,476,0,3.04,31.0,High
U501882,30,Salaried,67555,47413,20642,317078,74118,570266,906494,32318,1867956,83403,18702,37855,164541,822,10,2.3,65.0,Medium
U501883,42,Salaried,195028,143542,35768,338586,1037229,9076453,791632,9630,11243900,114887,64653,247491,1079616,766,7,4.8,56.0,Medium
U501884,57,Salaried,102660,74678,25467,178470,816170,1897994,1347352,3368,4239986,55501,152328,49077,792433,320,3,3.44,35.0,High
U501885,57,Salaried,101054,43356,13462,593337,753454,4091418,428767,31686,5866976,121908,143929,12355,1153230,458,8,4.84,49.0,Medium
U501886,41,Self-Employed,208205,106445,67670,1240673,1010993,2793245,2346234,7391,7391145,178555,513768,504447,1593249,322,9,2.96,51.0,Medium
U501887,24,Student,11044,7761,3283,33849,8098,0,0,1925,41947,2903,698,6737,24741,787,0,0.32,45.0,Medium
U501888,26,Self-Employed,232881,166832,39112,325495,1549309,1266874,4086947,99461,7228625,515624,83114,77114,1303641,441,10,2.59,48.0,Medium
U501889,49,Salaried,186903,119486,56514,769317,91900,7748757,324508,45665,8934482,444558,387559,353076,1191802,749,11,3.98,70.0,Low
U501890,52,Salaried,88206,38398,14443,69557,106632,1547039,1482625,19494,3205853,4656,37196,14067,240652,828,10,3.03,59.0,Medium
U501891,57,Salaried,215334,139922,23438,443916,1226455,2431010,1700380,1824,5801761,197959,10238,121854,495385,766,10,2.25,55.0,Medium
U501892,25,Student,7574,3897,3677,16336,1735,0,0,18,18071,2583,1302,1291,1559,372,4,0.2,40.0,Medium
U501893,27,Student,10601,5838,4763,13239,12801,0,0,1571,26040,2330,4692,1471,19445,663,4,0.2,52.0,Medium
U501894,27,Salaried,132482,66520,44689,310097,712900,138479,2209081,44047,3370557,64161,9079,62292,205048,844,4,2.12,55.0,Medium
U501895,39,Self-Employed,180797,78898,20660,38106,416369,1754687,886942,27161,3096104,272103,211999,166924,547455,541,2,1.43,35.0,High
U501896,59,Self-Employed,46376,20414,12063,125572,443385,544728,538234,8420,1651919,12933,17757,10038,273173,546,3,2.97,42.0,Medium
U501897,29,Business,182195,120255,19597,1020926,1258476,7365903,2888809,35010,12534114,135450,203357,40255,1101152,334,4,5.73,31.0,High
U501898,24,Salaried,82270,33250,10441,483057,338326,1985338,926668,29448,3733389,118741,84256,50585,516625,826,0,3.78,46.0,Medium
U501899,56,Salaried,171484,116555,19518,438783,1401199,6959411,1597275,37296,10396668,512954,9973,220857,1275238,653,6,5.05,51.0,Medium
U501900,48,Business,177012,107745,59792,176038,381859,1198531,2484928,58942,4241356,262916,319977,354881,1061739,703,4,2.0,57.0,Medium
U501901,44,Self-Employed,56028,41921,6203,59471,192328,2030542,224149,1755,2506490,243129,79372,43427,283560,511,1,3.73,36.0,High
U501902,27,Student,11101,8934,2167,49373,23218,0,0,952,72591,2213,2194,2639,10624,445,9,0.54,41.0,Medium
U501903,26,Student,19453,10267,9186,20553,24960,0,0,2450,45513,6960,1047,4681,11555,518,4,0.19,46.0,Medium
U501904,43,Salaried,217507,121256,50690,352051,689652,8447901,1891447,79256,11381051,6893,122013,115322,533621,459,0,4.36,30.0,High
U501905,43,Self-Employed,43207,27169,5919,179054,221289,1824175,289985,14854,2514503,88717,46944,48424,65442,358,7,4.85,36.0,High
U501906,49,Self-Employed,195436,97640,52337,487318,897388,9288838,3347175,65229,14020719,425315,35661,192980,1792538,517,9,5.98,56.0,Medium
U501907,59,Salaried,226093,118745,40003,439969,877399,4446525,3561582,22276,9325475,461028,338341,106493,1574107,735,9,3.44,61.0,Medium
U501908,28,Salaried,103755,76553,15839,596301,397474,3392850,727156,40345,5113781,264572,105909,127505,572102,808,2,4.11,51.0,Medium
U501909,29,Student,11196,7416,3780,40580,16452,0,0,1421,57032,2230,557,466,5190,724,1,0.42,44.0,Medium
U501910,58,Self-Employed,56571,23670,19243,208387,430702,855839,545424,4976,2040352,17858,13432,10668,130360,574,8,3.01,51.0,Medium
U501911,25,Salaried,175510,114958,35319,601291,1162584,6443625,142374,56643,8349874,928604,449557,380921,675251,639,0,3.96,45.0,Medium
U501912,57,Salaried,41524,23565,10137,36230,329532,1108549,613674,14095,2087985,118812,55422,104161,268761,661,8,4.19,60.0,Medium
U501913,35,Salaried,232971,121898,69236,1214574,1359452,6228308,819206,13406,9621540,35087,141325,92577,440736,476,10,3.44,49.0,Medium
U501914,35,Salaried,41447,22683,12629,225447,167004,84792,559978,8810,1037221,21579,652,3644,73717,404,1,2.09,31.0,High
U501915,42,Business,102145,73287,18682,231035,525403,216994,147308,50096,1120740,209441,61922,377,306081,660,1,0.91,40.0,Medium
U501916,53,Salaried,149569,85227,49922,515529,1191990,6598568,700720,47758,9006807,256535,2097,75116,334239,680,7,5.02,55.0,Medium
U501917,49,Self-Employed,38678,16028,11460,73654,41450,1796040,73724,4964,1984868,136827,97478,49810,236354,801,9,4.28,70.0,Low
U501918,27,Self-Employed,149591,66410,20910,690061,963209,908164,1087115,30464,3648549,215467,229994,299658,1180288,432,10,2.03,50.0,Medium
U501919,28,Self-Employed,119525,89161,23819,348212,306848,623961,935804,8805,2214825,118112,128556,124837,483149,329,1,1.54,28.0,High
U501920,22,Student,18487,13989,4498,73503,32783,0,0,510,106286,1091,4811,9170,38651,718,8,0.48,54.0,Medium
U501921,24,Salaried,108809,46374,14896,163980,581735,3130935,485179,45834,4361829,223687,290016,217704,747556,386,8,3.34,45.0,Medium
U501922,48,Salaried,68248,27334,20413,138570,225614,1883927,835721,24459,3083832,794,43238,13208,172208,399,4,3.77,36.0,High
U501923,44,Salaried,40336,20855,5950,32273,107622,633592,78699,12573,852186,80685,95569,43463,292770,488,5,1.76,44.0,Medium
U501924,44,Self-Employed,155851,96971,31260,184468,1419248,1021879,938568,6633,3564163,41051,91750,143085,805541,818,8,1.91,60.0,Medium
U501925,53,Business,24374,12137,3271,70282,7153,597498,123161,660,798094,38437,14814,10038,119892,786,6,2.73,53.0,Medium
U501926,32,Salaried,107066,47220,23553,581458,85882,5110323,953617,12363,6731280,108750,56053,1251,203467,433,5,5.24,37.0,High
U501927,34,Salaried,69170,42291,15134,164331,224848,928557,652396,17232,1970132,108032,37512,52069,314498,592,6,2.37,48.0,Medium
U501928,29,Business,240439,110579,40196,1216419,17605,728602,2299255,9135,4261881,278712,289907,347478,863427,531,8,1.48,47.0,Medium
U501929,41,Salaried,101699,48137,18104,399276,971043,1238134,1469017,10339,4077470,201006,21835,72987,214255,332,8,3.34,37.0,High
U501930,22,Self-Employed,21827,16256,3457,17534,123914,821200,64482,4148,1027130,9071,4525,3820,81709,307,11,3.92,40.0,Medium
U501931,56,Salaried,197507,104250,55335,406349,322048,1702814,2283153,49924,4714364,436870,365654,335952,994342,337,11,1.99,51.0,Medium
U501932,44,Self-Employed,227008,154502,71876,1263237,2164770,9851524,2038706,102313,15318237,427885,1915,124212,906177,419,4,5.62,40.0,Medium
U501933,41,Salaried,66494,49134,17509,35174,24648,621820,1113669,21498,1795311,344868,80523,129599,334030,489,2,2.25,44.0,Medium
U501934,56,Self-Employed,198643,136371,40070,33167,1092825,540448,2619975,4835,4286415,142384,161242,118710,2162606,366,4,1.8,40.0,Medium
U501935,24,Student,19246,11261,7985,18884,22200,0,0,1530,41084,2649,2100,1873,33333,799,11,0.18,67.0,Medium
U501936,31,Salaried,67357,45845,23518,110943,162171,626276,211112,18231,1110502,57245,44705,31388,108162,380,3,1.37,36.0,High
U501937,55,Salaried,183119,133846,19756,138738,1462376,7033395,2955764,66463,11590273,432466,14031,211967,667445,591,2,5.27,37.0,High
U501938,44,Self-Employed,65478,37033,15727,59748,179093,2675103,880020,11910,3793964,292580,150533,120105,340054,680,2,4.83,51.0,Medium
U501939,59,Business,137695,76121,27584,524595,558384,112692,155838,59592,1351509,79708,77118,50579,262176,401,0,0.82,26.0,High
U501940,50,Business,65180,35556,17392,359090,147811,1663662,878063,19778,3048626,197477,67034,95370,145875,840,3,3.9,55.0,Medium
U501941,40,Business,172072,121273,18660,393874,1651660,7610442,1984150,34505,11640126,441449,212777,61431,1754273,421,2,5.64,36.0,High
U501942,40,Salaried,177798,115552,22437,134598,800582,1132733,17738,10391,2085651,187033,149878,82120,384409,602,8,0.98,46.0,Medium
U501943,53,Self-Employed,20092,8599,2435,55926,125703,797986,283044,5891,1262659,31555,9535,10140,31994,733,9,5.24,53.0,Medium
U501944,29,Student,9086,5622,3464,23038,7321,0,0,1670,30359,8109,2609,3299,8323,817,2,0.28,52.0,Medium
U501945,38,Salaried,212348,152891,43613,861071,1582069,9593604,3350483,863,15387227,149426,148347,34527,456005,723,3,6.04,45.0,Medium
U501946,48,Self-Employed,54101,28188,8049,298750,77668,1914110,918292,12661,3208820,193748,102279,103923,199100,814,9,4.94,63.0,Medium
U501947,19,Student,12831,8782,4049,41488,4237,0,0,1298,45725,4998,1912,3115,7369,766,0,0.3,44.0,Medium
U501948,35,Salaried,149101,97011,45010,360629,1056495,1957162,264192,56646,3638478,107007,243873,31243,882783,379,5,2.03,42.0,Medium
U501949,21,Student,7177,5323,1854,24407,13479,0,0,1247,37886,1398,843,1132,8629,620,4,0.44,43.0,Medium
U501950,31,Self-Employed,24244,9894,8230,118648,210893,687709,28034,327,1045284,47418,232,7655,78370,372,3,3.59,37.0,High
U501951,50,Salaried,136555,56578,39772,56902,1306315,2347409,1956149,11833,5666775,171541,63161,218317,763554,626,6,3.46,53.0,Medium
U501952,21,Student,8760,5815,2945,30676,5842,0,0,133,36518,4238,4051,410,18908,724,1,0.35,46.0,Medium
U501953,42,Self-Employed,144286,58878,43675,469366,1308765,786393,2580135,4392,5144659,138808,15962,22807,286246,632,7,2.97,51.0,Medium
U501954,48,Self-Employed,190712,76293,25189,1078595,896512,7802681,3385990,17510,13163778,63567,108060,65133,694784,462,3,5.75,33.0,High
U501955,30,Self-Employed,156940,90285,19533,256022,172646,3964794,221393,36177,4614855,123514,96643,46344,1220852,365,0,2.45,27.0,High
U501956,42,Salaried,187859,114786,27896,550908,1214500,2234679,1247208,37919,5247295,146414,120838,185379,2161543,657,2,2.33,47.0,Medium
U501957,23,Salaried,130909,64463,34834,520756,1036268,2804348,1566600,28022,5927972,11306,33020,48577,572824,346,10,3.77,44.0,Medium
U501958,36,Salaried,135848,68740,29197,592016,194475,6505273,2023500,4807,9315264,472622,195256,23928,1253389,559,10,5.71,59.0,Medium
U501959,27,Self-Employed,220103,155182,71380,186744,248437,8380146,25964,67350,8841291,351522,36632,175388,1741932,759,8,3.35,65.0,Medium
U501960,36,Self-Employed,133683,85236,45514,602329,303214,154281,2366793,36251,3426617,527955,98752,266606,639654,683,8,2.14,63.0,Medium
U501961,52,Salaried,192527,87878,48107,235936,1757266,2070938,2547098,64454,6611238,705078,390503,12230,986233,634,0,2.86,44.0,Medium
U501962,29,Salaried,134108,95165,16514,745564,531966,732360,804451,4238,2814341,26920,89701,378120,1405373,543,4,1.75,45.0,Medium
U501963,37,Salaried,71815,53412,15362,299630,345107,2788563,507241,15349,3940541,274932,30546,13035,407983,643,10,4.57,59.0,Medium
U501964,25,Student,19153,11580,7573,38926,36249,0,0,2882,75175,11217,4601,4535,47428,627,3,0.33,48.0,Medium
U501965,55,Self-Employed,214752,112386,51005,92617,304417,5065655,3781329,99398,9244018,930922,89987,130188,1264690,370,9,3.59,48.0,Medium
U501966,24,Student,15143,12226,2917,57584,24845,0,0,2158,82429,6077,2478,2326,22434,689,0,0.45,37.0,High
U501967,32,Business,123997,87850,42666,504990,878075,626701,1330426,3671,3340192,50360,148268,73397,887054,466,5,2.24,47.0,Medium
U501968,27,Business,225823,125947,49946,281332,2167009,6108327,2994148,3049,11550816,213277,90722,55511,795105,677,1,4.26,42.0,Medium
U501969,51,Salaried,40994,22881,10853,6187,236752,266203,100910,18228,610052,94033,42799,51685,211880,499,8,1.24,51.0,Medium
U501970,44,Self-Employed,195282,123751,28275,690955,542760,26488,26358,33596,1286561,451398,113353,229840,476262,409,8,0.55,41.0,Medium
U501971,26,Business,184170,81911,22785,886923,345753,6932745,724615,26314,8890036,342149,3398,303402,1986180,718,3,4.02,51.0,Medium
U501972,26,Salaried,93649,46840,14723,460044,433466,3035004,1312802,18152,5241316,143440,2927,26594,506930,643,11,4.66,56.0,Medium
U501973,51,Self-Employed,166905,125024,17900,889885,709275,1441237,1439445,27103,4479842,568310,135827,224026,681577,600,9,2.24,51.0,Medium
U501974,18,Student,11821,8704,3117,5796,21049,0,0,282,26845,304,60,36,579,389,4,0.19,32.0,High
U501975,59,Salaried,40599,29632,8418,148367,346037,817756,329283,15013,1641443,33844,27774,29290,220903,520,4,3.37,42.0,Medium
U501976,30,Business,46863,29889,15536,30555,152676,2012269,429487,9276,2624987,46586,22205,27789,76414,769,5,4.67,55.0,Medium
U501977,51,Salaried,219923,109226,40115,822767,1854572,5380410,477997,74403,8535746,512855,259147,78639,1530502,322,9,3.23,44.0,Medium
U501978,51,Salaried,232326,117397,40673,166338,812949,6661137,689729,26098,8330153,1005279,149432,610098,1454510,398,10,2.99,51.0,Medium
U501979,47,Self-Employed,127814,70786,23024,371674,800948,2942011,436275,22339,4550908,12215,53353,27493,231338,352,2,2.97,26.0,High
U501980,49,Self-Employed,99378,66289,32477,33485,937020,2711908,405721,13847,4088134,22077,85725,11370,446128,846,9,3.43,66.0,Medium
U501981,47,Business,156524,83360,49262,520088,1050319,4402579,500791,25605,6473777,104460,286809,9195,1053578,524,7,3.45,52.0,Medium
U501982,44,Salaried,214266,108387,28700,1099024,1154740,6634019,2732313,62796,11620096,312449,20419,494521,1661618,686,5,4.52,51.0,Medium
U501983,40,Self-Employed,241697,150432,59569,730385,1043007,11293915,300976,107259,13368283,703102,460268,85573,2046755,713,7,4.61,61.0,Medium
U501984,50,Self-Employed,178960,86830,34915,213519,541244,2746680,2531180,4760,6032623,54510,11148,173368,761662,349,10,2.81,43.0,Medium
U501985,56,Salaried,142176,83116,35953,397892,1210613,2952574,2423970,13115,6985049,347479,47136,104776,865615,573,2,4.09,44.0,Medium
U501986,24,Salaried,211447,87187,71322,1142945,1298836,4717744,2468823,43996,9628348,201313,46826,57918,268877,485,11,3.79,52.0,Medium
U501987,19,Student,12075,10204,1871,32799,13633,0,0,2303,46432,1307,31,904,3184,445,9,0.32,39.0,High
U501988,41,Salaried,43984,26534,12503,186060,416555,1549545,215987,17666,2368147,139282,51183,49906,118284,837,10,4.49,68.0,Medium
U501989,31,Business,133640,85173,38961,207223,502197,4775594,1090045,45854,6575059,178673,66864,72218,207442,571,1,4.1,39.0,High
U501990,48,Salaried,78987,52348,16288,313770,713578,1571176,300596,1019,2899120,115651,56503,12955,402750,362,4,3.06,35.0,High
U501991,36,Salaried,96604,46856,14275,35399,449091,1899988,699263,17346,3083741,73810,27152,34321,290978,486,3,2.66,34.0,High
U501992,26,Self-Employed,203427,87434,57500,768235,1125665,2500926,553506,39944,4948332,413126,178044,47946,598606,801,8,2.03,61.0,Medium
U501993,23,Student,10553,5851,4702,25367,3744,0,0,1365,29111,11909,3178,692,21071,731,5,0.23,57.0,Medium
U501994,30,Student,8292,4497,3795,26398,16082,0,0,1610,42480,5373,1915,3864,13446,479,2,0.43,42.0,Medium
U501995,33,Salaried,229497,96565,77355,173827,284078,9404408,310721,35725,10173034,406592,117074,271997,1133976,539,6,3.69,51.0,Medium
U501996,22,Salaried,114421,61325,27187,529110,516854,4182630,382161,31147,5610755,104898,96242,71957,1217663,476,1,4.09,40.0,Medium
U501997,22,Salaried,234609,137783,58612,579768,413120,2080621,1381957,34589,4455466,118218,116546,44618,394125,465,2,1.58,34.0,High
U501998,19,Student,7288,3764,3524,11168,16958,0,0,156,28126,85,459,381,1444,638,8,0.32,57.0,Medium
U501999,47,Self-Employed,182352,123575,25335,1063913,642108,5106209,2082247,23474,8894477,60928,113069,25108,499442,447,5,4.06,35.0,High
U502000,42,Salaried,226452,123073,54993,863662,101902,5270552,1097434,93794,7333550,890995,217211,518294,1391907,781,10,2.7,68.0,Medium
U502001,26,Self-Employed,219726,159024,34327,1043548,323745,3646569,2318551,88323,7332413,745875,296028,379393,946989,547,1,2.78,39.0,High
U502002,20,Student,5201,3144,2057,34668,8732,0,0,377,43400,55,1011,387,10540,342,2,0.7,33.0,High
U502003,27,Student,17347,12745,4602,80564,28792,0,0,1732,109356,13598,883,5994,17450,637,3,0.53,42.0,Medium
U502004,57,Self-Employed,230592,98449,72311,1310011,1131011,5085889,3056467,12544,10583378,533600,245031,84336,767315,605,6,3.82,52.0,Medium
U502005,24,Self-Employed,139813,61260,17613,322804,709109,4882525,235447,40061,6149885,143309,99228,137534,602166,470,10,3.67,46.0,Medium
U502006,58,Self-Employed,239471,170100,69176,570614,34126,8762891,2616736,9871,11984367,450811,2565,69525,1157551,649,1,4.17,44.0,Medium
U502007,37,Salaried,223420,102333,29866,815049,64408,6500681,276296,30723,7656434,47517,93518,95382,1142908,755,4,2.86,48.0,Medium
U502008,36,Business,142712,97909,30274,710046,521742,5528732,61833,57274,6822353,208370,156506,125912,360370,590,11,3.98,55.0,Medium
U502009,23,Student,7118,4836,2282,47115,9089,0,0,769,56204,173,69,46,245,350,0,0.66,26.0,High
U502010,20,Student,19494,11250,8244,67442,15338,0,0,2476,82780,285,724,359,6251,817,11,0.35,67.0,Medium
U502011,47,Self-Employed,174733,118088,18770,87479,165478,948578,2084514,21177,3286049,191325,52105,59014,606162,775,5,1.57,48.0,Medium
U502012,31,Salaried,30607,18046,3645,123413,162415,86483,35396,6098,407707,55901,7972,37078,233325,823,9,1.11,62.0,Medium
U502013,43,Self-Employed,191658,139769,27663,551949,1064363,4442952,3014242,33233,9073506,724484,139328,473365,1096252,551,0,3.95,38.0,High
U502014,49,Business,22174,14652,2364,61384,107689,684438,83561,8254,937072,41846,33618,24254,206787,349,0,3.52,30.0,High
U502015,43,Salaried,99119,66423,30925,102303,891285,1689659,42930,31141,2726177,32578,90415,88875,339556,578,0,2.29,39.0,High
U502016,46,Salaried,242638,159778,82934,410409,38219,3038349,1899150,35092,5386127,409105,248962,239986,391326,488,2,1.85,40.0,Medium
U502017,21,Student,16965,9205,7760,32616,36051,0,0,2108,68667,9582,5038,4361,37560,550,6,0.34,51.0,Medium
U502018,26,Student,17261,13869,3392,45686,13728,0,0,2904,59414,34,899,1324,24559,589,9,0.29,47.0,Medium
U502019,53,Salaried,106047,77829,33309,529420,424602,4936281,1539983,20537,7430286,336191,103343,51574,372790,833,1,5.84,54.0,Medium
U502020,20,Student,14814,11266,3548,32113,32685,0,0,2865,64798,18650,1020,4596,26971,827,8,0.36,59.0,Medium
U502021,31,Salaried,225600,128350,65910,116081,1526341,5644941,2187949,85356,9475312,99779,116676,129650,1033700,604,3,3.5,45.0,Medium
U502022,59,Salaried,148936,73039,30632,570891,601638,1358996,519519,48409,3051044,155358,16579,43259,485510,834,9,1.71,60.0,Medium
U502023,26,Self-Employed,75151,50060,12700,193172,141986,1534924,1103079,10264,2973161,17258,19066,42565,146676,600,0,3.3,33.0,High
U502024,56,Business,144987,104067,47136,7796,419579,3100283,1052219,35499,4579877,140304,181552,294670,858004,374,11,2.63,54.0,Medium
U502025,52,Salaried,51621,29861,12459,180280,284221,277243,770012,9486,1511756,39550,99250,19252,368083,320,8,2.44,43.0,Medium
U502026,23,Self-Employed,69563,33916,10442,397057,521945,2057315,436275,29710,3412592,292672,97906,83909,265209,570,8,4.09,51.0,Medium
U502027,58,Self-Employed,127302,67066,39725,358081,678901,4912053,393413,5803,6342448,200812,86764,17620,777792,634,7,4.15,56.0,Medium
U502028,38,Business,154081,112704,50977,60297,1454362,2401036,2428425,65738,6344120,35362,189302,152783,1583634,427,6,3.43,50.0,Medium
U502029,48,Self-Employed,238174,119640,37063,635375,418851,8798712,1379094,104520,11232032,77769,104648,44918,540152,325,4,3.93,28.0,High
U502030,52,Self-Employed,57973,29377,6678,107400,129526,1113021,575562,7798,1925509,254234,68304,107089,344320,599,9,2.77,55.0,Medium
U502031,23,Student,13292,10759,2533,65568,17415,0,0,332,82983,375,115,14,3183,519,1,0.52,30.0,High
U502032,28,Student,14285,10706,3579,71615,15180,0,0,281,86795,1362,440,1207,3363,748,1,0.51,42.0,Medium
U502033,29,Student,11058,8997,2061,60847,24412,0,0,680,85259,5338,723,3014,7726,674,5,0.64,44.0,Medium
U502034,24,Student,16831,9254,7577,59657,27444,0,0,1857,87101,1089,24,1357,5463,662,11,0.43,62.0,Medium
U502035,45,Business,102498,53607,12421,191519,801481,2747880,1775531,9871,5516411,45911,47230,42024,290479,503,1,4.48,30.0,High
U502036,40,Self-Employed,177052,89024,32794,977798,689089,7849616,324278,21398,9840781,138963,34907,33560,270715,745,2,4.63,43.0,Medium
U502037,25,Business,205810,147549,25460,870403,876323,4045936,1086412,66860,6879074,385783,115745,130326,588152,692,4,2.79,44.0,Medium
U502038,41,Salaried,189044,136057,47447,637427,873094,1677627,199925,2797,3388073,72780,61622,113147,445817,497,10,1.49,49.0,Medium
U502039,33,Self-Employed,80761,38607,10350,95688,111635,891772,259423,38100,1358518,25278,63883,10063,258155,643,2,1.4,38.0,High
U502040,25,Salaried,202783,146830,52387,1011842,311111,7069233,3603723,88905,11995909,66221,207726,127813,1775669,584,8,4.93,55.0,Medium
U502041,59,Salaried,147115,61232,35279,402248,1371731,3909701,691838,34164,6375518,155400,3945,63640,170501,306,4,3.61,30.0,High
U502042,27,Self-Employed,150624,70930,29545,750991,639045,4538082,552624,65285,6480742,273039,336089,79744,1318886,389,1,3.59,36.0,High
U502043,49,Salaried,112012,49363,25671,428470,667508,1040428,1323527,12288,3459933,284086,110194,40144,504871,515,9,2.57,51.0,Medium
U502044,24,Student,5224,3645,1579,28927,8258,0,0,644,37185,2709,1823,113,10213,575,11,0.59,55.0,Medium
U502045,41,Business,77267,54425,15669,37793,385552,1431328,1263186,21175,3117859,236962,49297,7777,438247,348,5,3.36,38.0,High
U502046,30,Student,7560,4334,3226,2517,306,0,0,640,2823,6075,2703,917,6102,432,9,0.03,49.0,Medium
U502047,20,Student,9966,6803,3163,10599,22091,0,0,508,32690,1291,139,50,6416,724,8,0.27,55.0,Medium
U502048,39,Salaried,77344,33828,17516,146792,362531,601806,1351337,9808,2462466,305187,134170,91055,392236,402,5,2.65,43.0,Medium
U502049,30,Salaried,187913,109703,43172,1053159,1514117,4577639,2101497,49815,9246412,301833,151327,103840,827309,667,9,4.1,57.0,Medium
U502050,27,Salaried,108689,62952,19924,210048,561434,4799080,1087350,9526,6657912,195072,111455,140286,818174,547,7,5.1,50.0,Medium
U502051,23,Salaried,138371,72437,42554,50398,167637,3081491,1179031,19636,4478557,333108,324683,137475,996661,774,9,2.7,68.0,Medium
U502052,34,Business,231866,110005,37279,1206332,1465226,10016404,681285,35505,13369247,637068,495861,375266,1446971,613,3,4.8,46.0,Medium
U502053,35,Salaried,151833,112395,41025,560130,401621,2510261,331894,35835,3803906,466208,69645,235116,704370,335,10,2.09,48.0,Medium
U502054,33,Business,208130,146571,34765,460962,1940305,6811446,531482,38030,9744195,3244,199900,350008,1650643,675,3,3.9,47.0,Medium
U502055,24,Student,11765,7848,3917,72079,113,0,0,473,72192,8504,1757,4600,14451,681,4,0.51,48.0,Medium
U502056,28,Student,7518,5132,2386,30266,9693,0,0,1408,39959,833,1073,1129,3592,721,5,0.44,50.0,Medium
U502057,28,Self-Employed,161271,97309,27479,923863,801009,598720,1812823,39351,4136415,368289,37438,365591,1099249,797,1,2.14,50.0,Medium
U502058,23,Student,10022,7163,2859,6283,16925,0,0,846,23208,956,2552,2227,14034,770,1,0.19,45.0,Medium
U502059,27,Self-Employed,200499,149445,58707,144500,772975,673970,3523104,55540,5114549,493525,342700,51238,1187629,447,4,2.13,44.0,Medium
U502060,54,Salaried,36646,20437,7681,50851,140958,839380,314971,16996,1346160,162901,12798,91169,212471,728,3,3.06,53.0,Medium
U502061,50,Salaried,126375,53796,29066,205379,953650,846211,2085254,2300,4090494,228801,85635,57779,496206,340,3,2.7,33.0,High
U502062,23,Self-Employed,203126,144243,38133,850700,1447674,755652,2315597,15390,5369623,56912,151883,61998,583276,555,10,2.2,50.0,Medium
U502063,47,Self-Employed,141249,102855,26585,630013,1234517,3910404,303259,41016,6078193,639667,123475,343775,888076,304,1,3.59,33.0,High
U502064,19,Student,10970,5753,5217,66565,24314,0,0,1192,90879,2781,115,1525,3893,444,7,0.69,47.0,Medium
U502065,41,Salaried,203328,82412,35453,541463,1483781,3123980,3386392,97441,8535616,285039,116354,357859,1255592,595,4,3.5,46.0,Medium
U502066,25,Self-Employed,160734,92411,33502,487975,1360975,6419093,730176,53250,8998219,425194,158448,85044,617937,725,9,4.67,59.0,Medium
U502067,36,Self-Employed,85699,48027,21938,141536,217177,653332,734371,33378,1746416,272112,29259,128531,475897,460,6,1.7,47.0,Medium
U502068,27,Business,222980,139222,42166,561390,1379855,4419016,4003214,12399,10363475,542865,46564,31941,1911102,319,0,3.87,29.0,High
U502069,41,Salaried,139255,79874,27107,36446,1034031,1902407,2087400,67749,5060284,455601,71137,65801,560346,471,7,3.03,45.0,Medium
U502070,55,Business,139397,78184,22979,797623,1336141,6339881,1414974,58895,9888619,2151,145818,70819,1631816,408,3,5.91,39.0,High
U502071,29,Student,19258,11133,8125,76229,40497,0,0,1017,116726,12488,3819,10796,39999,437,10,0.51,52.0,Medium
U502072,33,Salaried,206367,130325,21481,862823,851761,334336,3082122,27429,5131042,319854,173281,175234,951332,331,2,2.07,27.0,High
U502073,30,Salaried,189744,91147,49543,88661,480513,5072781,137708,91608,5779663,310016,113426,213035,970601,728,2,2.54,50.0,Medium
U502074,28,Salaried,88396,36480,23596,334015,727740,1575571,344522,20013,2981848,71590,2236,32071,108229,726,3,2.81,46.0,Medium
U502075,23,Student,11949,9186,2763,51170,22981,0,0,282,74151,3546,3807,3142,14604,326,10,0.52,40.0,Medium
U502076,41,Self-Employed,26424,16179,7742,153121,23947,1245577,278042,8985,1700687,33042,40742,15423,196064,356,4,5.36,41.0,Medium
U502077,40,Self-Employed,149090,84381,33416,179385,1115594,258843,1776478,23256,3330300,566829,12715,260373,1138469,490,9,1.86,54.0,Medium
U502078,29,Student,9551,5344,4207,6867,22137,0,0,1695,29004,1675,1556,680,8934,818,1,0.25,52.0,Medium
U502079,53,Salaried,46473,30860,11874,8829,172098,1518578,256591,13904,1956096,12872,18679,34148,238902,623,6,3.51,50.0,Medium
U502080,45,Salaried,46077,29067,14947,211690,212231,1395322,699156,15153,2518399,92063,42730,97344,385642,460,5,4.55,50.0,Medium
U502081,25,Salaried,20128,9722,5156,90462,79112,300972,199646,6932,670192,26195,6404,181,193647,716,7,2.77,59.0,Medium
U502082,26,Salaried,82999,56580,17275,481185,694017,2848958,1118186,25778,5142346,23406,51630,57138,165706,340,0,5.16,24.0,High
U502083,49,Salaried,215606,135356,51278,33448,1093474,9173178,2063861,48425,12363961,220898,158781,349522,1256810,769,5,4.78,56.0,Medium
U502084,50,Salaried,169923,80796,43513,982036,1425036,3043764,2263689,986,7714525,83914,233049,180360,790134,653,9,3.78,57.0,Medium
U502085,41,Business,87241,51138,26025,137321,79753,3888532,499149,34731,4604755,247084,53411,191372,502937,342,2,4.4,37.0,High
U502086,55,Self-Employed,164346,83966,41804,559970,763693,3822978,1390733,3812,6537374,58400,41632,55818,342571,310,11,3.31,43.0,Medium
U502087,58,Salaried,158904,87134,18809,112368,627056,5311750,2387690,73428,8438864,308084,50020,156102,443581,677,8,4.43,50.0,Medium
U502088,18,Student,17494,11519,5975,39588,41031,0,0,2814,80619,3897,1190,6839,40995,720,0,0.38,44.0,Medium
U502089,48,Self-Employed,192185,136392,46302,523022,46191,3292664,1553036,16023,5414913,34175,60540,219089,1546345,673,9,2.35,59.0,Medium
U502090,29,Self-Employed,27281,18498,5956,30313,255371,1115542,365013,11272,1766239,60032,50171,44783,118175,630,8,5.4,55.0,Medium
U502091,30,Salaried,157833,72669,50727,798148,645927,3426183,2200381,28065,7070639,177342,20216,42198,313513,339,6,3.73,38.0,High
U502092,40,Salaried,142456,95620,43132,751550,968739,3308325,1447573,39607,6476187,8606,201648,117897,743535,559,10,3.79,57.0,Medium
U502093,29,Salaried,97034,58836,12808,413502,131408,610067,69264,47872,1224241,216697,18928,93256,464962,809,0,1.05,45.0,Medium
U502094,26,Student,6133,3765,2368,24909,13274,0,0,77,38183,150,474,338,4822,689,0,0.52,43.0,Medium
U502095,55,Self-Employed,177515,121776,29923,713508,671776,1725809,698924,12430,3810017,63959,244932,235486,1670468,379,5,1.79,40.0,Medium
U502096,29,Student,11948,7583,4365,85886,2320,0,0,805,88206,7553,1461,4890,14631,561,0,0.62,38.0,High
U502097,27,Student,16465,10885,5580,406,38146,0,0,941,38552,11358,1640,6124,19951,609,5,0.2,47.0,Medium
U502098,34,Self-Employed,166877,124336,43653,700758,378623,7761346,1553048,80113,10393775,644930,104324,59828,1083987,561,10,5.19,58.0,Medium
U502099,24,Business,199461,134022,44725,672882,1218322,2831016,3112413,36389,7834633,56909,272868,242978,967380,313,10,3.27,44.0,Medium
U502100,42,Salaried,109213,51676,32826,614678,201454,1974456,1534277,16000,4324865,11212,31932,7067,303287,426,1,3.3,32.0,High
U502101,36,Salaried,100473,43324,32522,528466,671275,3990438,973074,32833,6163253,166647,9184,34543,352742,344,1,5.11,32.0,High
U502102,44,Self-Employed,109907,69758,12601,341344,933411,4203950,1782222,21568,7260927,597628,173342,49673,728154,615,7,5.51,53.0,Medium
U502103,35,Salaried,145149,100335,49432,669320,1328389,5573584,991620,66260,8562913,44257,60286,19729,354488,679,10,4.92,59.0,Medium
U502104,49,Self-Employed,68179,39293,23569,176954,526983,2566888,870815,23544,4141640,79437,21295,5563,370596,545,8,5.06,54.0,Medium
U502105,29,Salaried,185502,109988,20951,509486,178255,5877687,3165626,34415,9731054,1722,4948,42367,432744,528,6,4.37,38.0,High
U502106,32,Salaried,20663,12763,5116,122174,188480,623703,79224,1443,1013581,16347,10857,3018,47829,432,1,4.09,31.0,High
U502107,31,Salaried,80576,33551,12667,427570,352873,525522,281071,16355,1587036,107518,155618,158009,586420,524,0,1.64,37.0,High
U502108,28,Student,15782,9872,5910,50246,4999,0,0,163,55245,1480,827,160,1999,336,11,0.29,46.0,Medium
U502109,52,Self-Employed,101307,49083,12792,294634,539565,2392940,394235,49835,3621374,22455,120882,6573,470830,555,8,2.98,46.0,Medium
U502110,30,Student,17374,13607,3767,95076,28832,0,0,1746,123908,3459,2688,2583,5921,464,11,0.59,46.0,Medium
U502111,48,Self-Employed,105309,53227,27330,580988,993094,1136662,444246,47508,3154990,358322,26690,137310,832616,587,2,2.5,47.0,Medium
U502112,21,Student,9215,4955,4260,432,15203,0,0,401,15635,427,1564,1061,9065,424,10,0.14,51.0,Medium
U502113,28,Student,5592,3164,2428,2825,3852,0,0,1054,6677,454,145,98,1639,665,2,0.1,46.0,Medium
U502114,34,Salaried,84890,54442,22087,40683,760371,2067317,402144,8464,3270515,51932,95097,14834,754755,482,10,3.21,55.0,Medium
U502115,30,Self-Employed,175768,93018,24030,978046,767455,4234028,738153,3828,6717682,150076,62768,86673,1270229,437,5,3.18,39.0,High
U502116,43,Salaried,163436,107450,51166,268585,250683,133568,1891540,21314,2544376,280425,337049,74858,1014904,482,6,1.3,50.0,Medium
U502117,46,Self-Employed,94741,53651,17114,442080,184135,3032850,1508180,2958,5167245,18038,50622,35102,480837,555,8,4.55,48.0,Medium
U502118,24,Self-Employed,58781,25047,8623,342777,85451,1977863,102289,6485,2508380,63667,16811,18087,66883,789,1,3.56,42.0,Medium
U502119,23,Student,14693,11266,3427,15752,8433,0,0,1589,24185,2926,594,4239,17095,552,0,0.14,32.0,High
U502120,36,Self-Employed,104678,65686,15293,141442,759999,1312917,735204,10217,2949562,87090,43202,50951,212037,712,6,2.35,48.0,Medium
U502121,44,Self-Employed,156919,92340,47441,876699,1408088,287621,1565459,37525,4137867,211567,96612,100030,743632,384,3,2.2,38.0,High
U502122,38,Salaried,215143,108041,73647,998657,1854210,5481910,3133801,23783,11468578,275139,77214,130177,445520,318,0,4.44,29.0,High
U502123,33,Salaried,241789,161933,46158,1240296,863053,6529692,54224,5182,8687265,224779,187527,397315,2038602,384,4,2.99,39.0,High
U502124,39,Salaried,115691,81196,15740,142705,1037424,1197368,212414,11508,2589911,277210,53823,87705,631327,828,8,1.87,60.0,Medium
U502125,41,Salaried,169613,124525,31826,71647,1159819,5507811,2121481,67305,8860758,389604,364009,70820,1366758,309,7,4.35,42.0,Medium
U502126,20,Student,6568,5334,1234,36966,9651,0,0,1307,46617,4992,1553,1127,7030,517,2,0.59,33.0,High
U502127,21,Student,12008,7696,4312,45273,3588,0,0,1050,48861,783,22,358,2102,639,1,0.34,41.0,Medium
U502128,51,Salaried,159788,89818,52869,352807,91365,1046701,1372287,49881,2863160,488950,84591,354678,895127,774,2,1.49,56.0,Medium
U502129,25,Student,9715,5933,3782,63698,17366,0,0,1347,81064,4787,1546,2344,7914,458,9,0.7,49.0,Medium
U502130,23,Student,16695,10066,6629,22609,38557,0,0,1126,61166,32,47,91,612,522,6,0.31,45.0,Medium
U502131,47,Self-Employed,190416,93239,64726,336008,339070,3762451,49569,44568,4487098,146938,110213,59755,567733,786,6,1.96,58.0,Medium
U502132,23,Salaried,176570,92876,25041,61024,43837,1793094,989734,55356,2887689,117397,723,1422,549791,540,2,1.36,34.0,High
U502133,29,Salaried,130176,92761,41551,281271,766835,4378469,955870,29305,6382445,43633,34194,52241,608646,848,7,4.09,62.0,Medium
U502134,26,Salaried,76471,33169,25055,3957,301946,362371,1227658,24063,1895932,153620,154732,84182,459411,438,2,2.07,42.0,Medium
U502135,25,Student,19683,9920,9763,115483,27063,0,0,1964,142546,13887,8326,3005,24183,683,4,0.6,54.0,Medium
U502136,21,Student,16252,10566,5686,106874,1685,0,0,2294,108559,3821,5081,5051,15536,761,7,0.56,57.0,Medium
U502137,28,Self-Employed,72741,50239,23642,412711,684260,2362159,386296,29937,3845426,82854,47821,28485,553581,563,6,4.41,53.0,Medium
U502138,26,Student,14999,10429,4570,26676,9620,0,0,2692,36296,743,891,207,7313,578,7,0.2,47.0,Medium
U502139,24,Business,101102,71455,17654,467340,483896,1849823,143287,1167,2944346,44630,7039,41454,387508,328,10,2.43,40.0,Medium
U502140,41,Salaried,40401,26009,8593,176444,347080,1200115,428678,19003,2152317,74120,10953,8237,95186,474,10,4.44,48.0,Medium
U502141,59,Self-Employed,62480,34574,6384,221119,404443,2634911,694954,25092,3955427,76174,18443,81575,313585,533,10,5.28,49.0,Medium
U502142,49,Salaried,160841,88250,51052,954415,786345,4028922,596211,79386,6365893,20098,67995,74864,915611,472,6,3.3,46.0,Medium
U502143,39,Self-Employed,128878,81979,22926,223201,596079,1645635,1563924,40896,4028839,138221,83880,1563,214560,562,5,2.61,41.0,Medium
U502144,36,Salaried,217137,94028,59466,894818,889758,6140411,422752,60514,8347739,174545,101554,392546,1313407,714,8,3.2,60.0,Medium
U502145,18,Student,17981,14628,3353,17017,8184,0,0,1970,25201,2013,1393,3478,25052,587,7,0.12,44.0,Medium
U502146,26,Student,19457,12416,7041,55207,25705,0,0,384,80912,8037,2311,3740,7622,818,10,0.35,64.0,Medium
U502147,35,Self-Employed,209657,137622,30495,911708,880582,5564113,3269938,70692,10626341,1115543,530284,25940,1318510,439,2,4.22,38.0,High
U502148,45,Self-Employed,52255,35518,17906,269454,280762,785053,246855,120,1582124,68707,29200,62061,493671,697,8,2.52,64.0,Medium
U502149,39,Business,202542,151145,25642,745613,1188828,3653693,2573670,56734,8161804,468103,194018,108453,570881,750,9,3.36,56.0,Medium
U502150,26,Salaried,211559,97398,24158,877970,1470483,4449118,1595181,65888,8392752,425046,327223,330564,914722,676,9,3.31,55.0,Medium
U502151,31,Business,106152,64753,25300,30525,16469,1005466,717713,30470,1770173,48129,32372,49608,317423,589,7,1.39,48.0,Medium
U502152,33,Salaried,177676,116860,43772,146492,1238370,4589207,1042004,37527,7016073,142489,25872,151489,722372,762,10,3.29,62.0,Medium
U502153,47,Salaried,39010,23285,5634,117225,175914,439912,650194,9279,1383245,49287,14568,29306,291804,366,4,2.95,35.0,High
U502154,24,Business,174262,118203,48185,422142,796631,5269336,916896,23438,7405005,211348,147840,279210,1089976,465,11,3.54,55.0,Medium
U502155,29,Student,10057,7563,2494,45857,15982,0,0,1945,61839,2731,269,1551,11571,329,9,0.51,39.0,High
U502156,24,Student,7426,4008,3418,26817,11496,0,0,234,38313,101,25,7,11886,811,10,0.43,68.0,Medium
U502157,45,Salaried,193174,130472,44066,397603,1073360,2338370,3302008,26375,7111341,557808,387883,70566,1357752,491,1,3.07,40.0,Medium
U502158,22,Salaried,53742,39458,10017,48530,245764,917216,172904,7504,1384414,45998,19601,2859,90640,363,2,2.15,27.0,High
U502159,41,Self-Employed,23746,9961,8075,105745,89427,331354,239794,4984,766320,61799,18704,3664,90015,401,7,2.69,46.0,Medium
U502160,43,Self-Employed,159034,74101,31636,716195,418093,3829458,846730,17981,5810476,22061,119327,378726,1400346,422,4,3.04,41.0,Medium
U502161,37,Salaried,135781,57809,41691,635932,165798,6171,218104,37753,1026005,559329,307568,158595,905653,412,2,0.63,43.0,Medium
U502162,29,Student,18176,14690,3486,1950,12099,0,0,2907,14049,3391,977,1253,3467,819,3,0.06,46.0,Medium
U502163,36,Salaried,94321,62239,21384,385659,213533,4110227,1129595,16643,5839014,50585,60027,75911,314798,318,1,5.16,27.0,High
U502164,51,Self-Employed,193928,133562,27485,992796,879942,7571564,2132928,9816,11577230,587476,259605,145432,1330328,461,10,4.97,51.0,Medium
U502165,27,Self-Employed,105486,48126,25432,419802,307996,2787331,225149,44828,3740278,225313,97406,91619,197689,826,2,2.95,51.0,Medium
U502166,41,Self-Employed,132931,80062,17891,790398,266272,5808103,666741,33488,7531514,49317,112570,187814,1042090,315,3,4.72,31.0,High
U502167,30,Self-Employed,68158,30218,19238,332047,420977,1970535,93364,11676,2816923,148896,89766,70816,317224,710,10,3.44,63.0,Medium
U502168,30,Self-Employed,127491,91030,30217,172750,1168743,2009891,106417,13637,3457801,20612,81447,110282,500232,335,2,2.26,30.0,High
U502169,28,Student,15764,12617,3147,2493,5978,0,0,2444,8471,2030,5471,2906,29103,775,6,0.04,51.0,Medium
U502170,46,Self-Employed,91570,46307,14701,211465,193624,167199,1308801,24376,1881089,482239,41165,7820,686346,430,4,1.71,41.0,Medium
U502171,56,Business,61004,43332,20247,265688,488364,2158150,186897,3373,3099099,75305,24839,55899,150668,462,1,4.23,36.0,High
U502172,27,Student,8763,6394,2369,12054,9017,0,0,1409,21071,59,41,23,117,559,7,0.2,44.0,Medium
U502173,38,Self-Employed,246896,166052,32143,1436752,2213985,9870460,455810,3832,13977007,209727,12152,197153,826309,701,1,4.72,39.0,High
U502174,30,Student,14882,12349,2533,49857,19669,0,0,939,69526,2526,603,1429,5506,455,11,0.39,44.0,Medium
U502175,35,Salaried,23642,13017,2767,40217,24010,443343,385660,7087,893230,17641,12230,6705,34002,786,6,3.15,49.0,Medium
U502176,25,Student,13261,10012,3249,88577,10858,0,0,600,99435,9770,3778,2038,10860,534,5,0.62,41.0,Medium
U502177,40,Salaried,45391,20580,6203,114200,406115,2127703,767945,17173,3415963,47501,29640,39503,136383,429,7,6.27,39.0,High
U502178,24,Student,17618,12264,5354,113413,7710,0,0,2389,121123,1394,31,1548,5344,632,7,0.57,49.0,Medium
U502179,40,Salaried,140957,61270,28819,240063,94320,5808693,1299251,37582,7442327,490820,74514,259311,935447,445,2,4.4,39.0,High
U502180,58,Salaried,76850,38763,18239,203474,335723,805045,62036,13240,1406278,27091,37251,31161,166873,521,7,1.52,44.0,Medium
U502181,53,Salaried,189988,141412,31960,629595,1511329,6147678,2229117,83140,10517719,197696,59938,85111,355220,341,9,4.61,38.0,High
U502182,45,Self-Employed,241606,167916,81014,1110048,518038,1792460,4181461,113544,7602007,597729,524270,279302,1270839,728,3,2.62,56.0,Medium
U502183,49,Self-Employed,61347,34037,14331,289501,292843,2315430,655543,19820,3553317,221777,71138,57705,495593,357,10,4.83,51.0,Medium
U502184,52,Self-Employed,121657,90452,12610,142230,804024,5704238,1308690,34233,7959182,146083,137483,100227,1196940,467,4,5.45,40.0,Medium
U502185,29,Student,17794,11364,6430,84651,22490,0,0,3195,107141,4156,3557,223,20928,586,1,0.5,40.0,Medium
U502186,20,Student,19959,15609,4350,127123,24312,0,0,1111,151435,5731,155,510,10607,657,10,0.63,52.0,Medium
U502187,42,Self-Employed,72772,51177,10924,260074,424765,107441,458570,32798,1250850,48181,37903,32260,147942,637,8,1.43,48.0,Medium
U502188,45,Business,99093,51891,18588,63598,791849,1926040,904206,29857,3685693,112165,205722,201349,569052,461,1,3.1,36.0,High
U502189,55,Self-Employed,195526,90054,35295,553376,712829,139633,1438676,65310,2844514,665864,45243,233102,1243917,378,1,1.21,33.0,High
U502190,44,Self-Employed,200799,133438,41081,184488,720076,6494180,3005255,42106,10403999,245588,175147,80157,879118,426,5,4.32,39.0,High
U502191,41,Salaried,135426,87027,19075,90281,194519,4563543,2323377,6942,7171720,351435,33643,222958,1004498,491,2,4.41,38.0,High
U502192,26,Student,6847,5582,1265,23776,14704,0,0,1047,38480,2720,1150,697,3990,799,11,0.47,59.0,Medium
U502193,24,Student,5546,3018,2528,7638,4147,0,0,223,11785,4341,2096,2296,2918,640,0,0.18,44.0,Medium
U502194,25,Student,7152,4912,2240,12220,6114,0,0,1078,18334,5326,2345,1043,8698,635,1,0.21,41.0,Medium
U502195,50,Salaried,220340,121300,24894,302545,1105032,10166841,765321,59126,12339739,788695,72359,179345,1035373,651,5,4.67,47.0,Medium
U502196,39,Business,103348,60951,19971,210650,955395,1575009,1341094,41667,4082148,56727,67448,157645,685355,617,0,3.29,40.0,Medium
U502197,24,Student,7947,4714,3233,6570,18478,0,0,1405,25048,1734,1786,3429,13391,510,3,0.26,42.0,Medium
U502198,37,Business,222826,165804,24845,918632,1789206,4159113,2590272,469,9457223,30156,116395,38118,513267,357,4,3.54,28.0,High
U502199,25,Student,6631,3856,2775,43953,12811,0,0,39,56764,131,246,62,928,660,5,0.71,50.0,Medium
U502200,59,Business,133924,71902,43569,411341,1035472,2727391,2409871,17842,6584075,63340,37265,94935,554249,355,7,4.1,42.0,Medium
U502201,26,Salaried,212804,143474,50038,1071552,630676,9678883,3470418,74257,14851529,863160,192156,377513,944328,758,2,5.82,52.0,Medium
U502202,28,Student,19687,10573,9114,121453,16539,0,0,2694,137992,4281,6773,5510,37938,622,1,0.58,46.0,Medium
U502203,29,Student,11061,7387,3674,53716,6427,0,0,1018,60143,1353,5379,393,22637,457,3,0.45,38.0,High
U502204,55,Salaried,42371,28033,12019,164353,290853,1435269,548580,17461,2439055,89729,47715,8194,122077,779,1,4.8,49.0,Medium
U502205,25,Salaried,121231,53072,20373,696905,730705,2816614,954654,7336,5198878,173230,121802,58344,358553,522,6,3.57,42.0,Medium
U502206,48,Self-Employed,185448,106996,59915,236349,1527909,974870,3095563,26093,5834691,139133,251523,431300,1403921,581,3,2.62,50.0,Medium
U502207,47,Business,51169,25448,12574,33507,54829,143572,898131,12418,1130039,163115,91602,37893,193057,786,8,1.84,62.0,Medium
U502208,27,Student,12461,9789,2672,82341,18107,0,0,692,100448,27,514,1085,4625,594,7,0.67,44.0,Medium
U502209,23,Student,19400,14333,5067,56075,21034,0,0,2341,77109,16597,538,6410,19358,721,4,0.33,47.0,Medium
U502210,34,Business,143931,98080,17781,674704,1000702,2283018,2164733,30320,6123157,526236,313589,314193,634932,799,9,3.55,63.0,Medium
U502211,50,Salaried,145061,93396,22855,439929,313952,2271726,498890,60226,3524497,322274,114585,163106,551251,675,1,2.02,42.0,Medium
U502212,28,Salaried,74003,45350,19476,322419,151415,1375863,69552,16973,1919249,46910,52093,40735,180299,310,6,2.16,36.0,High
U502213,41,Salaried,234442,136638,59128,621610,614915,213192,991682,64244,2441399,251383,9568,107543,610247,818,6,0.87,56.0,Medium
U502214,34,Self-Employed,197565,114231,36887,371122,965424,2222506,3441167,6518,7000219,410189,371415,211391,952394,754,9,2.95,61.0,Medium
U502215,22,Student,17219,11999,5220,97458,14390,0,0,3427,111848,634,190,478,1969,564,11,0.54,52.0,Medium
U502216,29,Student,15488,8054,7434,41106,32837,0,0,2720,73943,3034,2320,2698,5470,374,6,0.4,43.0,Medium
U502217,54,Salaried,36693,25327,4110,153114,146585,337784,332145,15932,969628,12263,10674,8040,138516,607,7,2.2,44.0,Medium
U502218,22,Student,10260,8299,1961,64393,14974,0,0,1798,79367,2086,1250,1826,9669,708,11,0.64,55.0,Medium
U502219,48,Salaried,31129,23070,8822,80428,2187,1413157,38317,4173,1534089,54007,38876,42609,128336,840,1,4.11,53.0,Medium
U502220,18,Student,10674,8867,1807,50498,15161,0,0,64,65659,3267,1334,1360,13527,799,5,0.51,49.0,Medium
U502221,33,Business,213108,144709,50890,229992,1476971,8320968,1109856,49728,11137787,64933,80265,91442,308722,621,9,4.36,51.0,Medium
U502222,50,Salaried,118963,74703,13854,528705,8124,325325,321427,41273,1183581,54868,237014,203474,825798,403,10,0.83,47.0,Medium
U502223,43,Salaried,127946,78583,29609,97756,1150852,1006321,1768057,61548,4022986,203001,57979,7569,324644,626,4,2.62,44.0,Medium
U502224,37,Self-Employed,92688,47861,16845,190595,33591,2018114,1068651,14848,3310951,410372,204412,168634,487430,792,1,2.98,52.0,Medium
U502225,52,Self-Employed,121710,68215,14297,108879,439568,140018,663007,52801,1351472,60634,58640,56417,126899,448,8,0.93,38.0,High
U502226,46,Salaried,243275,172694,67409,1116393,1936926,745594,708103,36430,4507016,125669,5706,126729,1067745,684,10,1.54,59.0,Medium
U502227,24,Student,7458,5269,2189,16091,9988,0,0,1218,26079,5526,1387,3233,6797,690,7,0.29,52.0,Medium
U502228,44,Self-Employed,109686,70710,16610,409526,824454,1099978,1609429,35504,3943387,184749,52479,24026,543816,788,10,3.0,61.0,Medium
U502229,30,Business,49182,26611,11069,121983,60175,2008193,679454,18708,2869805,33380,23308,26315,53342,392,10,4.86,43.0,Medium
U502230,32,Self-Employed,24788,17415,6690,33084,147848,932699,94782,9716,1208413,43819,15455,28822,198571,458,9,4.06,53.0,Medium
U502231,28,Salaried,194737,121137,19559,502211,935109,4302376,2687077,11766,8426773,295654,43348,119285,327687,682,4,3.61,42.0,Medium
U502232,26,Student,16180,10663,5517,61760,20540,0,0,1693,82300,2068,945,307,2561,535,0,0.42,34.0,High
U502233,43,Salaried,46179,24970,14941,39463,53103,146823,195149,1075,434538,220770,68965,65179,212038,795,10,0.78,71.0,Low
U502234,51,Self-Employed,170917,76581,55204,359008,743197,3609024,2912168,6998,7623397,33551,8426,74218,1457179,617,1,3.72,46.0,Medium
U502235,31,Salaried,187077,132216,27448,237836,976694,1595685,1177174,18257,3987389,488236,7620,94182,993223,549,11,1.78,53.0,Medium
U502236,59,Salaried,207514,119843,30712,373093,893780,3394195,2120592,91103,6781660,685522,244297,114872,1636712,472,5,2.72,44.0,Medium
U502237,43,Self-Employed,220529,158406,29377,949744,1166650,9948893,3497598,2982,15562885,282144,97692,158624,471611,428,1,5.88,28.0,High
U502238,50,Self-Employed,72761,39819,12085,7664,137297,1481345,117202,11808,1743508,165201,31931,93199,414241,663,6,2.0,51.0,Medium
U502239,18,Student,15944,11222,4722,50865,11925,0,0,2601,62790,18528,5605,2148,26928,698,0,0.33,42.0,Medium
U502240,46,Salaried,139747,57707,15385,82246,384879,4044870,65866,67927,4577861,587735,156348,141850,882616,710,4,2.73,50.0,Medium
U502241,29,Student,13949,9196,4753,7045,2035,0,0,2503,9080,3869,1876,647,19442,839,2,0.05,51.0,Medium
U502242,40,Salaried,183509,99495,21377,446797,1493534,1184941,855936,64152,3981208,434751,389813,127096,1596588,698,0,1.81,44.0,Medium
U502243,58,Business,84688,36772,13744,8280,580301,2404013,563683,1512,3556277,276980,70309,119811,423348,431,8,3.5,46.0,Medium
U502244,56,Self-Employed,247918,175037,81363,901580,765328,213042,100102,67310,1980052,14982,55231,9401,693535,565,6,0.67,47.0,Medium
U502245,33,Salaried,158529,109694,42991,79051,1098782,5707320,1267731,32240,8152884,152440,31236,45669,447217,516,6,4.29,44.0,Medium
U502246,18,Student,15137,10770,4367,6921,20974,0,0,1417,27895,6315,2382,1434,7728,513,11,0.15,51.0,Medium
U502247,49,Business,115112,80264,22377,652565,869871,4597552,2006711,31386,8126699,51405,59707,29632,473631,501,5,5.88,40.0,Medium
U502248,31,Business,41410,26102,6635,69842,316411,1492511,31861,3586,1910625,87935,1333,78286,318945,347,9,3.84,45.0,Medium
U502249,44,Self-Employed,153823,71876,25630,605363,546483,6773787,2024880,50623,9950513,84488,63698,212023,841277,827,7,5.39,58.0,Medium
U502250,25,Student,13149,9033,4116,94331,12590,0,0,746,106921,16045,787,682,23617,397,4,0.68,37.0,High
U502251,35,Salaried,68447,37657,10993,265912,490685,1018145,860406,15898,2635148,82957,120043,149414,569571,711,0,3.21,46.0,Medium
U502252,39,Salaried,69304,39362,22430,204090,223641,3152273,57751,4150,3637755,91450,77591,36979,285501,309,10,4.37,47.0,Medium
U502253,44,Salaried,104370,44276,14319,616771,22235,655827,1145703,36402,2440536,171603,207557,201341,550961,572,10,1.95,54.0,Medium
U502254,51,Salaried,177323,123716,60971,443940,171390,3843887,142816,70940,4602033,425507,104680,171555,1132860,504,3,2.16,46.0,Medium
U502255,28,Salaried,231616,102418,74867,1191837,213903,2220181,3070432,66872,6696353,706564,351494,74851,1125584,485,3,2.41,44.0,Medium
U502256,54,Business,230459,124644,30770,1192355,1106369,4368013,879913,6571,7546650,203985,85403,82841,2339868,648,9,2.73,56.0,Medium
U502257,49,Salaried,66265,40877,21908,351253,262819,1161577,826212,15045,2601861,163659,114964,111344,253168,312,7,3.27,44.0,Medium
U502258,54,Salaried,245035,142688,74848,704353,834039,8914017,2770406,5728,13222815,262731,24901,112276,642566,446,10,4.5,49.0,Medium
U502259,50,Business,80646,56257,22014,386368,302343,1177608,72052,9312,1938371,45088,51418,78398,225237,442,10,2.0,49.0,Medium
U502260,48,Salaried,115629,52185,14325,400648,659705,1170958,471393,16389,2702704,84161,593,73727,558849,524,7,1.95,43.0,Medium
U502261,26,Salaried,63099,25298,10740,38416,164138,2054116,625496,30622,2882166,37374,15210,90010,519360,816,6,3.81,58.0,Medium
U502262,53,Salaried,92105,50653,20083,541906,584816,4329595,930677,38514,6386994,312737,148934,160232,253895,659,1,5.78,44.0,Medium
U502263,46,Salaried,214668,153484,54670,335242,625212,4450269,347883,56336,5758606,425610,231302,192318,363574,345,9,2.24,43.0,Medium
U502264,29,Student,7837,4308,3529,40507,11470,0,0,229,51977,2307,953,1659,4756,573,10,0.55,57.0,Medium
U502265,30,Student,17406,11373,6033,64976,27965,0,0,2526,92941,4143,3974,1598,34060,822,5,0.44,56.0,Medium
U502266,48,Salaried,62252,33403,13950,249134,454160,2202761,182659,18743,3088714,59205,102933,131492,475381,841,8,4.13,66.0,Medium
U502267,35,Salaried,33667,22910,11342,36358,217151,39866,439781,6663,733156,60408,15547,27416,60644,575,0,1.81,40.0,Medium
U502268,44,Business,220065,111056,72705,1266771,788586,2929231,586665,96619,5571253,154040,53382,116912,734281,522,7,2.11,49.0,Medium
U502269,54,Salaried,182765,77767,34333,557130,808514,4478180,1839691,25446,7683515,231759,35806,79574,367227,744,5,3.5,49.0,Medium
U502270,32,Self-Employed,150083,96933,36670,845414,119443,1059878,2097005,22037,4121740,69996,243378,96355,1374275,651,7,2.29,57.0,Medium
U502271,36,Business,170177,119682,34794,217522,1174758,3794979,2575910,559,7763169,337469,224356,69669,682285,811,7,3.8,59.0,Medium
U502272,41,Salaried,187927,119175,61296,483337,1120941,3526045,3259718,79478,8390041,192365,58977,90684,298746,582,11,3.72,57.0,Medium
U502273,46,Salaried,147487,78556,24539,857785,109204,3162759,2312263,6520,6442011,234691,56963,251672,1477219,301,0,3.64,30.0,High
U502274,38,Self-Employed,243475,146892,70058,1158733,1043718,1682990,169625,103945,4055066,783780,19027,101442,1952302,711,8,1.39,62.0,Medium
U502275,32,Self-Employed,215643,115315,74434,141361,197097,7611005,985560,34397,8935023,34819,414124,445807,1826146,760,4,3.45,61.0,Medium
U502276,19,Student,9699,6580,3119,47852,11888,0,0,3,59740,1913,512,458,7207,689,9,0.51,55.0,Medium
U502277,58,Salaried,221143,111459,23374,387003,1539143,6404511,1550121,59088,9880778,138239,543447,388806,2102982,669,11,3.72,62.0,Medium
U502278,26,Student,10890,7548,3342,46629,18118,0,0,1317,64747,3872,4338,526,13440,725,5,0.5,51.0,Medium
U502279,56,Salaried,153312,113582,53310,596358,1111854,4667613,768677,13706,7144502,757800,247954,92921,955917,727,8,3.88,67.0,Medium
U502280,25,Student,12063,7667,4396,81483,1336,0,0,825,82819,91,185,978,4773,813,4,0.57,53.0,Medium
U502281,57,Self-Employed,78702,48603,15277,340636,289750,363337,931659,37561,1925382,36538,106242,12755,692002,836,3,2.04,55.0,Medium
U502282,54,Salaried,74579,45311,13133,182581,461317,717694,931110,26443,2292702,33636,140327,120803,514756,300,7,2.56,39.0,High
U502283,39,Business,107207,54842,25125,130458,896786,3681318,1351843,32954,6060405,85550,12231,216397,910250,821,5,4.71,60.0,Medium
U502284,38,Salaried,156534,84141,53927,528784,1151638,558077,772678,23353,3011177,648336,33099,179481,1055713,641,10,1.6,65.0,Medium
U502285,54,Self-Employed,220961,132590,75459,962302,1939690,6087227,1939547,77458,10928766,592399,79394,83708,1735122,656,1,4.12,50.0,Medium
U502286,46,Business,227490,96735,57222,172118,769014,527695,633075,79590,2101902,400474,54616,353154,1940147,444,10,0.77,54.0,Medium
U502287,50,Self-Employed,124915,65356,19080,27578,822295,4968017,634273,8901,6452163,39014,8416,29443,381131,388,0,4.3,24.0,High
U502288,52,Salaried,238751,176196,53890,261199,1238744,10220186,1431367,30914,13151496,209331,432477,425356,1636082,622,10,4.59,60.0,Medium
U502289,20,Student,19873,11754,8119,5085,10727,0,0,376,15812,4924,301,2595,15398,481,4,0.07,42.0,Medium
U502290,21,Student,18736,14343,4393,36542,12003,0,0,3618,48545,8297,1731,2653,19488,672,10,0.22,54.0,Medium
U502291,28,Salaried,170909,89452,25911,981312,1132179,6297142,834741,868,9245374,122404,6956,23309,451483,810,1,4.51,43.0,Medium
U502292,52,Self-Employed,171050,107260,34576,1023950,870022,3261821,530783,69530,5686576,21434,159050,16393,1089837,361,3,2.77,33.0,High
U502293,41,Salaried,213119,135018,48262,846264,1031072,1704674,2809046,95563,6391056,449371,220322,263687,683276,316,5,2.5,36.0,High
U502294,25,Student,11795,9049,2746,80745,5595,0,0,94,86340,3594,2764,1964,11014,374,11,0.61,43.0,Medium
U502295,45,Salaried,135264,72214,45256,484670,1106307,1645023,1962841,38383,5198841,147695,45728,199158,671016,330,6,3.2,42.0,Medium
U502296,59,Self-Employed,43349,24533,4715,37835,112197,773308,46245,19608,969585,42319,107563,54081,397373,326,0,1.86,29.0,High
U502297,49,Salaried,93717,55036,26299,483407,402008,1577288,1549139,46857,4011842,198037,87671,93324,171400,394,0,3.57,31.0,High
U502298,37,Self-Employed,76871,53056,24685,185397,516295,2999047,459878,4952,4160617,344869,5298,160921,363724,769,3,4.51,57.0,Medium
U502299,37,Self-Employed,174142,107221,25030,4054,1523576,1217113,505474,58393,3250217,593220,408397,135753,1017272,793,0,1.56,48.0,Medium
U502300,26,Business,58061,37922,7210,47313,389206,1623634,872157,17345,2932310,111122,55584,7914,576999,827,6,4.21,59.0,Medium
U502301,34,Salaried,83207,39928,22087,450378,8433,173394,1255878,29500,1888083,69149,199921,21262,838820,348,11,1.89,53.0,Medium
U502302,29,Salaried,50495,29946,15144,263506,458271,1605272,358655,18576,2685704,80877,90959,46831,250604,319,9,4.43,46.0,Medium
U502303,24,Self-Employed,194791,124846,50324,499144,1364218,7897500,2550063,73682,12310925,1058543,133283,113145,1372824,400,0,5.27,37.0,High
U502304,46,Salaried,41402,18095,14316,110283,218771,264099,593911,5727,1187064,4584,31567,33212,110542,664,10,2.39,60.0,Medium
U502305,29,Salaried,246550,153679,66168,948873,2321865,3393805,2991790,32454,9656333,298382,40449,20557,726300,344,11,3.26,46.0,Medium
U502306,44,Self-Employed,45163,28913,4973,6990,47394,689425,273275,13818,1017084,35910,62589,19134,302226,410,11,1.88,47.0,Medium
U502307,47,Self-Employed,233095,150645,39343,492084,1553575,7135715,3241612,116015,12422986,797238,103499,408900,1384406,322,8,4.44,42.0,Medium
U502308,27,Salaried,210744,106129,26348,1024565,967894,1259589,1356877,29499,4608925,94166,351259,47601,1983680,825,4,1.82,55.0,Medium
U502309,44,Self-Employed,154603,93751,24101,448230,1198502,2682042,974674,60504,5303448,100312,16888,134015,544252,599,5,2.86,43.0,Medium
U502310,40,Salaried,72914,31890,7810,100859,699463,3434691,227241,6342,4462254,89394,30486,40510,97309,558,9,5.1,45.0,Medium
U502311,40,Self-Employed,156074,70889,42784,242055,47611,623331,1474694,13296,2387691,305016,121501,63475,445431,785,1,1.27,49.0,Medium
U502312,41,Self-Employed,158379,98487,35962,340785,1010751,5045131,2243532,20256,8640199,148570,25031,70851,251030,593,4,4.55,42.0,Medium
U502313,57,Self-Employed,55034,26192,12255,141952,462691,2224092,88412,25442,2917147,7735,73231,59303,245124,350,2,4.42,31.0,High
U502314,36,Salaried,206927,107876,61640,97943,1467950,1977450,2415255,20311,5958598,516062,342958,177615,1387765,652,7,2.4,59.0,Medium
U502315,28,Salaried,217960,113671,70241,720980,729505,1187511,1120232,104125,3758228,887622,478365,50223,1647831,426,7,1.44,52.0,Medium
U502316,35,Self-Employed,44575,31007,11683,20027,418698,1179630,688621,6548,2306976,17061,41662,29496,224084,324,6,4.31,38.0,High
U502317,40,Self-Employed,221521,95613,68304,261812,328100,8349600,3243145,4843,12182657,722790,61131,147366,943597,344,4,4.58,39.0,High
U502318,26,Salaried,206800,149838,51035,953703,1654635,7706556,3630955,19362,13945849,174038,56197,105626,578022,770,0,5.62,44.0,Medium
U502319,23,Salaried,95153,48457,30385,235200,799489,1577260,1162839,42640,3774788,128794,77756,69562,369546,830,10,3.31,68.0,Medium
U502320,56,Self-Employed,144331,76173,20864,288353,1278491,2752816,2133048,52209,6452708,8017,55042,54988,365981,519,10,3.73,46.0,Medium
U502321,47,Salaried,150674,105659,15397,724075,852620,4181924,1772543,37256,7531162,90205,60716,53189,197641,535,5,4.17,36.0,High
U502322,36,Salaried,169109,91919,34049,65866,817768,4572375,2346528,62707,7802537,375778,1141,210598,583935,779,9,3.84,60.0,Medium
U502323,57,Salaried,94599,45362,27554,129499,696274,3081340,368063,11925,4275176,18215,27844,55951,241805,764,11,3.77,63.0,Medium
U502324,58,Self-Employed,157925,97201,31917,751023,370820,2062431,908363,59192,4092637,101356,152639,31044,531870,336,10,2.16,42.0,Medium
U502325,50,Business,203177,112192,27086,6626,978025,6395039,2750924,2842,10130614,376137,3020,13218,768659,325,1,4.16,24.0,High
U502326,59,Self-Employed,201884,108369,30944,782369,268931,1680337,409054,80459,3140691,730520,72554,386670,1700449,380,0,1.3,33.0,High
U502327,53,Self-Employed,221557,150606,66545,916216,1007837,6332850,3757793,37963,12014696,1063530,255862,450093,1406581,540,3,4.52,50.0,Medium
U502328,46,Self-Employed,233916,105285,74733,686717,1706744,346980,2450451,50816,5190892,217287,14703,45237,342354,622,8,1.85,52.0,Medium
U502329,33,Business,35746,17776,6328,127011,154581,1282232,235543,6202,1799367,66641,44156,88075,273379,538,4,4.19,46.0,Medium
U502330,28,Self-Employed,119668,71354,25301,322056,1113941,1122328,1776002,35817,4334327,439591,23827,164606,885476,721,3,3.02,53.0,Medium
U502331,45,Self-Employed,79654,51230,21194,469863,417275,2679214,267211,20587,3833563,252518,80105,61852,253534,586,10,4.01,57.0,Medium
U502332,49,Self-Employed,27998,15738,6997,41949,137660,500811,478252,3212,1158672,1735,33877,16797,126771,541,8,3.45,50.0,Medium
U502333,51,Salaried,100128,53277,24193,121552,881205,2644647,582108,8687,4229512,36557,102169,94757,685683,456,11,3.52,53.0,Medium
U502334,32,Business,83371,60766,17076,98273,439623,3357894,1104944,7302,5000734,171296,124940,76129,461982,534,11,5.0,56.0,Medium
U502335,40,Salaried,141798,60507,16430,188499,30423,1173604,1969917,26817,3362443,31530,51948,107636,599711,410,11,1.98,44.0,Medium
U502336,36,Self-Employed,20624,8865,4781,27206,117903,123924,314139,10010,583172,11989,5185,5992,38907,569,6,2.36,44.0,Medium
U502337,55,Salaried,165012,91034,54046,653264,198000,1860114,707329,78831,3418707,232229,208341,164585,758675,631,1,1.73,46.0,Medium
U502338,33,Business,87618,43186,27772,461256,607139,755748,791298,29043,2615441,411120,107965,72101,444377,321,9,2.49,49.0,Medium
U502339,54,Business,115374,73331,19321,610621,502273,1294550,360248,50396,2767692,98863,40177,136626,435551,331,6,2.0,35.0,High
U502340,25,Salaried,169213,115648,21467,486351,1289141,2453741,1797831,44045,6027064,66327,62455,55754,1127236,412,4,2.97,35.0,High
U502341,30,Student,6222,3741,2481,3021,10394,0,0,336,13415,5913,3321,633,8750,835,11,0.18,69.0,Medium
U502342,30,Student,14830,7970,6860,80936,32062,0,0,1468,112998,772,1730,2052,12090,405,0,0.63,34.0,High
U502343,29,Salaried,113292,84541,33327,612821,186767,1691179,1890635,19101,4381402,197587,82339,73713,483633,385,8,3.22,46.0,Medium
U502344,38,Self-Employed,51716,26458,13398,155366,197497,1866412,380787,20774,2600062,64972,39058,38460,76349,642,6,4.19,49.0,Medium
U502345,24,Salaried,188346,108059,60159,108402,1010103,3605807,531188,10728,5255500,94626,29021,181570,1681984,349,6,2.33,44.0,Medium
U502346,59,Salaried,156392,71852,50050,837826,698893,5334829,1549172,41324,8420720,8300,9502,48066,559589,520,1,4.49,38.0,High
U502347,47,Self-Employed,101245,53550,22021,236237,52414,4258276,1715018,341,6261945,477922,48446,10220,779846,518,11,5.15,58.0,Medium
U502348,37,Self-Employed,37719,17060,6076,167526,355015,1358002,517431,9469,2397974,40111,9570,38057,381382,660,3,5.3,48.0,Medium
U502349,23,Salaried,199637,135821,36715,191616,629482,5808479,1711379,70575,8340956,16405,132704,219155,900778,449,4,3.48,37.0,High
U502350,59,Self-Employed,174882,94309,42077,34717,1161487,2129621,2410989,82767,5736814,615858,28845,249484,715467,760,5,2.73,56.0,Medium
U502351,58,Salaried,129010,54605,23554,182520,284681,4480499,1462067,37470,6409767,313618,262677,16141,887049,458,6,4.14,45.0,Medium
U502352,28,Student,5105,2875,2230,25844,9808,0,0,225,35652,479,973,203,7998,440,1,0.58,37.0,High
U502353,26,Self-Employed,238747,157282,29279,1284838,960282,9504647,3995445,7808,15745212,1118373,377077,316692,1611827,358,6,5.5,41.0,Medium
U502354,50,Self-Employed,151083,81404,41273,106061,613993,6769136,2388657,29273,9877847,99190,148279,48482,633198,335,10,5.45,45.0,Medium
U502355,19,Student,6213,3714,2499,35578,4122,0,0,1127,39700,39,856,359,3844,300,8,0.53,40.0,Medium
U502356,41,Self-Employed,118142,61524,36788,190657,567070,2766188,449649,1913,3973564,65865,39347,103326,920230,357,4,2.8,40.0,Medium
U502357,27,Salaried,148306,81438,44070,659589,630187,1329044,1407342,42782,4026162,490673,70419,127263,570747,719,1,2.26,49.0,Medium
U502358,42,Self-Employed,204938,94984,54736,1224821,243782,6212776,459065,92591,8140444,186708,99748,57086,212107,430,8,3.31,43.0,Medium
U502359,51,Salaried,104424,75608,15303,167699,745867,2301109,799392,51006,4014067,149616,22813,63736,1108135,428,3,3.2,38.0,High
U502360,42,Salaried,47511,33815,7984,261085,190351,1029609,186022,5286,1667067,137689,12314,12227,231168,464,0,2.92,32.0,High
U502361,54,Self-Employed,208424,84120,21365,921237,1737148,4924963,1919327,57036,9502675,352759,347554,177562,1571057,472,9,3.8,48.0,Medium
U502362,48,Salaried,205832,99536,43013,460960,674348,4700374,393773,8136,6229455,339261,38951,75863,618760,847,3,2.52,52.0,Medium
U502363,43,Salaried,174093,121209,46097,495087,205284,1538850,2723207,80352,4962428,774439,377484,80139,1166279,540,11,2.38,61.0,Medium
U502364,46,Self-Employed,196966,103182,22958,466167,354526,8617308,2802599,17220,12240600,386652,45634,52293,757044,742,3,5.18,45.0,Medium
U502365,45,Self-Employed,30015,20060,4027,170681,144309,9872,155780,6378,480642,62523,3196,8040,99547,480,7,1.33,41.0,Medium
U502366,30,Self-Employed,223682,143309,36370,1084089,1960218,8284539,1841596,57840,13170442,285047,181738,101553,459249,545,3,4.91,37.0,High
U502367,33,Salaried,223649,133656,75443,587122,2060488,7946910,1569285,76609,12163805,551242,372709,293896,846792,751,10,4.53,67.0,Medium
U502368,22,Salaried,186877,116136,37261,622875,781504,767079,2400918,64364,4572376,331992,94876,38053,2166770,580,0,2.04,43.0,Medium
U502369,50,Self-Employed,199605,137028,68068,1014358,881379,9349110,1642311,36643,12887158,363267,138398,176623,781979,670,9,5.38,61.0,Medium
U502370,57,Business,171813,87225,22401,943809,878559,4972543,779153,35904,7574064,112020,76846,4832,405244,771,3,3.67,44.0,Medium
U502371,40,Salaried,216631,95849,51163,475517,2062879,6835677,848058,54414,10222131,19522,160170,95785,901633,504,4,3.93,40.0,Medium
U502372,38,Salaried,146575,75671,35217,876976,899774,4611441,1758191,12215,8146382,105867,152382,66240,733277,752,9,4.63,60.0,Medium
U502373,45,Business,35737,19517,7398,112279,288039,634408,450448,6888,1485174,11983,23035,15201,140833,585,5,3.46,44.0,Medium
U502374,45,Self-Employed,169705,72361,38652,213564,1324324,5339170,2694319,35316,9571377,172528,58329,29569,308933,475,10,4.7,47.0,Medium
U502375,30,Student,12906,8654,4252,21238,1640,0,0,1132,22878,17239,719,1829,25553,664,3,0.15,47.0,Medium
U502376,20,Student,14876,12621,2255,44716,9485,0,0,1664,54201,468,3008,1104,17759,426,0,0.3,24.0,High
U502377,55,Salaried,107268,74396,17009,115576,489522,3680642,683094,282,4968834,23865,53492,10709,301910,533,8,3.86,44.0,Medium
U502378,41,Salaried,239269,153458,78102,126583,507595,4620917,2973052,9116,8228147,170217,105669,67854,406405,685,4,2.87,49.0,Medium
U502379,27,Student,14234,11610,2624,27822,21353,0,0,1906,49175,14297,2525,6867,20893,517,1,0.29,32.0,High
U502380,22,Salaried,128981,61292,26663,36662,1197535,2383443,943609,46921,4561249,348851,322116,152118,993148,414,4,2.95,43.0,Medium
U502381,22,Student,10173,6888,3285,37298,13265,0,0,1284,50563,6290,2458,2110,8994,301,3,0.41,30.0,High
U502382,30,Self-Employed,215064,97017,24200,585738,1257710,6518807,2923054,72502,11285309,498156,232450,277616,1025601,766,10,4.37,60.0,Medium
U502383,26,Self-Employed,94507,66865,12630,439887,503994,1207023,1397833,36601,3548737,188825,4376,13405,1033996,775,5,3.13,56.0,Medium
U502384,18,Student,11132,5904,5228,75970,4931,0,0,390,80901,10010,3339,1126,12681,637,2,0.61,48.0,Medium
U502385,39,Salaried,65000,40913,11903,242930,403940,487805,168076,22111,1302751,33157,20898,16743,117545,304,5,1.67,30.0,High
U502386,53,Salaried,75967,32368,18585,70147,514139,2373743,83457,16345,3041486,62246,79968,13189,270249,449,7,3.34,43.0,Medium
U502387,41,Salaried,82083,57064,12930,322597,553420,2456401,1374313,15645,4706731,153676,42329,59407,153480,348,4,4.78,31.0,High
U502388,43,Self-Employed,132095,82777,29832,366755,932061,709247,1927319,30464,3935382,27272,21806,40583,261205,844,11,2.48,63.0,Medium
U502389,28,Self-Employed,248721,117180,64250,1451443,777767,4470670,268039,48467,6967919,382489,215078,241784,2232993,722,0,2.33,49.0,Medium
U502390,22,Student,6277,3157,3120,11618,6112,0,0,1021,17730,1418,279,225,4928,568,9,0.24,57.0,Medium
U502391,19,Student,13801,7505,6296,89792,13637,0,0,2102,103429,1742,522,223,3110,397,10,0.62,49.0,Medium
U502392,28,Student,9695,6909,2786,1506,16677,0,0,586,18183,5275,546,1186,6328,841,10,0.16,62.0,Medium
U502393,35,Salaried,76972,32657,19048,167378,699439,3409379,1260918,12653,5537114,77082,47465,52996,322384,800,4,5.99,54.0,Medium
U502394,37,Business,247471,160378,78324,982768,1523198,7578894,2933596,76483,13018456,496149,343288,86404,999058,394,7,4.38,45.0,Medium
U502395,56,Salaried,112450,72475,13620,572376,163785,2548531,696705,38693,3981397,191710,75929,114314,241569,394,5,2.95,33.0,High
U502396,23,Salaried,44066,29512,15391,49346,55670,533724,318926,13166,957666,62498,10096,35842,137896,615,1,1.81,44.0,Medium
U502397,32,Business,96889,52672,20541,318157,565778,3400271,390782,10070,4674988,208480,26766,196834,567057,374,6,4.02,41.0,Medium
U502398,46,Business,74003,31813,25855,365049,296988,514641,725896,27223,1902574,50848,74381,23629,572681,540,0,2.14,43.0,Medium
U502399,30,Self-Employed,217664,138426,61710,216606,1088843,9989096,3055351,90040,14349896,36249,586616,53843,2424055,640,10,5.49,65.0,Medium
U502400,56,Salaried,130650,61007,45517,246230,919289,2944573,198560,28444,4308652,4308,25520,24494,415871,444,1,2.75,35.0,High
U502401,36,Self-Employed,152790,61726,47801,175491,584099,1584366,113505,45713,2457461,454920,211,319724,978565,683,9,1.34,64.0,Medium
U502402,59,Self-Employed,20427,15127,3797,77008,106544,131529,155355,3082,470436,15227,12255,27717,214470,756,4,1.92,55.0,Medium
U502403,43,Salaried,168798,97244,46619,217364,847954,5797962,1848180,35923,8711460,10450,52569,348506,1550323,397,3,4.3,41.0,Medium
U502404,54,Business,156302,87500,38044,618797,40934,2642143,1390944,17723,4692818,390277,297089,199417,832193,349,6,2.5,42.0,Medium
U502405,35,Self-Employed,28671,18596,8887,82482,58682,181232,287110,1430,609506,29236,18370,7227,43279,482,1,1.77,35.0,High
U502406,49,Salaried,113840,73009,21174,285830,702824,3286022,663177,49032,4937853,201351,23491,143954,512296,775,3,3.61,50.0,Medium
U502407,23,Self-Employed,108708,52972,15156,348098,972758,2439925,1789056,4240,5549837,137821,108773,3200,420563,837,9,4.25,59.0,Medium
U502408,49,Salaried,120757,49084,31678,120105,819366,5508168,2047437,18825,8495076,603572,198182,152148,646068,723,6,5.86,60.0,Medium
U502409,44,Salaried,46213,21410,11249,263944,168437,1834175,628309,1956,2894865,15318,34999,48735,334385,485,3,5.22,41.0,Medium
U502410,38,Business,20049,12287,5179,19555,45322,328203,106811,6382,499891,35109,11954,30844,156117,401,0,2.08,35.0,High
U502411,42,Self-Employed,214250,116020,56129,1264044,1868457,2126343,3107250,52914,8366094,402275,110230,214729,2072406,775,10,3.25,69.0,Medium
U502412,53,Salaried,232824,109174,40457,1183344,1644254,10584389,3377568,40873,16789555,900965,83773,291773,1151267,453,2,6.01,37.0,High
U502413,37,Business,47134,31833,5957,135967,444672,432936,492128,4219,1505703,62078,10211,1800,87560,321,0,2.66,20.0,High
U502414,46,Salaried,44883,27798,9640,135092,69543,1071419,282402,21374,1558456,43218,2866,25657,134670,657,11,2.89,57.0,Medium
U502415,29,Self-Employed,166246,73648,35601,833547,188397,7487697,234434,25116,8744075,434158,104837,178737,1615253,657,0,4.38,46.0,Medium
U502416,29,Student,16588,11296,5292,115662,21618,0,0,1621,137280,10909,302,1500,46138,722,4,0.69,51.0,Medium
U502417,36,Salaried,180802,124329,62020,686812,1051875,1046568,2465678,39808,5250933,300092,260904,224435,805391,533,6,2.42,51.0,Medium
U502418,40,Salaried,168971,75751,21686,738989,825635,1650960,519245,71812,3734829,371017,127199,132038,333246,438,10,1.84,44.0,Medium
U502419,30,Self-Employed,231692,107450,51113,1213406,1458429,5855258,2799283,29287,11326376,386304,242341,15490,1022554,474,0,4.07,33.0,High
U502420,58,Business,42102,31109,8309,29998,11649,1429010,622626,3582,2093283,82747,63242,47423,172884,814,8,4.14,61.0,Medium
U502421,42,Self-Employed,62505,33410,8257,255710,139347,2838392,346305,8805,3579754,48031,49548,56219,532507,831,6,4.77,58.0,Medium
U502422,53,Salaried,197859,121183,61553,928697,1174258,7139106,3543260,73101,12785321,203593,93403,297609,1253761,788,10,5.38,68.0,Medium
U502423,53,Self-Employed,206970,84930,31000,715477,1876898,3464746,1125887,101900,7183008,423770,452950,337812,1284187,707,10,2.89,61.0,Medium
U502424,30,Business,177713,115674,52755,42197,1670643,7891908,640467,45790,10245215,856352,78044,49372,1313988,413,2,4.8,42.0,Medium
U502425,22,Salaried,131399,97277,26595,673046,161589,1289418,1460857,3205,3584910,209888,65699,144832,432310,416,8,2.27,43.0,Medium
U502426,40,Self-Employed,221967,145507,45659,620586,222391,337036,1314701,86538,2494714,72953,106801,124710,582179,705,9,0.94,55.0,Medium
U502427,39,Salaried,131904,61499,38940,280814,1149818,2629561,1431939,27496,5492132,192142,31831,91138,747616,499,1,3.47,39.0,High
U502428,19,Student,9865,6066,3799,35372,10719,0,0,1964,46091,4469,204,1557,22509,579,4,0.39,46.0,Medium
U502429,22,Student,6397,3322,3075,2760,996,0,0,786,3756,425,484,223,1730,730,8,0.05,61.0,Medium
U502430,59,Business,135552,60590,40683,439500,2803,4219550,766447,39153,5428300,422762,190480,152423,889614,782,5,3.34,61.0,Medium
U502431,20,Student,13628,7290,6338,25369,32272,0,0,2393,57641,10132,5253,346,23539,786,7,0.35,63.0,Medium
U502432,26,Student,14752,12182,2570,75533,19274,0,0,2681,94807,4387,2818,2461,14983,478,11,0.54,46.0,Medium
U502433,40,Business,147870,87607,48253,787486,65544,1550709,1974513,46272,4378252,181607,80399,9941,511817,716,2,2.47,49.0,Medium
U502434,50,Salaried,193419,87499,55342,1041243,466884,696453,3239347,52644,5443927,62570,192389,116195,779461,329,2,2.35,32.0,High
U502435,20,Student,12194,8986,3208,10382,7957,0,0,1943,18339,4218,154,1845,23892,619,11,0.13,55.0,Medium
U502436,28,Student,19822,13077,6745,74413,12330,0,0,1805,86743,511,81,410,2494,563,11,0.36,54.0,Medium
U502437,40,Salaried,236308,167712,53950,178342,672549,6744647,2743868,96673,10339406,842929,257356,263771,903745,355,7,3.65,42.0,Medium
U502438,26,Student,6392,3473,2919,14451,7859,0,0,1192,22310,2498,524,201,3057,827,8,0.29,64.0,Medium
U502439,38,Salaried,103345,47240,26472,199150,230991,3457659,1263655,15918,5151455,93774,45105,36859,79294,563,2,4.15,38.0,High
U502440,40,Salaried,177937,120100,48690,287566,893031,2290035,1084935,23598,4555567,472,142463,149343,792590,482,3,2.13,40.0,Medium
U502441,57,Salaried,78364,35220,12005,164823,119368,2110193,247973,35468,2642357,78957,134503,1339,597873,663,8,2.81,55.0,Medium
U502442,58,Salaried,224109,131795,40762,538949,1207475,9826639,3356114,11134,14929177,102951,120076,31347,411696,541,6,5.55,41.0,Medium
U502443,47,Business,144576,67134,41181,447573,1162513,1153103,34205,50136,2797394,342922,238395,256658,620106,831,9,1.61,68.0,Medium
U502444,22,Salaried,214627,118742,56103,1081532,1079496,4209268,438517,60238,6808813,169248,132219,45361,2645309,845,0,2.64,56.0,Medium
U502445,43,Self-Employed,178127,118623,34857,147127,480428,3744382,1560895,5662,5932832,57454,142753,216515,708938,473,4,2.78,38.0,High
U502446,38,Salaried,121455,61131,15560,354077,951582,2679449,923796,37234,4908904,90573,68874,18186,303148,575,1,3.37,33.0,High
U502447,30,Student,12327,9765,2562,86539,26834,0,0,414,113373,13136,8375,8449,12844,349,8,0.77,38.0,High
U502448,36,Business,32940,16739,3770,18444,190755,967069,243051,3304,1419319,25285,44604,67512,225244,582,0,3.59,37.0,High
U502449,24,Salaried,246895,137173,30463,822454,2102552,4829441,3572842,79619,11327289,773890,57547,339227,1212716,429,11,3.82,48.0,Medium
U502450,41,Business,202239,86014,25422,1135603,1538246,471989,3245292,35418,6391130,907545,239893,61235,1318615,747,4,2.63,52.0,Medium
U502451,59,Salaried,170041,103747,19257,325712,56872,3441377,773323,52535,4597284,526083,233418,200214,540838,532,3,2.25,38.0,High
U502452,47,Salaried,48116,22124,7564,216530,136273,1948390,505937,158,2807130,11340,2891,20943,91299,632,5,4.86,42.0,Medium
U502453,22,Student,17939,9152,8787,39740,606,0,0,2189,40346,14940,38,1821,39339,668,11,0.19,66.0,Medium
U502454,39,Salaried,46508,22050,4733,132451,5974,769220,755931,23038,1663576,43435,21091,34909,352506,391,9,2.98,43.0,Medium
U502455,45,Business,136762,95884,31865,190163,686157,5820469,421467,62069,7118256,123405,121741,871,522910,646,3,4.34,44.0,Medium
U502456,29,Student,14078,9559,4519,101258,29152,0,0,2294,130410,9938,4585,2942,14937,747,11,0.77,62.0,Medium
U502457,37,Business,88138,42058,23731,12394,644241,2051675,1292850,4634,4001160,291400,30520,68852,343106,514,5,3.78,46.0,Medium
U502458,59,Business,197574,83356,25884,18760,601279,2341880,465948,1384,3427867,755299,210998,74946,1141096,420,8,1.45,44.0,Medium
U502459,41,Salaried,22072,12000,3815,86772,117856,1046721,384537,6808,1635886,1973,32424,13284,147577,684,2,6.18,45.0,Medium
U502460,31,Self-Employed,140511,100624,21205,762194,454987,5377315,654012,58304,7248508,221121,57597,66731,298580,752,2,4.3,43.0,Medium
U502461,50,Business,179392,75445,29351,206347,101608,5991147,2726132,65490,9025234,252798,39645,96811,526354,639,6,4.19,46.0,Medium
U502462,55,Salaried,183592,99271,36272,125618,1490131,6104817,2207178,26611,9927744,219400,117876,55258,931465,709,10,4.51,59.0,Medium
U502463,29,Student,5169,2710,2459,19994,6153,0,0,984,26147,4085,1857,2490,5678,789,4,0.42,58.0,Medium
U502464,45,Self-Employed,37863,23294,9659,119100,355457,277157,464706,10153,1216420,3751,26393,25893,230803,481,11,2.68,53.0,Medium
U502465,24,Student,11590,8646,2944,52232,2221,0,0,910,54453,7338,2455,268,18211,369,2,0.39,29.0,High
U502466,54,Salaried,97973,67414,11824,27705,279884,178126,466060,33316,951775,53461,45663,20637,240540,642,0,0.81,34.0,High
U502467,29,Business,228747,157428,68343,58500,1123830,1379633,1700551,61306,4262514,260464,41365,70171,622106,568,0,1.55,37.0,High
U502468,43,Self-Employed,109485,71260,23507,347088,678036,4198360,1610440,9185,6833924,192684,23841,139283,852374,498,1,5.2,39.0,High
U502469,18,Student,12597,8955,3642,82909,25398,0,0,1042,108307,19,4885,6038,20809,826,6,0.72,56.0,Medium
U502470,28,Student,18665,11853,6812,51142,34646,0,0,873,85788,52,8113,10433,38902,668,4,0.38,50.0,Medium
U502471,49,Self-Employed,167247,124631,39341,509359,15920,530695,2916115,17548,3972089,285299,82222,53164,544925,559,3,1.98,41.0,Medium
U502472,25,Student,15882,9123,6759,5304,741,0,0,2081,6045,4014,6519,6011,40332,310,8,0.03,44.0,Medium
U502473,56,Salaried,55863,23538,16136,123899,30357,1713928,23499,13538,1891683,87156,51877,26732,129190,568,5,2.82,46.0,Medium
U502474,29,Student,10376,8486,1890,9575,2651,0,0,1550,12226,7062,4780,3345,20543,749,11,0.1,58.0,Medium
U502475,51,Salaried,157568,77693,52846,78272,1329097,3351720,1931727,74164,6690816,311396,90879,92743,1010632,676,5,3.54,56.0,Medium
U502476,54,Business,186062,127730,40563,220483,85185,3848668,2082267,44880,6236603,54892,384460,127707,1554545,308,8,2.79,43.0,Medium
U502477,59,Salaried,60010,24756,16710,4277,228848,2798488,938241,19546,3969854,175112,73523,101697,254280,430,3,5.51,41.0,Medium
U502478,29,Student,5857,4898,959,22277,11337,0,0,835,33614,2837,352,939,11003,638,6,0.48,44.0,Medium
U502479,35,Salaried,162830,94203,35076,125635,1228738,6943131,2121235,16334,10418739,40152,73567,17157,458620,560,2,5.33,37.0,High
U502480,19,Student,6190,4830,1360,39673,4896,0,0,25,44569,1898,1736,2023,11224,398,3,0.6,31.0,High
U502481,34,Salaried,215126,139169,62426,300688,1384253,8252319,965927,3281,10903187,926736,26454,524022,1284752,541,6,4.22,53.0,Medium
U502482,56,Salaried,59096,34831,18176,113308,79852,133563,416148,17852,742871,265149,60263,60147,409759,312,9,1.05,50.0,Medium
U502483,20,Student,11796,7846,3950,69056,21428,0,0,729,90484,3463,2876,3224,7426,320,0,0.64,26.0,High
U502484,24,Student,7998,6205,1793,28766,16416,0,0,111,45182,2426,635,600,4194,701,8,0.47,51.0,Medium
U502485,20,Student,18929,15495,3434,14822,19706,0,0,1255,34528,3764,314,801,5076,319,9,0.15,35.0,High
U502486,27,Self-Employed,42659,17340,14315,166984,103725,1655585,725565,9374,2651859,4879,232,25451,122306,371,6,5.18,40.0,Medium
U502487,28,Self-Employed,136024,86742,32346,295329,1305590,4091239,180157,16834,5872315,99008,170544,171544,707199,604,4,3.6,47.0,Medium
U502488,38,Self-Employed,122285,71652,32137,332925,460255,3715184,514416,29320,5022780,10237,109306,31661,432703,679,2,3.42,44.0,Medium
U502489,30,Student,17398,9836,7562,20595,12289,0,0,1270,32884,450,1347,1513,8979,402,1,0.16,34.0,High
U502490,28,Student,19283,10387,8896,94758,20007,0,0,942,114765,176,69,113,588,602,10,0.5,58.0,Medium
U502491,59,Self-Employed,166957,102813,51768,647631,805616,2512034,1196353,71218,5161634,241798,236390,145982,617413,593,5,2.58,50.0,Medium
U502492,42,Self-Employed,230883,111582,25194,1185444,2087145,5699393,1958932,86152,10930914,150080,233916,317624,1065841,426,7,3.95,39.0,High
U502493,46,Self-Employed,67178,32675,15539,103167,101488,1763621,621378,10184,2589654,135225,50707,45349,512728,673,8,3.21,58.0,Medium
U502494,27,Business,35802,20166,6701,180186,142411,1258943,207443,16453,1788983,93950,6961,16190,196647,750,5,4.16,53.0,Medium
U502495,59,Salaried,163073,113456,33138,472063,624545,6673580,611764,18975,8381952,429192,64269,134814,958892,623,2,4.28,44.0,Medium
U502496,42,Self-Employed,44290,23590,13622,32863,420105,55282,63939,12429,572189,29355,52099,64507,398692,766,4,1.08,59.0,Medium
U502497,33,Salaried,178016,104682,55489,597114,1500727,806165,1452505,86609,4356511,257779,290943,313029,790175,720,0,2.04,48.0,Medium
U502498,24,Salaried,140271,88014,48835,410297,945716,2659433,58128,11875,4073574,283522,228950,251646,698643,380,5,2.42,45.0,Medium
U502499,25,Salaried,243334,153481,71865,837469,1125014,6008892,4105761,75882,12077136,352822,589263,152743,2015204,554,4,4.14,50.0,Medium
U502500,30,Student,16751,10995,5756,43894,16913,0,0,3263,60807,10748,2844,484,40378,383,4,0.3,37.0,High
U502501,58,Self-Employed,235911,158143,43760,16322,950000,10193710,1690235,116381,12850267,1019655,528911,382867,1034441,829,10,4.54,68.0,Medium
U502502,27,Salaried,144035,65301,23413,693508,753542,1922249,1175577,36402,4544876,612557,86695,115689,969224,847,2,2.63,54.0,Medium
U502503,33,Self-Employed,41250,19736,13391,22120,188036,1457915,137646,7704,1805717,19023,10851,24108,234115,664,3,3.65,50.0,Medium
U502504,27,Self-Employed,163087,92774,19926,135169,250539,3460607,1872700,33799,5719015,92893,17176,23743,369330,828,8,2.92,54.0,Medium
U502505,40,Salaried,101529,60229,14550,519358,434017,4593107,226432,19841,5772914,371999,96673,24477,518287,400,10,4.74,46.0,Medium
U502506,48,Business,148647,102839,43473,219843,139743,3218355,1698292,8669,5276233,48113,28587,2606,1005847,641,5,2.96,51.0,Medium
U502507,43,Salaried,221201,114800,39726,170829,1878597,2893521,3476005,33067,8418952,121964,66189,27046,549513,819,11,3.17,61.0,Medium
U502508,30,Student,15028,11714,3314,50883,28897,0,0,974,79780,2318,8443,211,32047,436,1,0.44,30.0,High
U502509,32,Business,92717,45547,15751,464062,651554,966759,1527334,32616,3609709,186253,63710,93630,133766,506,7,3.24,43.0,Medium
U502510,34,Business,65165,26888,16814,6109,52662,1763967,785817,15459,2608555,81131,90682,101593,311082,688,2,3.34,48.0,Medium
U502511,29,Business,31181,16047,9581,134620,44114,906435,354833,11031,1440002,50569,12009,10219,74922,377,1,3.85,32.0,High
U502512,47,Salaried,246590,131669,47398,648346,622664,2637946,650717,54325,4559673,357314,132226,83436,632642,804,3,1.54,49.0,Medium
U502513,43,Business,214030,86750,60173,702891,113342,7828069,1211427,92524,9855729,37624,96378,46404,362480,430,3,3.84,35.0,High
U502514,20,Student,6404,4102,2302,23463,14134,0,0,866,37597,36,1704,2155,7200,486,3,0.49,39.0,High
U502515,40,Salaried,182978,133208,35931,315866,845975,4089228,2965815,39514,8216884,667958,167768,136804,1595070,643,4,3.74,52.0,Medium
U502516,26,Salaried,115281,71770,13993,439150,593043,4150489,884338,44109,6067020,227502,85857,155738,456917,785,10,4.39,60.0,Medium
U502517,23,Student,9202,6561,2641,38988,3338,0,0,1165,42326,238,147,144,1053,458,0,0.38,29.0,High
U502518,26,Student,17453,11329,6124,98189,3164,0,0,1256,101353,17817,10320,6579,22287,631,10,0.48,58.0,Medium
U502519,38,Business,129764,88211,17687,350494,886236,2938491,207824,55438,4383045,229166,108848,44243,526283,575,1,2.81,36.0,High
U502520,38,Salaried,80160,37748,18456,248137,14673,2142420,69880,1697,2475110,130259,39691,97711,303187,455,4,2.57,39.0,High
U502521,55,Self-Employed,39227,19279,10646,133952,106832,384,581418,168,822586,31928,46054,19880,199564,602,4,1.75,47.0,Medium
U502522,24,Student,10786,8085,2701,72563,25819,0,0,641,98382,241,119,181,562,575,9,0.76,48.0,Medium
U502523,21,Student,5861,4636,1225,36421,11364,0,0,814,47785,2207,287,283,3557,396,9,0.68,40.0,Medium
U502524,59,Self-Employed,55976,37830,16123,71752,536805,2142977,754062,22660,3505596,46347,9430,61078,192073,434,7,5.22,44.0,Medium
U502525,59,Salaried,120036,50623,42002,319050,1097782,2536777,952316,12688,4905925,259304,88983,160444,369670,466,0,3.41,38.0,High
U502526,30,Self-Employed,200340,134148,21962,306560,522432,2468472,1788957,12693,5086421,199471,76889,136674,664266,784,1,2.12,42.0,Medium
U502527,49,Self-Employed,58653,23692,16514,203881,58058,4294,643022,11589,909255,191712,49163,28143,211122,476,0,1.29,36.0,High
U502528,54,Self-Employed,70184,39584,18615,404972,450905,3166468,616317,20245,4638662,67790,134946,92787,456174,813,3,5.51,57.0,Medium
U502529,22,Student,13410,9627,3783,76054,9140,0,0,2468,85194,5587,2081,1998,29392,568,0,0.53,36.0,High
U502530,27,Self-Employed,88315,48462,28498,128787,56278,3859291,68979,5374,4113335,224183,31907,35751,467749,609,8,3.88,57.0,Medium
U502531,42,Salaried,180475,118489,48936,88847,1730545,6570581,439968,84539,8829941,355595,128295,63097,358708,584,8,4.08,51.0,Medium
U502532,54,Salaried,97823,73244,34160,263728,512264,3592538,602913,39950,4971443,258161,210747,183301,514201,310,5,4.24,43.0,Medium
U502533,33,Business,25250,13536,4846,115193,41641,729275,28095,3559,914204,18790,33924,51902,161041,590,6,3.02,50.0,Medium
U502534,50,Self-Employed,184595,125578,44479,875538,1166353,8549195,96707,40304,10687793,68582,52728,24830,624556,451,10,4.82,47.0,Medium
U502535,32,Business,98663,51291,24741,462701,183710,3804719,590036,13275,5041166,167376,235969,152720,647346,634,6,4.26,55.0,Medium
U502536,29,Salaried,68092,29553,22173,31451,207905,1530190,50078,10421,1819624,235840,85021,47523,308217,690,6,2.23,58.0,Medium
U502537,53,Self-Employed,149355,104935,38803,340698,254193,5011956,1093428,20850,6700275,285803,25090,94750,495731,781,5,3.74,55.0,Medium
U502538,30,Self-Employed,183788,125847,58094,531606,489727,534530,2067438,52117,3623301,720970,431838,117986,979617,623,2,1.64,50.0,Medium
U502539,43,Self-Employed,29290,17556,7017,6525,268640,445097,249951,1479,970213,34329,19805,5514,70230,743,2,2.76,46.0,Medium
U502540,32,Business,159988,99927,27613,143736,1258965,3091839,1917504,32693,6412044,596805,312230,37169,631057,494,11,3.34,53.0,Medium
U502541,42,Salaried,78439,32098,26255,177613,483762,3466351,762309,19654,4890035,104715,84158,120989,363029,454,2,5.2,41.0,Medium
U502542,59,Self-Employed,41480,22264,13641,113190,15255,1536944,303374,11713,1968763,129823,41365,27441,169570,308,0,3.96,32.0,High
U502543,47,Salaried,181419,85142,19571,749976,1680765,2010447,2583415,9985,7024603,137645,119892,155900,563311,680,2,3.23,40.0,Medium
U502544,23,Salaried,141759,75966,39618,486528,161878,3909472,1483571,14039,6041449,284052,17958,136139,640200,754,5,3.55,56.0,Medium
U502545,24,Student,5397,3917,1480,37634,2411,0,0,119,40045,5502,511,1626,6929,788,4,0.62,51.0,Medium
U502546,55,Salaried,64414,41890,6533,346042,155299,315751,545954,15133,1363046,178853,88931,86425,283841,695,5,1.76,49.0,Medium
U502547,25,Salaried,82534,44587,18394,279577,199137,440645,1240356,3414,2159715,13754,28760,5535,310627,369,7,2.18,38.0,High
U502548,19,Student,16163,9747,6416,66084,6139,0,0,1482,72223,6012,2255,2506,4563,623,0,0.37,40.0,Medium
U502549,59,Self-Employed,32513,21089,5829,41002,156372,843552,153726,10321,1194652,86903,43526,10728,125926,627,8,3.06,52.0,Medium
U502550,30,Salaried,249430,141525,45601,79998,872025,7454037,981532,33353,9387592,304495,15271,116669,328579,531,11,3.14,49.0,Medium
U502551,26,Student,13644,11087,2557,96816,31005,0,0,1451,127821,4659,402,3412,14575,768,0,0.78,40.0,Medium
U502552,24,Student,11036,8380,2656,29085,20028,0,0,1923,49113,9985,5103,2560,8526,548,1,0.37,35.0,High
U502553,30,Self-Employed,67472,39754,9547,206045,102230,2080616,157748,5721,2546639,64624,482,125088,740173,521,7,3.15,50.0,Medium
U502554,26,Salaried,158653,94882,27726,932483,162467,6005340,999324,11709,8099614,336979,27235,124621,552407,818,3,4.25,50.0,Medium
U502555,27,Salaried,177183,93351,19110,408267,582588,6747607,2682421,21603,10420883,319855,223587,290539,756160,778,3,4.9,48.0,Medium
U502556,44,Self-Employed,54152,29098,16776,124890,248289,622389,565188,2339,1560756,181007,107556,124833,331306,426,5,2.4,48.0,Medium
U502557,37,Business,70302,41448,18958,307604,551143,360649,455465,8762,1674861,147237,52093,31101,746925,552,5,1.99,52.0,Medium
U502558,33,Self-Employed,90148,49817,27841,293582,113903,1021042,398072,31400,1826599,343551,146408,164322,227967,719,10,1.69,65.0,Medium
U502559,32,Business,230283,114440,36819,858654,429156,6423855,2199496,85994,9911161,86739,96062,282947,1283676,356,10,3.59,43.0,Medium
U502560,28,Student,9077,6326,2751,23121,7909,0,0,275,31030,9393,1964,3689,13528,495,11,0.28,52.0,Medium
U502561,42,Salaried,76705,45557,20113,11600,181560,3419599,593977,15807,4206736,100393,25424,33914,685026,577,7,4.57,54.0,Medium
U502562,31,Business,217534,148835,51243,487768,733107,1482845,3895709,63913,6599429,246601,64495,8002,483223,350,5,2.53,34.0,High
U502563,59,Business,169367,126163,44263,10666,230654,3079430,1912584,46158,5233334,24826,280450,24741,1109809,371,7,2.57,43.0,Medium
U502564,44,Self-Employed,148653,85538,49179,555613,143988,333060,577970,34072,1610631,51564,40915,85565,934030,843,4,0.9,59.0,Medium
U502565,33,Self-Employed,46836,34667,8159,34533,244945,12181,5046,21903,296705,188211,62167,59485,234923,805,2,0.53,52.0,Medium
U502566,38,Salaried,146262,87049,51108,633623,319188,6506692,701838,55518,8161341,1495,121629,108195,1716841,444,11,4.65,60.0,Medium
U502567,36,Business,182318,81927,56093,417735,1284898,1678591,773004,12982,4154228,86959,194629,220436,1395069,535,7,1.9,53.0,Medium
U502568,39,Salaried,56268,28080,12537,48555,33307,895652,450733,1528,1428247,161850,14246,10157,222714,625,9,2.12,55.0,Medium
U502569,59,Salaried,63071,39090,19194,65601,537702,2750536,308035,290,3661874,361,44093,4828,294102,589,11,4.84,58.0,Medium
U502570,19,Student,6923,3610,3313,5097,14374,0,0,1378,19471,172,31,33,271,353,3,0.23,36.0,High
U502571,25,Student,7872,4256,3616,13146,5122,0,0,152,18268,2813,654,1473,3071,500,7,0.19,49.0,Medium
U502572,44,Salaried,220301,103606,51390,1239952,1720574,5782968,1366351,23285,10109845,891302,295974,486542,1222401,582,10,3.82,60.0,Medium
U502573,25,Self-Employed,99241,55176,27516,291292,550066,309425,207629,39115,1358412,329210,35345,125166,822726,451,7,1.14,51.0,Medium
U502574,31,Salaried,60849,30710,17604,13954,346153,2223076,236899,16196,2820082,285011,5723,72315,441911,755,8,3.86,66.0,Medium
U502575,29,Self-Employed,139261,100559,25740,312441,2617,2158277,1564581,63766,4037916,350668,211299,223560,1004024,803,9,2.42,65.0,Medium
U502576,48,Salaried,155399,64959,17392,313014,741711,7419910,1764173,37961,10238808,669051,137325,248734,630035,369,8,5.49,41.0,Medium
U502577,58,Self-Employed,27170,16336,4265,67691,58870,337797,29570,11843,493928,37678,13946,12046,108396,560,2,1.51,37.0,High
U502578,23,Business,97520,65976,15299,316657,903867,2449628,741307,5845,4411459,266934,232407,61261,664999,562,2,3.77,42.0,Medium
U502579,49,Salaried,72737,52188,22227,186073,578981,1730342,610055,28669,3105451,42331,43501,25126,116863,350,0,3.56,28.0,High
U502580,50,Self-Employed,204347,121957,57528,764475,431847,3720482,1526501,87449,6443305,468424,307707,218051,846686,825,4,2.63,58.0,Medium
U502581,36,Business,183102,116776,55293,861024,7835,1577552,670759,23583,3117170,141342,60189,35066,217253,608,6,1.42,48.0,Medium
U502582,22,Salaried,193817,87959,57985,611687,271450,7880179,1958415,83429,10721731,97799,20830,137683,676253,381,3,4.61,35.0,High
U502583,24,Self-Employed,228851,145949,25813,242120,1875388,8779426,3993948,107038,14890882,664327,142548,307454,629617,706,8,5.42,53.0,Medium
U502584,40,Salaried,236075,163108,78698,423098,961376,2345519,3736245,1438,7466238,1011477,148592,628519,1543854,410,8,2.64,54.0,Medium
U502585,54,Self-Employed,160387,78491,47021,353908,684202,6395592,69485,30075,7503187,292045,76462,120793,297431,761,4,3.9,52.0,Medium
U502586,29,Student,13948,11295,2653,90879,1737,0,0,253,92616,8794,3196,1720,27918,689,3,0.55,43.0,Medium
U502587,29,Student,18586,13433,5153,119696,29016,0,0,2539,148712,192,673,811,3353,470,10,0.67,46.0,Medium
U502588,56,Self-Employed,165913,103422,18405,774653,784220,1786812,2951229,30305,6296914,143026,104637,153443,623001,317,3,3.16,27.0,High
U502589,25,Student,16253,13325,2928,86857,30769,0,0,1940,117626,2420,4447,1064,15353,655,0,0.6,34.0,High
U502590,56,Self-Employed,149841,92809,43572,780502,1203287,5624466,2028643,21999,9636898,288949,129931,80190,484103,499,11,5.36,55.0,Medium
U502591,46,Salaried,234145,157704,69210,1101370,424063,1751288,3240915,91904,6517636,184082,237677,226341,596432,505,11,2.32,54.0,Medium
U502592,52,Self-Employed,241970,176400,81408,286312,1216332,2945344,3558118,36422,8006106,82301,42573,39113,649263,414,3,2.76,37.0,High
U502593,57,Salaried,23948,12213,3651,93658,60579,326901,192615,6174,673753,35455,29492,4583,88750,566,0,2.34,34.0,High
U502594,41,Salaried,166670,102778,37515,107925,133591,4658793,1815426,2035,6715735,170962,157564,86497,439348,621,0,3.36,38.0,High
U502595,24,Student,12658,7486,5172,42568,10777,0,0,2001,53345,4950,739,499,6762,312,8,0.35,41.0,Medium
U502596,28,Salaried,235837,121367,32321,1014892,1590512,9193180,3533171,9815,15331755,215344,195207,48744,1938117,444,3,5.42,37.0,High
U502597,56,Self-Employed,177767,76731,29232,51838,199752,6701748,2831925,5419,9785263,28815,76032,37485,680340,666,1,4.59,39.0,High
U502598,59,Salaried,35561,22110,4210,177002,165021,325301,212049,4811,879373,13333,20082,28364,90404,637,10,2.06,51.0,Medium
U502599,24,Self-Employed,108697,58331,35955,404789,678231,3631457,360743,36748,5075220,178143,26640,45554,1193365,782,1,3.89,57.0,Medium
U502600,35,Self-Employed,43061,24556,13938,104550,27876,273241,297897,18830,703564,42334,56218,38685,188106,415,9,1.36,50.0,Medium
U502601,54,Salaried,114053,53794,26418,99443,389051,1701698,83256,3887,2273448,246339,93008,126642,523265,421,6,1.66,43.0,Medium
U502602,51,Business,114959,74722,38814,322791,471393,2915949,183918,21072,3894051,93369,127167,28603,488391,778,8,2.82,63.0,Medium
U502603,28,Salaried,120285,67139,20477,379497,245549,5310774,239964,19318,6175784,85232,253379,225733,771105,613,5,4.28,49.0,Medium
U502604,46,Salaried,144950,102397,17814,333991,1227969,3958910,1297065,61490,6817935,187406,212236,180372,633758,508,10,3.92,49.0,Medium
U502605,36,Salaried,154076,104232,41191,741985,1042291,581798,1778362,18182,4144436,445374,26514,233007,871728,599,1,2.24,44.0,Medium
U502606,31,Self-Employed,121876,82097,39798,337730,1034586,3738918,1484364,5824,6595598,271168,5725,216925,988263,586,6,4.51,56.0,Medium
U502607,28,Business,187151,84012,51575,408023,881059,8385629,3129358,6274,12804069,171644,2417,115241,1178189,632,4,5.7,49.0,Medium
U502608,48,Salaried,45903,20544,5347,100942,352004,847042,647008,4428,1946996,141314,59995,22803,138386,837,3,3.53,50.0,Medium
U502609,50,Salaried,202725,83547,41687,127526,1263829,2601852,1006188,89734,4999395,29026,371927,172835,1715019,790,4,2.06,56.0,Medium
U502610,24,Student,9117,6812,2305,24483,12577,0,0,139,37060,6920,2945,258,16830,785,8,0.34,57.0,Medium
U502611,26,Self-Employed,119460,85663,26392,101942,874195,3319740,263370,43085,4559247,159434,70344,59334,178313,474,9,3.18,46.0,Medium
U502612,23,Student,16196,10761,5435,9675,20357,0,0,103,30032,12994,1420,4784,15113,338,9,0.15,42.0,Medium
U502613,44,Self-Employed,183903,113465,52185,303540,653426,7208866,2258649,21707,10424481,193326,178186,137887,1605653,588,0,4.72,44.0,Medium
U502614,29,Salaried,174627,115226,52987,414416,1064191,6197137,2988680,2571,10664424,70884,113125,68237,814728,385,10,5.09,48.0,Medium
U502615,44,Salaried,20982,11133,6143,46348,753,418004,72321,6773,537426,61760,8303,4721,199254,322,0,2.13,34.0,High
U502616,55,Salaried,86877,56142,29097,218398,752699,1606273,1530392,4808,4107762,115693,30164,67138,194444,479,3,3.94,40.0,Medium
U502617,34,Business,77986,53060,21245,255575,699260,2474418,732947,31266,4162200,26548,8439,54824,185997,646,9,4.45,54.0,Medium
U502618,51,Self-Employed,120976,65663,34480,162115,838571,5366461,253001,36265,6620148,212143,11303,84838,550601,431,4,4.56,40.0,Medium
U502619,25,Self-Employed,226639,115461,52200,164206,2119859,6074352,2397378,45594,10755795,138590,137375,139104,333657,627,3,3.95,42.0,Medium
U502620,42,Salaried,208843,103103,52361,176955,1303662,9555168,3673322,87658,14709107,358298,493601,475065,1223009,443,6,5.87,47.0,Medium
U502621,29,Salaried,134111,70119,44598,128011,939738,3515475,2357019,28531,6940243,585374,254035,178876,473673,829,4,4.31,62.0,Medium
U502622,18,Student,18186,10930,7256,75573,9469,0,0,1793,85042,5731,5461,4358,33150,471,3,0.39,41.0,Medium
U502623,20,Student,6193,4870,1323,13992,8698,0,0,729,22690,3450,69,212,8785,435,8,0.31,40.0,Medium
U502624,28,Student,11790,7977,3813,35555,26934,0,0,443,62489,3444,3752,4147,9508,661,10,0.44,57.0,Medium
U502625,28,Salaried,208604,155363,36172,480024,952910,787249,2709464,102198,4929647,244795,151266,362665,1080115,383,9,1.97,44.0,Medium
U502626,40,Self-Employed,204684,89203,32968,322020,1626851,7704225,2688516,92108,12341612,873039,162707,395000,1148462,324,11,5.02,48.0,Medium
U502627,35,Business,55916,31709,7388,202188,295641,2552764,40244,18422,3090837,42516,94023,109361,357317,637,6,4.61,50.0,Medium
U502628,26,Student,8722,5050,3672,62113,15144,0,0,593,77257,2416,145,504,16513,640,5,0.74,51.0,Medium
U502629,30,Business,207844,84160,21684,15569,1351771,6312475,1894871,45258,9574686,60950,130072,37587,629378,688,10,3.84,52.0,Medium
U502630,55,Salaried,117421,57647,22798,57291,463724,4141882,818359,21929,5481256,206845,51992,106985,175785,411,3,3.89,33.0,High
U502631,32,Salaried,155038,88977,17046,584587,1317195,5314769,1346337,42722,8562888,322345,332490,153136,961862,319,9,4.6,41.0,Medium
U502632,28,Student,15903,9877,6026,63894,4022,0,0,2321,67916,1673,1521,1673,5598,522,2,0.36,39.0,High
U502633,27,Business,164407,88651,44996,702134,975212,1134987,1402978,64868,4215311,87794,98824,35258,321537,343,8,2.14,40.0,Medium
U502634,21,Student,19402,10912,8490,8485,44121,0,0,1529,52606,7753,4131,6242,15133,433,3,0.23,40.0,Medium
U502635,36,Salaried,166106,98684,29479,585070,462694,2398422,1818259,35346,5264445,205673,76301,109678,313259,366,5,2.64,33.0,High
U502636,27,Student,10590,8753,1837,33784,10529,0,0,1558,44313,2918,2933,3089,14645,713,5,0.35,46.0,Medium
U502637,37,Salaried,216906,147038,46856,546689,1763488,6799062,641635,41760,9750874,359715,219979,216946,600404,503,5,3.75,42.0,Medium
U502638,53,Self-Employed,28004,17225,3766,137952,83675,344866,154076,5680,720569,94264,60160,24001,130712,312,2,2.14,30.0,High
U502639,54,Self-Employed,164671,84923,39316,588719,1103915,1411142,1102433,55117,4206209,318595,83695,136857,651047,642,4,2.13,47.0,Medium
U502640,28,Salaried,81880,57710,19317,247571,321867,3010452,982074,38737,4561964,240405,110288,153989,285660,475,11,4.64,54.0,Medium
U502641,38,Salaried,121507,84386,23143,391572,57474,2886493,5974,20737,3341513,24241,25996,57754,221042,587,0,2.29,33.0,High
U502642,35,Business,158526,109698,38743,773668,389076,6011789,193026,40171,7367559,237362,257302,97198,868324,622,9,3.87,57.0,Medium
U502643,41,Salaried,227015,112014,53100,1059000,920828,4892979,1586527,57446,8459334,483849,359177,278390,929647,738,10,3.11,63.0,Medium
U502644,46,Salaried,186242,89444,52377,523717,1336318,8932227,295379,32495,11087641,711869,292455,442552,991601,442,5,4.96,47.0,Medium
U502645,57,Salaried,208993,153218,56197,348028,1309643,7624085,2385973,58988,11667729,951555,338239,67283,1135727,422,0,4.65,37.0,High
U502646,22,Business,187031,132346,43026,1072726,1108003,3926972,1417517,38776,7525218,119113,142115,185941,981485,371,3,3.35,35.0,High
U502647,52,Salaried,69940,37703,8339,413762,670614,856354,1059867,3652,3000597,84103,40185,44492,69313,732,0,3.58,37.0,High
U502648,51,Salaried,149486,105162,50935,130473,563428,5260829,623525,57708,6578255,49443,33335,11877,661970,755,9,3.67,62.0,Medium
U502649,58,Self-Employed,84530,34715,14107,287216,361271,1830887,1178015,24095,3657389,125239,87085,98598,244452,634,5,3.61,46.0,Medium
U502650,27,Salaried,239859,111769,62938,601094,1810616,9318701,4139448,17840,15869859,779445,377265,308310,1630842,489,11,5.51,58.0,Medium
U502651,38,Salaried,220682,143553,24807,1293993,1306504,2229422,3064516,56897,7894435,373890,101631,85085,1198703,719,5,2.98,49.0,Medium
U502652,29,Self-Employed,29656,18696,5474,166377,221468,102636,531974,11328,1022455,13586,12348,12605,54951,359,10,2.87,41.0,Medium
U502653,23,Student,7783,5637,2146,38689,3463,0,0,314,42152,5382,3088,2738,6069,610,8,0.45,50.0,Medium
U502654,50,Salaried,229155,153238,47728,734655,1607657,7227727,2876110,102818,12446149,83208,274703,134795,952605,482,8,4.53,46.0,Medium
U502655,53,Salaried,91656,41378,11098,175394,714313,435905,474467,45624,1800079,108663,30850,219932,750158,320,7,1.64,39.0,High
U502656,52,Business,244510,179347,43393,1241291,1483377,2787251,1319982,61420,6831901,789194,155483,65402,1079934,816,6,2.33,57.0,Medium
U502657,30,Student,5403,4333,1070,33300,6062,0,0,1066,39362,1558,1252,1310,14350,514,6,0.61,41.0,Medium
U502658,31,Self-Employed,49977,35450,7089,131853,370287,1658963,66410,12096,2227513,7970,72894,42822,314270,338,2,3.71,30.0,High
U502659,53,Salaried,204376,139833,45923,381164,936810,6262849,930422,15225,8511245,764980,513088,132145,1243474,382,1,3.47,36.0,High
U502660,23,Business,72244,43547,23701,125848,440937,574688,826704,23810,1968177,58124,23384,49612,309022,519,0,2.27,38.0,High
U502661,39,Self-Employed,208947,105765,30640,1231779,627332,4788238,2674695,37277,9322044,280309,113530,202559,1925019,683,3,3.72,48.0,Medium
U502662,30,Business,61919,45216,14869,317491,346730,2170382,1012314,18911,3846917,12600,90109,80565,273966,441,11,5.18,51.0,Medium
U502663,56,Salaried,206574,100968,65588,650372,1492504,5842061,2671231,49087,10656168,113074,44283,100082,279382,591,5,4.3,46.0,Medium
U502664,39,Self-Employed,77930,31688,21172,153476,702370,657451,1323168,34135,2836465,11153,32755,30248,845319,361,8,3.03,48.0,Medium
U502665,58,Salaried,160897,112238,50952,356374,413264,3862165,1807963,62219,6439766,729534,42262,255713,1089867,673,0,3.34,50.0,Medium
U502666,45,Self-Employed,91935,51651,21117,167517,7057,2267766,656224,44036,3098564,353740,51624,143861,660471,414,2,2.81,39.0,High
U502667,47,Salaried,31981,20149,7220,190343,113810,313172,561775,12397,1179100,91576,45087,47486,164680,391,6,3.07,43.0,Medium
U502668,20,Student,14222,11464,2758,27803,24046,0,0,867,51849,6109,1653,4278,10419,670,4,0.3,42.0,Medium
U502669,25,Self-Employed,226035,117073,50342,891506,1770060,4597125,1515806,16271,8774497,351212,128501,140847,709081,784,10,3.23,62.0,Medium
U502670,23,Salaried,141078,85127,22423,114870,773908,6596051,950560,29580,8435389,214741,191994,298799,910276,346,5,4.98,38.0,High
U502671,51,Salaried,156394,92052,27806,788750,185580,2430914,2288910,58929,5694154,55839,81664,5507,345437,367,5,3.03,32.0,High
U502672,30,Business,36044,15502,11878,212460,305734,1408193,450699,8304,2377086,118135,55769,85256,174209,810,7,5.5,67.0,Medium
U502673,22,Student,13639,7455,6184,97983,19761,0,0,241,117744,3558,5294,3219,20855,491,11,0.72,56.0,Medium
U502674,55,Self-Employed,39295,28013,11080,203133,189661,568732,177686,6086,1139212,138669,89757,91460,146248,371,2,2.42,38.0,High
U502675,24,Student,13757,7858,5899,10719,32635,0,0,1079,43354,242,149,826,4138,806,3,0.26,54.0,Medium
U502676,53,Business,159435,67768,45334,409619,458412,6329045,819139,46945,8016215,254655,48344,170349,1349798,617,9,4.19,60.0,Medium
U502677,42,Salaried,116018,51570,30039,100000,1005887,3856918,691526,20532,5654331,360393,159599,219282,654739,310,11,4.06,50.0,Medium
U502678,28,Business,23599,11242,5485,72708,151704,33882,380461,6407,638755,30370,19946,3611,143633,769,7,2.26,58.0,Medium
U502679,25,Salaried,150808,96378,30175,633838,684565,3642999,1153646,54610,6115048,5563,71550,42399,469719,578,5,3.38,42.0,Medium
U502680,55,Salaried,55718,25672,8307,329930,376674,1885135,212164,22591,2803903,107424,44316,21905,220306,606,10,4.19,53.0,Medium
U502681,27,Business,248520,160112,43600,1344282,1496019,10506715,3889768,30242,17236784,181198,56491,126000,2040824,717,10,5.78,60.0,Medium
U502682,39,Salaried,121699,71226,35805,186332,467062,1062696,1922756,50587,3638846,33689,149589,198116,907564,443,5,2.49,46.0,Medium
U502683,22,Student,14805,9341,5464,100914,23425,0,0,2618,124339,7165,6604,1360,26882,636,1,0.7,43.0,Medium
U502684,56,Self-Employed,23216,10379,6855,66917,172563,1068995,65306,1207,1373781,19683,8034,11869,22056,496,5,4.93,41.0,Medium
U502685,26,Salaried,93633,61256,32065,178633,412272,1962523,768539,25470,3321967,325551,40369,92454,480648,708,4,2.96,56.0,Medium
U502686,26,Salaried,54599,22889,6341,33126,455625,615939,272586,1632,1377276,184487,89986,50121,428737,460,10,2.1,51.0,Medium
U502687,26,Self-Employed,24492,10166,6202,118187,185828,134701,249194,11219,687910,12355,11199,6098,110633,653,9,2.34,56.0,Medium
U502688,27,Student,15525,10048,5477,70328,32179,0,0,1548,102507,1451,1796,2931,9922,478,11,0.55,51.0,Medium
U502689,56,Self-Employed,96871,55513,18134,515717,880563,3293926,639723,29325,5329929,195559,156541,109611,709275,487,2,4.59,40.0,Medium
U502690,24,Student,9539,6824,2715,24806,3649,0,0,479,28455,1171,1630,1730,4933,337,7,0.25,36.0,High
U502691,18,Student,12853,8258,4595,26642,27347,0,0,548,53989,252,11,239,1032,389,1,0.35,30.0,High
U502692,27,Student,9116,4880,4236,63609,6605,0,0,1386,70214,1043,686,1846,18796,546,4,0.64,47.0,Medium
U502693,26,Salaried,154061,73438,24261,537174,515905,6178805,849854,28876,8081738,118950,117205,106506,489276,581,9,4.37,49.0,Medium
U502694,58,Business,168298,116402,17117,448646,812026,4115632,1774529,46644,7150833,762081,103274,323328,925656,474,1,3.54,35.0,High
U502695,25,Salaried,56460,40521,15026,98328,492574,2412128,538951,23106,3541981,13250,65331,87095,565681,799,9,5.23,68.0,Medium
U502696,48,Salaried,27447,11612,6262,137915,107673,1050844,452149,4529,1748581,107846,41511,47963,74121,551,0,5.31,39.0,High
U502697,49,Business,97497,56498,21102,489054,527111,2265198,14737,21112,3296100,34499,35206,22116,202458,423,1,2.82,29.0,High
U502698,26,Salaried,112784,59775,33203,536408,486137,5071728,1502983,12284,7597256,469489,89066,257424,487843,753,5,5.61,59.0,Medium
U502699,23,Student,7715,5958,1757,33461,4668,0,0,260,38129,2097,776,455,9270,747,9,0.41,55.0,Medium
U502700,39,Salaried,190130,131306,59757,818328,790250,3396204,873853,49674,5878635,587062,90941,44639,1216859,468,1,2.58,40.0,Medium
U502701,39,Self-Employed,175811,88676,44517,853030,392130,1140655,2599019,59122,4984834,618551,425657,426439,686641,848,4,2.36,61.0,Medium
U502702,35,Salaried,133323,79127,35962,617451,178905,6203712,1138480,12705,8138548,87623,19899,145637,1173523,588,4,5.09,49.0,Medium
U502703,18,Student,6234,4807,1427,41930,4492,0,0,1081,46422,5925,2180,2949,4222,535,5,0.62,40.0,Medium
U502704,30,Self-Employed,123841,79520,37541,654399,672909,2044966,158091,54934,3530365,67500,56303,45348,271057,517,1,2.38,37.0,High
U502705,23,Student,19837,16854,2983,46535,16131,0,0,3533,62666,19022,10715,2019,25694,517,7,0.26,41.0,Medium
U502706,46,Salaried,211654,88881,28501,252728,967442,7249453,1498923,88356,9968546,480971,53601,57243,1397047,526,3,3.92,39.0,High
U502707,43,Self-Employed,63077,26350,19721,104662,276195,953436,212385,11330,1546678,27415,49964,24086,681121,586,2,2.04,49.0,Medium
U502708,54,Salaried,219569,122297,69657,102180,994856,3349472,749409,74469,5195917,329276,99145,7349,505396,778,10,1.97,63.0,Medium
U502709,56,Self-Employed,54774,33517,8564,159931,239956,2011076,645063,10099,3056026,108436,10105,53693,314806,530,8,4.65,48.0,Medium
U502710,45,Salaried,82436,36331,24704,251325,470557,2334133,964850,5039,4020865,361536,197360,99165,460575,583,9,4.06,61.0,Medium
U502711,50,Self-Employed,210787,144309,43449,418949,1047391,2054656,226567,1626,3747563,207284,61931,214669,1401352,646,1,1.48,43.0,Medium
U502712,33,Self-Employed,49244,33082,6904,127124,187132,1616089,836739,20538,2767084,102837,40551,7186,345709,385,5,4.68,37.0,High
U502713,59,Salaried,214788,126689,69311,1213870,326651,10061881,217152,53230,11819554,295756,146646,60710,513672,537,9,4.59,52.0,Medium
U502714,19,Student,17820,9438,8382,106843,25269,0,0,374,132112,2171,690,874,12691,794,6,0.62,60.0,Medium
U502715,19,Student,17237,10252,6985,25144,23449,0,0,2213,48593,8383,4330,4454,7082,650,11,0.23,60.0,Medium
U502716,39,Salaried,153668,81465,47040,529563,1243662,6767191,50802,1424,8591218,762271,214920,291280,756975,595,8,4.66,60.0,Medium
U502717,34,Salaried,140527,81367,27316,653885,933760,3979627,732953,58213,6300225,132195,246794,282296,836911,520,5,3.74,45.0,Medium
U502718,29,Student,14384,9057,5327,66163,25719,0,0,2117,91882,10877,1322,6427,15943,351,8,0.53,43.0,Medium
U502719,29,Business,233384,109752,73778,1238604,31253,1610729,4160234,111210,7040820,542563,86713,186938,1541192,549,5,2.51,50.0,Medium
U502720,31,Salaried,50373,26954,5619,276308,424525,1976750,74114,23766,2751697,150541,72856,123118,295462,508,2,4.55,39.0,High
U502721,45,Self-Employed,136123,77767,29283,481972,488455,2985403,303091,4590,4258921,342298,179140,183829,242934,758,2,2.61,48.0,Medium
U502722,25,Business,84208,34109,11537,186794,747319,3102560,1249854,24986,5286527,392982,168810,133176,493971,695,8,5.23,59.0,Medium
U502723,58,Salaried,150875,62760,37643,342799,1210462,562406,820373,52479,2936040,196985,57336,42419,275474,415,10,1.62,46.0,Medium
U502724,29,Salaried,133721,79195,32103,383233,1087739,3935990,2118502,18316,7525464,631048,37446,196620,888322,679,1,4.69,49.0,Medium
U502725,30,Self-Employed,180658,87962,35376,315248,291764,7462645,2299912,83597,10369569,222646,144931,126781,368392,586,1,4.78,37.0,High
U502726,23,Student,10985,8090,2895,30033,13202,0,0,1273,43235,246,892,378,5151,308,10,0.33,39.0,High
U502727,29,Student,15987,12586,3401,47305,25961,0,0,44,73266,7116,2423,2301,10087,348,10,0.38,40.0,Medium
U502728,22,Salaried,226970,158590,32314,37443,1271945,7578287,2282982,68769,11170657,98889,426070,323694,1644748,625,4,4.1,47.0,Medium
U502729,22,Salaried,233205,117296,61558,868785,99370,1761273,1174961,36731,3904389,58970,73160,337934,1287589,707,11,1.4,63.0,Medium
U502730,25,Self-Employed,196349,83840,58348,1010333,1418993,8833528,1250022,26783,12512876,562993,348234,228632,765965,636,1,5.31,46.0,Medium
U502731,50,Business,109014,74908,10922,50708,539981,2840649,165472,41411,3596810,187640,49581,94982,159718,729,4,2.75,44.0,Medium
U502732,29,Student,7510,5244,2266,21250,12247,0,0,699,33497,1569,395,611,9320,714,10,0.37,58.0,Medium
U502733,31,Salaried,181390,135469,22215,399000,1533905,3487869,1085702,41984,6506476,931883,168054,191740,1167300,398,6,2.99,42.0,Medium
U502734,18,Student,12411,9220,3191,81402,10935,0,0,2323,92337,2746,3439,1182,20473,511,11,0.62,50.0,Medium
U502735,53,Self-Employed,93801,41834,26800,287975,60998,2495978,466828,18956,3311779,239987,52708,54166,867831,821,4,2.94,61.0,Medium
U502736,27,Business,78402,35281,25152,172435,720834,2365471,901168,112,4159908,104657,16013,10713,304709,813,6,4.42,59.0,Medium
U502737,30,Salaried,160746,102801,55988,214574,1227756,1543290,2698649,59130,5684269,331273,337959,36511,989643,424,3,2.95,43.0,Medium
U502738,25,Salaried,192240,141998,51387,90259,39169,3246466,2383559,4484,5759453,354994,136535,44778,693613,731,11,2.5,63.0,Medium
U502739,55,Salaried,82908,51272,29012,17445,205063,2298717,999801,19183,3521026,223768,147691,44848,331035,474,0,3.54,39.0,High
U502740,28,Student,9735,7742,1993,26553,11143,0,0,652,37696,4225,1338,409,24839,729,10,0.32,56.0,Medium
U502741,39,Salaried,228945,111138,59453,1053158,1537986,8155829,2512004,3347,13258977,182612,17653,96497,265468,389,2,4.83,30.0,High
U502742,21,Student,18279,12970,5309,14214,12500,0,0,18,26714,3176,893,155,24396,804,9,0.12,60.0,Medium
U502743,30,Student,13402,9566,3836,60383,29223,0,0,2445,89606,6291,3440,4492,25087,802,9,0.56,60.0,Medium
U502744,26,Self-Employed,25985,13491,6181,79669,57541,455806,16991,3009,610007,55842,16837,14056,86584,417,3,1.96,36.0,High
U502745,46,Salaried,87770,44773,20546,2541,275808,3343090,402057,7662,4023496,13132,96802,163725,647066,300,7,3.82,41.0,Medium
U502746,20,Student,7053,3999,3054,12605,15772,0,0,259,28377,1972,1230,708,4408,303,11,0.34,47.0,Medium
U502747,48,Self-Employed,87066,54358,28321,489376,132445,3211584,743052,25982,4576457,91013,121547,225345,790761,409,4,4.38,47.0,Medium
U502748,27,Self-Employed,91098,56129,16553,353274,758493,4129936,231881,645,5473584,260117,68232,91669,264202,724,9,5.01,57.0,Medium
U502749,42,Salaried,195924,129554,31305,892915,1309137,8902706,1134744,55437,12239502,9309,27374,58187,822626,737,5,5.21,48.0,Medium
U502750,28,Student,10100,5322,4778,65993,6665,0,0,1886,72658,7055,5383,4116,10614,567,11,0.6,60.0,Medium
U502751,24,Salaried,208853,92262,33240,565357,1547002,4931834,1757049,98535,8801242,392697,54127,229231,477711,711,11,3.51,58.0,Medium
U502752,22,Self-Employed,55024,23476,18370,188752,203060,1329667,673022,13371,2394501,46432,44378,47970,145269,677,6,3.63,54.0,Medium
U502753,25,Student,6219,4623,1596,983,8979,0,0,849,9962,7377,477,4148,9201,586,5,0.13,44.0,Medium
U502754,55,Salaried,208525,126148,34021,514080,1145465,3563927,3289355,89811,8512827,964425,98385,300869,1194891,639,1,3.4,44.0,Medium
U502755,39,Self-Employed,111065,78724,28029,85747,291356,698476,1632435,18704,2708014,113093,50246,63330,313746,351,1,2.03,29.0,High
U502756,30,Salaried,28628,13789,5579,118966,112844,596812,28316,5420,856938,24116,24387,58184,289152,456,0,2.49,37.0,High
U502757,38,Business,67455,36754,8709,189274,575913,1930935,1066147,8292,3762269,158110,168473,148265,367843,577,10,4.65,55.0,Medium
U502758,35,Salaried,80295,35258,11563,301224,399628,1849076,300665,32328,2850593,16022,118411,137882,583159,595,2,2.96,42.0,Medium
U502759,29,Salaried,94876,59593,29324,29321,779408,3870008,1488828,758,6167565,150280,131623,118099,624717,486,1,5.42,41.0,Medium
U502760,18,Student,13337,10785,2552,15643,11109,0,0,1121,26752,6668,6455,1469,21293,686,7,0.17,49.0,Medium
U502761,51,Business,102021,74408,22390,282956,744503,760847,699883,21429,2488189,133263,6770,68878,173690,840,8,2.03,59.0,Medium
U502762,47,Business,147422,78626,35711,561954,261733,1369194,2208761,11771,4401642,99354,108724,52092,540193,535,8,2.49,48.0,Medium
U502763,53,Business,83922,61808,13761,217833,161914,2993142,358751,16192,3731640,138688,45396,42513,287038,599,7,3.71,47.0,Medium
U502764,49,Self-Employed,52016,33476,11740,55899,35132,2496470,316774,6740,2904275,53675,49064,17774,160493,750,3,4.65,48.0,Medium
U502765,29,Student,14888,11190,3698,14541,27889,0,0,1871,42430,1862,384,3947,17374,489,5,0.24,38.0,High
U502766,18,Student,13697,9667,4030,77376,3159,0,0,1278,80535,2369,100,1392,3107,480,9,0.49,45.0,Medium
U502767,40,Salaried,80985,33063,23403,303351,549780,2475213,236678,23616,3565022,72350,71231,126124,517908,457,2,3.67,40.0,Medium
U502768,36,Salaried,215228,112215,37445,288184,528107,1709524,1978495,19979,4504310,148522,182837,17802,588931,572,9,1.74,48.0,Medium
U502769,38,Self-Employed,216928,102757,69625,1242209,1485308,5329407,1286587,67072,9343511,40071,12867,272052,1492674,658,6,3.59,55.0,Medium
U502770,57,Salaried,225530,157330,54023,1217601,664211,4905949,3188849,15474,9976610,305118,92410,112861,854671,491,8,3.69,47.0,Medium
U502771,19,Student,7367,4119,3248,22391,11299,0,0,629,33690,318,211,60,827,706,11,0.38,63.0,Medium
U502772,46,Salaried,118853,71683,39149,4983,513938,5635937,770281,8326,6925139,192477,100887,60277,284914,571,3,4.86,45.0,Medium
U502773,39,Salaried,74250,42661,11240,439499,308894,2045151,548059,32026,3341603,120735,76498,128308,430799,300,5,3.75,34.0,High
U502774,28,Salaried,231066,120783,49959,544454,2095814,9219612,1459805,106475,13319685,438220,44475,100267,964909,673,5,4.8,49.0,Medium
U502775,22,Salaried,239737,162298,58233,638487,1207009,9097326,210393,2431,11153215,566116,481783,57477,2029828,576,7,3.88,55.0,Medium
U502776,30,Student,14569,8176,6393,47054,8352,0,0,604,55406,9869,1371,2294,11423,827,2,0.32,54.0,Medium
U502777,31,Salaried,32886,19226,8387,142017,89228,1335071,47579,2518,1613895,82232,58590,37081,128812,463,0,4.09,36.0,High
U502778,43,Business,204885,145510,23624,65073,699242,2124771,1861978,59190,4751064,185972,575677,397401,1722477,503,4,1.93,43.0,Medium
U502779,21,Student,11227,7945,3282,44566,7828,0,0,1444,52394,2836,2569,2553,6567,400,3,0.39,33.0,High
U502780,47,Salaried,165536,93855,50198,590465,575246,430997,1222698,37353,2819406,726019,38291,343491,855729,531,3,1.42,47.0,Medium
U502781,46,Self-Employed,211331,123867,35617,509540,155137,9295803,912397,30855,10872877,95491,149328,44489,1488414,480,1,4.29,34.0,High
U502782,50,Self-Employed,68696,44399,19249,34760,97595,37448,760430,14859,930233,22235,18615,20631,194054,839,11,1.13,66.0,Medium
U502783,22,Student,12019,8929,3090,27639,5697,0,0,2352,33336,5206,807,1495,15388,334,2,0.23,28.0,High
U502784,46,Salaried,105360,65114,26810,563334,463225,2508230,1082679,960,4617468,219253,33926,152821,933006,613,0,3.65,45.0,Medium
U502785,38,Self-Employed,105161,50504,14036,68015,216408,3673656,998365,5838,4956444,305047,198493,261105,739218,753,9,3.93,63.0,Medium
U502786,20,Student,17268,9722,7546,33086,11122,0,0,1690,44208,849,1846,4324,15711,320,5,0.21,38.0,High
U502787,27,Student,8963,6791,2172,3815,16595,0,0,523,20410,5081,1247,3768,8825,670,7,0.19,49.0,Medium
U502788,35,Self-Employed,125089,76211,32006,77352,1086601,975347,1087568,51176,3226868,24717,127063,184765,1287683,619,0,2.15,45.0,Medium
U502789,45,Salaried,243895,171695,48903,79268,332701,8488185,2969733,33205,11869887,1183429,134323,177408,1680560,519,8,4.06,53.0,Medium
U502790,22,Student,8905,5174,3731,35383,19882,0,0,1641,55265,87,71,73,221,448,3,0.52,38.0,High
U502791,18,Student,11139,6818,4321,43012,24788,0,0,1430,67800,3466,1757,216,9122,621,2,0.51,44.0,Medium
U502792,59,Salaried,190343,116042,26801,729543,1099576,7027755,2148126,8653,11005000,282880,398307,257818,1108106,614,4,4.82,46.0,Medium
U502793,38,Self-Employed,238633,139739,81565,1271177,1906135,272379,4292083,10322,7741774,169795,117848,76978,333997,313,2,2.7,31.0,High
U502794,35,Business,159535,101893,46387,452723,408340,7481077,1263381,39239,9605521,36606,85952,119625,629763,316,0,5.02,28.0,High
U502795,50,Self-Employed,222145,120052,47059,1093229,981765,5182243,1563173,441,8820410,748380,227834,584718,1434243,712,6,3.31,58.0,Medium
U502796,42,Business,113509,73715,36888,198616,1001018,1093872,354292,35765,2647798,98381,19495,46359,258077,754,9,1.94,61.0,Medium
U502797,44,Self-Employed,229853,135678,34297,507585,285244,7819167,695423,55567,9307419,214649,104023,72068,958086,555,2,3.37,36.0,High
U502798,25,Salaried,164687,82206,36247,679410,1094667,5403654,1509387,811,8687118,27522,258672,33807,988572,811,4,4.4,54.0,Medium
U502799,48,Salaried,158017,71415,23691,568426,1170884,5698853,859949,62440,8298112,201086,248254,31933,1122949,575,0,4.38,37.0,High
U502800,38,Self-Employed,152481,102382,31591,95880,1021338,1732634,1966950,94,4816802,74008,84415,38458,402663,551,0,2.63,33.0,High
U502801,48,Self-Employed,174998,117217,53508,84631,1378193,4328947,1727910,30817,7519681,341,131665,86457,699641,441,8,3.58,47.0,Medium
U502802,55,Salaried,246391,144497,67941,198257,1956644,9741343,307930,82554,12204174,587376,391630,323342,2169400,452,11,4.13,58.0,Medium
U502803,30,Salaried,144934,91819,45867,796274,908810,2503271,2357032,1540,6565387,98823,38764,75696,230563,785,0,3.77,46.0,Medium
U502804,38,Self-Employed,207594,97760,46785,577924,496117,2082150,3531860,36333,6688051,49615,190322,39718,712877,685,4,2.68,47.0,Medium
U502805,52,Self-Employed,206568,128354,26464,9058,1369841,9074658,1607401,64847,12060958,163015,109431,82260,1780147,723,8,4.87,56.0,Medium
U502806,48,Salaried,223004,110778,35947,334284,2105248,6989620,1300286,89411,10729438,181666,3451,105546,607620,640,4,4.01,42.0,Medium
U502807,28,Student,6575,4904,1671,12356,3348,0,0,745,15704,593,2175,1878,10627,527,11,0.2,51.0,Medium
U502808,25,Salaried,154028,114955,48964,123214,1273251,4198037,1213834,59697,6808336,61290,32077,17941,308919,602,2,3.68,42.0,Medium
U502809,39,Self-Employed,184764,125376,28686,996205,1577118,4570903,2247388,47078,9391614,538848,351127,355285,577446,400,3,4.24,35.0,High
U502810,52,Salaried,153757,102227,39236,423622,733963,4577434,2081218,18391,7816237,222706,209583,61381,1303651,611,6,4.24,54.0,Medium
U502811,26,Business,141067,80383,37917,470157,113423,4106045,699599,42882,5389224,668667,281950,2380,1033031,754,10,3.18,69.0,Medium
U502812,48,Self-Employed,148515,65996,40164,214169,1419453,3088071,674073,1215,5395766,518264,110106,323145,691884,763,10,3.03,67.0,Medium
U502813,58,Self-Employed,95659,60025,21129,177791,780382,2898623,78305,44735,3935101,53777,354,29533,164000,414,8,3.43,40.0,Medium
U502814,25,Student,16403,8649,7754,92436,5320,0,0,821,97756,1405,3853,5156,24355,626,6,0.5,54.0,Medium
U502815,24,Student,11171,8796,2375,4831,13541,0,0,265,18372,2038,364,1483,4815,740,6,0.14,49.0,Medium
U502816,44,Business,56882,29797,9162,218217,266644,1607246,286034,17468,2378141,230917,11897,97118,247843,404,6,3.48,41.0,Medium
U502817,28,Student,7881,6659,1222,4703,5249,0,0,924,9952,2591,757,465,16680,813,4,0.11,48.0,Medium
U502818,40,Self-Employed,181918,135389,27282,448740,837905,8096208,919942,10493,10302795,208190,13540,159403,881913,371,7,4.72,38.0,High
U502819,23,Student,17848,13673,4175,18138,5548,0,0,2016,23686,7408,2295,5683,23163,704,10,0.11,56.0,Medium
U502820,26,Self-Employed,101158,53866,33020,575990,960771,923895,26261,11311,2486917,111696,126153,130717,310766,371,1,2.05,34.0,High
U502821,33,Self-Employed,194539,86367,40312,707383,1556762,1155545,3021832,8198,6441522,931963,402354,238217,1056667,781,4,2.76,57.0,Medium
U502822,52,Salaried,104659,67720,18722,616546,301525,3240562,444883,35355,4603516,80650,30557,180605,646059,393,8,3.67,43.0,Medium
U502823,50,Salaried,29407,19262,5837,64507,71051,1099800,174327,4408,1409685,22701,43188,37184,186281,379,8,3.99,44.0,Medium
U502824,38,Salaried,128851,92076,40282,237912,319634,6014240,2092402,24642,8664188,134269,112314,84304,272111,385,5,5.6,39.0,High
U502825,54,Business,26243,12487,3961,37305,104460,930169,218831,6668,1290765,113220,158,7847,189989,630,9,4.1,56.0,Medium
U502826,19,Student,6212,4483,1729,9405,9216,0,0,194,18621,4266,506,1692,8918,340,11,0.25,44.0,Medium
U502827,28,Self-Employed,42821,25180,7778,50487,69988,795206,122333,11374,1038014,9401,15432,8479,99445,724,2,2.02,42.0,Medium
U502828,47,Business,190051,135141,46235,1100835,1784765,7687586,175728,81260,10748914,135873,199860,193293,904164,358,1,4.71,31.0,High
U502829,37,Salaried,244108,164373,79112,986743,237727,7493657,1451785,45761,10169912,196790,22976,20132,579721,702,4,3.47,50.0,Medium
U502830,33,Self-Employed,83855,41545,13912,401853,75527,768255,1408017,27111,2653652,72480,115384,6331,464314,650,7,2.64,51.0,Medium
U502831,47,Salaried,65873,34463,6804,162892,447458,1081901,866269,17072,2558520,84830,65459,26683,185982,396,10,3.24,41.0,Medium
U502832,45,Self-Employed,173508,93308,29712,856655,127402,3523343,2366233,18478,6873633,494126,34119,121402,670386,621,8,3.3,51.0,Medium
U502833,29,Salaried,78394,49408,23219,253387,12066,934109,310184,30344,1509746,137830,149933,107108,434045,589,7,1.6,55.0,Medium
U502834,47,Salaried,178188,128359,35054,719899,238186,1934966,992183,69359,3885234,16457,340040,205766,1173021,399,7,1.82,43.0,Medium
U502835,43,Salaried,177250,95770,56404,712675,58714,7757095,2524991,54430,11053475,522581,131884,190914,707617,516,3,5.2,45.0,Medium
U502836,54,Salaried,63037,32816,20782,88668,392050,1129476,536973,31330,2147167,12287,12842,52998,369713,801,11,2.84,69.0,Medium
U502837,47,Self-Employed,99013,57884,21857,223536,444177,3106558,411083,20183,4185354,116933,202689,134356,897898,358,5,3.52,42.0,Medium
U502838,47,Self-Employed,80103,59616,17479,6956,635826,2701851,100516,13471,3445149,179031,9811,66678,381111,560,0,3.58,37.0,High
U502839,50,Salaried,232716,115588,75172,846977,375863,3815670,806696,49015,5845206,89434,30116,82755,1375416,725,5,2.09,55.0,Medium
U502840,40,Self-Employed,180763,77899,42613,446198,575820,6478349,1631585,924,9131952,125337,102395,44661,379664,468,8,4.21,44.0,Medium
U502841,55,Business,109938,55050,19821,504895,688825,2354104,965859,19193,4513683,246817,62878,43368,372703,310,3,3.42,30.0,High
U502842,51,Self-Employed,62459,31786,12572,113025,308846,1440751,941412,13195,2804034,1001,58990,104926,551484,672,1,3.74,46.0,Medium
U502843,47,Self-Employed,76411,44251,18421,31017,219985,458831,1082144,160,1791977,116420,31774,4142,258070,655,4,1.95,47.0,Medium
U502844,24,Salaried,22003,13758,5279,56655,202051,316388,104643,8823,679737,5381,4871,9023,44680,323,6,2.57,34.0,High
U502845,42,Self-Employed,175080,101874,23234,876259,179663,4591862,1423993,11217,7071777,8605,17458,172512,923018,645,1,3.37,38.0,High
U502846,51,Business,26395,10710,8957,46645,110990,718005,344594,7247,1220234,65334,11400,56069,187753,681,1,3.85,52.0,Medium
U502847,48,Self-Employed,149116,68493,19018,524842,997327,817325,1352590,72547,3692084,125469,125828,28423,1123819,729,2,2.06,46.0,Medium
U502848,51,Salaried,244469,133547,72405,404509,116205,8736991,300549,83521,9558254,426541,216336,331958,2540085,541,7,3.26,56.0,Medium
U502849,44,Self-Employed,92996,50290,31191,68218,52570,1586076,51048,20309,1757912,298786,125485,24440,566513,756,2,1.58,55.0,Medium
U502850,24,Salaried,73541,36609,18377,148703,41730,2367568,372096,11096,2930097,54807,12246,110112,564759,588,5,3.32,50.0,Medium
U502851,42,Self-Employed,161554,81391,51570,804441,1186140,1009764,2777149,54479,5777494,634388,84348,115872,1175400,798,10,2.98,71.0,Low
U502852,30,Business,245774,132598,81029,1458473,745970,6510031,3207826,54795,11922300,1163292,103115,174857,1965684,391,8,4.04,53.0,Medium
U502853,30,Self-Employed,128058,66383,15137,144257,448943,4992222,267934,52069,5853356,163818,20113,24853,711771,827,7,3.81,56.0,Medium
U502854,28,Salaried,170094,82789,33981,542961,1214648,6929307,2555203,59966,11242119,553866,277288,250606,377546,776,0,5.51,46.0,Medium
U502855,19,Student,7339,5257,2082,9085,5326,0,0,1061,14411,3106,2407,48,11190,304,11,0.16,43.0,Medium
U502856,33,Self-Employed,94314,62231,13074,500695,697129,3377913,222870,8032,4798607,130918,44686,83760,429511,351,9,4.24,40.0,Medium
U502857,32,Salaried,93262,38763,16060,214085,753910,3159769,848244,1134,4976008,72051,66709,34871,346095,569,0,4.45,34.0,High
U502858,32,Business,111521,52052,14645,225357,411251,4843876,1247842,6360,6728326,98438,63367,38681,222911,722,11,5.03,56.0,Medium
U502859,52,Business,215895,161639,53807,828349,1071853,3102931,2379192,66028,7382325,362203,129624,162133,317808,795,1,2.85,47.0,Medium
U502860,34,Salaried,128095,56396,35589,9984,772715,3276500,968911,33159,5028110,496439,239299,46812,596818,849,11,3.27,72.0,Low
U502861,55,Self-Employed,143456,75570,43205,268934,972598,2246275,962495,32497,4450302,455320,172972,200426,475208,718,10,2.59,64.0,Medium
U502862,42,Salaried,20095,13339,3738,47468,114201,135559,202873,9528,500101,48567,10510,42582,165735,817,0,2.07,51.0,Medium
U502863,26,Salaried,225800,161635,56971,652380,152830,6351587,2131158,88435,9287955,926940,270986,187592,1548241,470,11,3.43,57.0,Medium
U502864,58,Salaried,30014,12824,5272,148953,283159,643058,293087,10311,1368257,23667,20969,17839,97931,812,3,3.8,49.0,Medium
U502865,34,Self-Employed,79124,39292,14846,138137,22174,1795990,368397,21412,2324698,258113,71586,57456,424807,823,3,2.45,54.0,Medium
U502866,28,Salaried,115258,78750,24500,585293,22846,2731778,2065238,49663,5405155,256129,84279,58901,400487,478,0,3.91,33.0,High
U502867,28,Salaried,159315,93089,29426,911854,586867,4589333,937017,59747,7025071,685953,6187,191724,846768,632,5,3.67,50.0,Medium
U502868,31,Salaried,103973,59062,16094,546833,934793,4753963,1380855,46872,7616444,299136,153214,125230,883676,419,6,6.1,44.0,Medium
U502869,25,Self-Employed,193653,100513,50090,1108157,1221472,6373133,2752607,35809,11455369,720601,423923,340852,1279064,749,10,4.93,68.0,Medium
U502870,22,Business,26836,11130,6471,28419,244497,1272428,103885,9055,1649229,117938,24331,42824,182828,699,11,5.12,67.0,Medium
U502871,35,Salaried,41252,29852,11356,8086,53013,923795,62572,18038,1047466,90620,84845,47785,223094,357,11,2.12,52.0,Medium
U502872,49,Salaried,125507,50465,20777,390499,517350,3350319,674818,28231,4932986,548901,137471,179094,583436,641,11,3.28,60.0,Medium
U502873,55,Salaried,131888,78420,41988,61285,249802,2550423,33244,5500,2894754,133353,19679,56023,125071,680,0,1.83,41.0,Medium
U502874,37,Self-Employed,119283,85926,16583,155018,506212,5590626,1018355,8991,7270211,161507,5319,20192,519546,743,0,5.08,40.0,Medium
U502875,51,Self-Employed,53598,27186,14762,279624,184045,1351648,126183,6340,1941500,30137,77770,31574,571450,491,11,3.02,59.0,Medium
U502876,18,Student,13092,8653,4439,43729,11,0,0,1827,43740,5218,506,52,18092,726,3,0.28,48.0,Medium
U502877,28,Student,14379,9198,5181,11147,31620,0,0,1022,42767,28,9,10,48,807,6,0.25,56.0,Medium
U502878,30,Business,174256,104233,46888,341636,629007,5265631,1972794,34259,8209068,254360,171895,4251,430363,654,0,3.93,40.0,Medium
U502879,21,Student,8691,6263,2428,16349,6392,0,0,1610,22741,924,573,107,10573,423,2,0.22,32.0,High
U502880,49,Salaried,152031,65186,35868,763710,918224,2054988,994419,43777,4731341,63284,209346,164143,809814,417,9,2.59,47.0,Medium
U502881,35,Salaried,79091,41493,18904,378719,615552,1217941,1369723,30589,3581935,188157,14157,19463,619957,346,7,3.77,43.0,Medium
U502882,28,Student,6536,4557,1979,44816,9707,0,0,5,54523,360,304,1534,10623,394,1,0.7,30.0,High
U502883,39,Salaried,63649,42151,7711,199076,182975,675800,477749,14582,1535600,210713,53546,15036,463104,309,11,2.01,45.0,Medium
U502884,28,Student,9133,7623,1510,35880,12005,0,0,718,47885,2097,904,447,1942,759,7,0.44,49.0,Medium
U502885,52,Business,73698,34557,11576,65361,212616,689025,1100632,6879,2067634,216071,56485,36054,477688,465,11,2.34,52.0,Medium
U502886,24,Student,16970,8561,8409,39119,7163,0,0,2678,46282,7376,2164,204,15645,473,6,0.23,48.0,Medium
U502887,32,Self-Employed,204474,123581,28146,844068,1042127,2817474,3527579,85018,8231248,272310,8062,181554,2131640,303,1,3.35,30.0,High
U502888,48,Self-Employed,123782,75584,32666,59356,693278,4049389,1510660,34095,6312683,5650,113865,35078,492944,426,7,4.25,43.0,Medium
U502889,22,Salaried,185319,103931,56553,823776,10373,905544,1355680,80069,3095373,316830,233632,11736,2008442,693,8,1.39,64.0,Medium
U502890,55,Salaried,37327,14930,12363,194741,128069,695236,301444,12859,1319490,103571,61089,2865,252207,631,5,2.95,55.0,Medium
U502891,58,Business,182064,126012,46429,708287,29677,2212867,905215,10613,3856046,136937,13146,98900,289688,661,3,1.76,44.0,Medium
U502892,54,Self-Employed,45500,30183,6491,63180,414084,646581,128827,18962,1252672,62005,17088,50280,235553,676,1,2.29,41.0,Medium
U502893,38,Self-Employed,24160,12732,5470,98028,224102,863079,249964,1202,1435173,27311,3266,18296,74283,445,3,4.95,35.0,High
U502894,57,Salaried,102207,58168,32547,603146,468410,3742842,1807968,28148,6622366,14368,153992,218909,803061,696,9,5.4,65.0,Medium
U502895,22,Student,7939,4874,3065,51753,14872,0,0,468,66625,240,464,403,2473,453,6,0.7,43.0,Medium
U502896,28,Student,19648,12862,6786,21868,1190,0,0,2686,23058,9188,9391,3177,33934,735,6,0.1,55.0,Medium
U502897,27,Self-Employed,57219,32702,11923,103633,168444,1562221,96885,22784,1931183,26573,137008,88593,546477,724,5,2.81,57.0,Medium
U502898,59,Salaried,198012,118625,45660,1186251,123013,3583443,1710012,55339,6602719,237034,19913,67986,280483,358,1,2.78,27.0,High
U502899,50,Salaried,128913,65629,13456,436041,285786,1105759,1759238,17354,3586824,202953,68663,115562,632079,339,11,2.32,43.0,Medium
U502900,50,Salaried,110648,49893,13848,92611,782886,1439330,1794264,30314,4109091,424005,173484,75714,661781,611,8,3.09,53.0,Medium
U502901,29,Student,19193,13825,5368,30022,31300,0,0,3512,61322,14395,7289,1758,33733,743,3,0.27,48.0,Medium
U502902,38,Salaried,22733,10860,4586,27640,20285,810380,154105,5620,1012410,51081,430,29496,193553,306,0,3.71,30.0,High
U502903,24,Salaried,32652,16907,4971,119009,238057,305991,92872,4711,755929,99212,15771,21215,124962,640,3,1.93,43.0,Medium
U502904,52,Business,82014,55839,10515,432645,20371,1959991,755838,12774,3168845,120647,49302,127933,473579,750,10,3.22,60.0,Medium
U502905,18,Student,14218,9085,5133,48807,5017,0,0,1506,53824,5095,623,1351,19594,434,8,0.32,45.0,Medium
U502906,23,Salaried,89880,65188,13329,40845,529700,3548820,1591546,22047,5710911,15430,32687,34258,409050,689,1,5.29,40.0,Medium
U502907,33,Salaried,197326,127819,65557,747258,1448755,3245841,292702,59633,5734556,414025,313465,290849,600609,623,2,2.42,47.0,Medium
U502908,54,Salaried,99405,69936,34077,302394,435528,4619222,1392846,41446,6749990,396623,152386,121502,417214,390,4,5.66,44.0,Medium
U502909,19,Student,14803,11584,3219,83782,9061,0,0,2241,92843,640,895,505,2855,817,9,0.52,57.0,Medium
U502910,54,Salaried,241782,133838,78775,721313,131311,3729219,1215183,55188,5797026,154554,16103,249190,2014304,382,4,2.0,42.0,Medium
U502911,42,Salaried,26610,15040,8659,46810,140433,947466,255225,12477,1389934,39428,12851,25543,64985,656,5,4.35,51.0,Medium
U502912,40,Salaried,217813,118671,49988,1043265,617163,3675992,1594296,107183,6930716,659432,192077,348375,858531,618,0,2.65,41.0,Medium
U502913,27,Self-Employed,190438,122132,42301,718272,1594993,6733496,1631128,45916,10677889,138548,49100,2535,418531,431,10,4.67,45.0,Medium
U502914,34,Self-Employed,38391,17523,13157,158214,3812,1345412,148149,12450,1655587,76251,22437,42428,122034,574,6,3.59,51.0,Medium
U502915,46,Business,233201,148528,60219,716167,883555,6797199,876233,111329,9273154,48549,86217,68423,1800963,813,1,3.31,51.0,Medium
U502916,26,Student,13397,7911,5486,82279,12290,0,0,1211,94569,215,285,43,1154,687,2,0.59,46.0,Medium
U502917,35,Salaried,200988,114135,56596,102104,469576,4793903,1244823,44849,6610406,162590,119569,90356,460145,470,11,2.74,51.0,Medium
U502918,32,Salaried,246724,159697,80529,1167579,2018628,11487728,1648173,74123,16322108,269948,140288,187447,504103,600,4,5.51,47.0,Medium
U502919,59,Salaried,99753,63398,20746,355193,810849,3648834,1268337,29328,6083213,262280,1473,110680,948395,673,0,5.08,46.0,Medium
U502920,43,Self-Employed,126094,65577,14003,64515,81629,5381864,189275,45402,5717283,543535,143395,154517,965991,611,10,3.78,58.0,Medium
U502921,58,Self-Employed,186360,107952,38016,272106,746874,5074462,686574,85430,6780016,277249,92312,151029,1518630,662,1,3.03,45.0,Medium
U502922,18,Student,9870,7271,2599,64705,3626,0,0,13,68331,1385,107,130,2932,692,0,0.58,38.0,High
U502923,55,Self-Employed,46819,29018,6590,8193,271432,930161,264095,9445,1473881,35913,31923,3421,128211,528,5,2.62,39.0,High
U502924,29,Self-Employed,163770,95734,41386,605054,1106797,2680424,1199700,52774,5591975,457733,11859,29224,843966,311,5,2.85,37.0,High
U502925,31,Self-Employed,59623,34163,17445,352563,486712,1690256,1016839,1441,3546370,87060,63807,23172,582220,634,3,4.96,52.0,Medium
U502926,53,Salaried,52354,30715,7836,89310,28528,1150929,468420,5798,1737187,234177,51221,108456,334880,550,8,2.77,53.0,Medium
U502927,43,Self-Employed,82992,42855,16474,366978,224419,222400,59984,14578,873781,56609,50111,34530,151803,550,11,0.88,51.0,Medium
U502928,30,Self-Employed,103942,53967,23646,532896,717096,885323,1501938,19640,3637253,9965,82145,23947,799296,485,7,2.92,47.0,Medium
U502929,36,Salaried,92865,40315,22538,366511,781967,2657430,758623,36563,4564531,183503,81157,240732,720782,494,7,4.1,52.0,Medium
U502930,50,Self-Employed,229224,157295,44359,271377,414229,5234360,2871720,34800,8791686,37356,217481,78710,1239887,765,8,3.2,57.0,Medium
U502931,24,Salaried,96410,47693,12251,187759,437348,784392,1555419,40732,2964918,118020,88074,127599,649833,751,6,2.56,54.0,Medium
U502932,25,Business,153667,72496,53086,131839,1424814,5362439,954900,44824,7873992,260776,136541,164363,335485,502,7,4.27,49.0,Medium
U502933,49,Salaried,215991,111368,63750,578301,926739,5708961,2383572,30657,9597573,325825,125351,533420,1718113,732,5,3.7,59.0,Medium
U502934,31,Salaried,150972,92337,20150,431710,539718,4279151,536228,7419,5786807,51484,89900,2619,789522,310,2,3.19,26.0,High
U502935,39,Self-Employed,234613,114138,74630,397251,573131,9846169,3253045,10835,14069596,528029,149237,232051,911611,618,3,5.0,48.0,Medium
U502936,20,Student,6622,3910,2712,11325,9803,0,0,945,21128,379,516,2397,10179,622,3,0.27,47.0,Medium
U502937,19,Student,13390,10728,2662,92097,31263,0,0,1015,123360,6588,6895,1435,19826,711,11,0.77,57.0,Medium
U502938,29,Self-Employed,155606,114472,23340,527948,480390,1472604,1620403,33099,4101345,75894,134532,62872,435029,518,8,2.2,44.0,Medium
U502939,25,Student,17843,11136,6707,87167,38939,0,0,3419,126106,442,262,529,2041,345,5,0.59,36.0,High
U502940,41,Salaried,37312,24967,6352,174544,340242,1004542,313851,9081,1833179,21027,27326,40152,189182,800,6,4.09,55.0,Medium
U502941,22,Salaried,58967,39209,7673,206876,163906,2172514,368009,19443,2911305,159267,13940,31656,387501,375,3,4.11,33.0,High
U502942,24,Salaried,110416,68644,13969,416115,688994,2374654,199408,46418,3679171,141575,16238,83848,351430,390,1,2.78,27.0,High
U502943,30,Self-Employed,196690,89699,41819,291,1024387,9066548,159746,39790,10250972,219097,117100,25539,259001,826,2,4.34,47.0,Medium
U502944,34,Self-Employed,240110,100297,30871,121282,13990,5878962,3634365,58428,9648599,829846,127309,10299,1287971,317,4,3.35,32.0,High
U502945,46,Business,75181,39621,8783,261602,376415,222077,1153398,7911,2013492,116920,57269,72362,313741,840,3,2.23,50.0,Medium
U502946,58,Self-Employed,243087,109409,77021,1026703,986930,585686,1494046,4530,4093365,579227,70376,295816,658816,374,10,1.4,49.0,Medium
U502947,26,Student,5859,4385,1474,11927,10469,0,0,489,22396,93,543,434,2985,425,9,0.32,42.0,Medium
U502948,28,Student,16434,8940,7494,97351,20400,0,0,979,117751,81,49,42,1258,691,10,0.6,61.0,Medium
U502949,53,Self-Employed,169708,104969,26655,823041,916674,4534612,2279117,25986,8553444,10406,381203,182008,1813065,715,6,4.2,57.0,Medium
U502950,50,Salaried,99855,51929,25007,494873,142602,4125052,1642329,36158,6404856,112142,60703,28273,215696,471,5,5.35,40.0,Medium
U502951,27,Student,12398,9881,2517,64094,22727,0,0,719,86821,8508,4158,1236,25906,587,10,0.58,51.0,Medium
U502952,20,Student,15129,12655,2474,54022,31222,0,0,1413,85244,1011,2139,1479,22550,676,1,0.47,37.0,High
U502953,40,Salaried,155127,67901,42639,100934,114357,3167794,2042011,13568,5425096,60003,65841,47008,342405,574,8,2.91,49.0,Medium
U502954,44,Salaried,47328,28104,10073,53987,134624,296936,169063,19330,654610,139906,103284,104730,219983,387,0,1.15,33.0,High
U502955,47,Business,171576,113413,56624,942926,1255646,835591,1825303,40605,4859466,178902,108416,162540,879034,510,5,2.36,47.0,Medium
U502956,33,Salaried,195596,140945,26810,1162576,375293,213617,2851916,3798,4603402,791600,375264,272306,1143415,427,9,1.96,48.0,Medium
U502957,27,Salaried,192848,136429,44547,396140,1175551,4275903,3338491,82728,9186085,129283,133773,57717,351278,437,7,3.97,41.0,Medium
U502958,44,Self-Employed,213190,86485,62080,553345,234679,8633550,3696543,19571,13118117,282696,293009,293492,1175299,597,7,5.13,54.0,Medium
U502959,33,Self-Employed,83082,59885,13945,466362,385176,3832532,663964,26353,5348034,103645,14347,60571,891960,761,1,5.36,50.0,Medium
U502960,25,Salaried,132876,93161,32675,153957,401024,6268178,908028,60549,7731187,363268,23766,230250,743246,539,9,4.85,54.0,Medium
U502961,40,Salaried,36975,27409,6639,46769,145417,977027,426549,8073,1595762,39614,52998,70293,199341,732,6,3.6,55.0,Medium
U502962,58,Salaried,203616,140677,68346,211437,565901,1343987,1530010,1815,3651335,135683,172595,227353,781230,768,2,1.49,52.0,Medium
U502963,59,Salaried,229259,106838,74530,547869,1880284,6300145,1093463,57637,9821761,542927,257346,191973,2135414,430,1,3.57,42.0,Medium
U502964,18,Student,19108,13282,5826,92503,37938,0,0,3049,130441,934,348,515,1243,731,2,0.57,44.0,Medium
U502965,28,Salaried,139248,93427,48672,100849,1299637,6552152,1124630,13621,9077268,628067,88232,229592,861364,812,2,5.43,60.0,Medium
U502966,57,Business,182321,132790,51833,48825,1006728,3823528,529197,53161,5408278,255008,313192,320810,1272523,523,7,2.47,53.0,Medium
U502967,42,Salaried,182812,97676,26084,590523,1690504,2156381,1919224,2837,6356632,917244,220818,161024,1048088,433,7,2.9,45.0,Medium
U502968,34,Salaried,100347,58596,15763,281101,81584,2954301,635417,23141,3952403,289678,185089,27911,758295,778,9,3.28,63.0,Medium
U502969,43,Self-Employed,79657,55983,13013,293018,706125,541574,1288492,8103,2829209,28755,144556,14500,638802,524,8,2.96,49.0,Medium
U502970,57,Salaried,91853,66039,13215,254663,686429,1680312,766646,7016,3388050,450322,239875,211666,298893,453,1,3.07,36.0,High
U502971,29,Salaried,116143,77234,16819,67164,840775,4422264,413476,34011,5743679,219470,33859,49929,556528,376,1,4.12,28.0,High
U502972,24,Student,16832,14295,2537,62673,8102,0,0,2414,70775,114,98,142,479,571,11,0.35,47.0,Medium
U502973,30,Student,5868,3819,2049,7822,5159,0,0,884,12981,2552,673,1577,3192,817,4,0.18,54.0,Medium
U502974,40,Salaried,171039,74499,22896,352096,36196,5592785,195604,52764,6176681,64117,8583,234038,1097744,575,6,3.01,45.0,Medium
U502975,47,Salaried,60973,36034,9578,352109,110238,528038,209574,4100,1199959,279822,59613,88304,410240,529,11,1.64,57.0,Medium
U502976,26,Student,16304,12700,3604,31012,5180,0,0,1898,36192,1549,10202,5754,34301,728,6,0.18,50.0,Medium
U502977,58,Business,82169,35355,20271,453909,474183,3402103,1319552,36360,5649747,68047,71395,159463,825853,706,0,5.73,49.0,Medium
U502978,55,Salaried,94927,63745,29401,245667,869785,2789956,1668843,28622,5574251,397657,110531,109539,468988,550,5,4.89,51.0,Medium
U502979,30,Business,95004,67232,17770,120175,474707,402941,1455536,32008,2453359,70980,233279,47945,878257,676,7,2.15,57.0,Medium
U502980,24,Business,235760,164412,41413,1408821,2025372,4691654,1146465,83904,9272312,819535,478870,333649,1258862,718,2,3.28,49.0,Medium
U502981,54,Salaried,213635,100931,63026,1092960,1900585,5131066,1873599,39726,9998210,276344,34471,77661,857796,467,0,3.9,34.0,High
U502982,20,Student,15827,12475,3352,45064,28586,0,0,3019,73650,157,151,1,817,629,7,0.39,45.0,Medium
U502983,27,Student,15361,11522,3839,70061,5064,0,0,554,75125,11675,3973,5807,7770,528,8,0.41,45.0,Medium
U502984,26,Student,5635,3903,1732,31831,9309,0,0,100,41140,115,675,381,4822,420,7,0.61,41.0,Medium
U502985,36,Salaried,155019,101502,37727,638975,529922,4572563,833209,24346,6574669,502562,363974,266746,1074218,675,0,3.53,48.0,Medium
U502986,32,Self-Employed,22877,10671,7473,55149,55980,524140,180229,6125,815498,49806,43394,62904,172919,484,1,2.97,45.0,Medium
U502987,57,Self-Employed,169768,101834,34995,198029,878048,2345562,2059739,60426,5481378,793234,264258,309220,621760,793,2,2.69,53.0,Medium
U502988,40,Salaried,219224,134926,55454,1154762,1445838,2277700,2057557,98927,6935857,168210,147376,170545,957899,814,5,2.64,56.0,Medium
U502989,26,Self-Employed,60369,26546,11191,278758,547298,1281818,933672,1969,3041546,44438,28934,4373,118995,384,7,4.2,37.0,High
U502990,33,Business,161813,76283,30075,69595,994272,1998737,2565083,78262,5627687,363437,118248,169068,1542416,493,2,2.9,41.0,Medium
U502991,19,Student,18305,9632,8673,86356,10406,0,0,3179,96762,12058,1156,6322,15575,505,4,0.44,46.0,Medium
U502992,56,Business,85958,40521,27261,158578,541149,1264633,139713,11439,2104073,40917,47902,19528,268630,372,5,2.04,38.0,High
U502993,23,Student,7601,3884,3717,39226,9734,0,0,114,48960,45,116,149,613,692,3,0.54,51.0,Medium
U502994,41,Business,80607,58189,12401,160522,246476,1343186,5641,19461,1755825,288483,42874,128900,272459,514,7,1.82,46.0,Medium
U502995,58,Salaried,144729,91401,31344,780396,421463,3709255,938368,28382,5849482,25774,37667,93077,627091,319,5,3.37,34.0,High
U502996,57,Salaried,162815,90350,16584,124154,381031,770376,2356136,66627,3631697,141409,27494,153336,510698,529,3,1.86,35.0,High
U502997,45,Self-Employed,173234,125733,23022,903342,839355,6033593,2105577,5072,9881867,256334,97502,122337,178898,801,7,4.75,52.0,Medium
U502998,54,Business,182706,73915,25426,496802,1026296,8308720,931048,55497,10762866,183995,32217,315918,1326651,750,11,4.91,63.0,Medium
U502999,21,Student,11046,9017,2029,66583,9952,0,0,70,76535,1895,132,3274,18857,492,1,0.58,30.0,High
U503000,50,Salaried,127023,66878,21230,641112,763647,2451418,639414,36934,4495591,257568,58893,120847,232555,433,5,2.95,36.0,High
U503001,41,Self-Employed,86915,42125,25597,382017,331096,189640,1372173,36982,2274926,50820,66708,44194,369564,821,8,2.18,63.0,Medium
U503002,23,Self-Employed,39326,16295,5561,108524,219131,407749,439563,8657,1174967,116651,64323,60962,135684,620,0,2.49,38.0,High
U503003,56,Self-Employed,187895,98768,40716,658861,961888,3947012,420769,60285,5988530,199901,215035,13094,775258,428,1,2.66,32.0,High
U503004,56,Self-Employed,110068,51304,32237,2285,749828,2566511,1371013,37294,4689637,215275,136677,129316,662095,542,7,3.55,53.0,Medium
U503005,40,Business,134433,84826,15604,423588,823212,2601214,1714002,31341,5562016,132365,6485,69188,530094,485,9,3.45,44.0,Medium
U503006,22,Salaried,38665,25493,13374,36366,54080,150992,413696,4636,655134,61067,23564,20792,81952,503,0,1.41,37.0,High
U503007,56,Salaried,170394,71740,32945,777599,1281030,5378664,1267809,64721,8705102,53427,454439,460941,1475177,448,4,4.26,44.0,Medium
U503008,34,Business,159594,91587,37794,470757,361991,5677495,345604,20953,6855847,184944,34104,13256,417849,772,6,3.58,53.0,Medium
U503009,36,Salaried,201542,146751,53173,1153716,167052,8417565,1461421,75812,11199754,318261,199903,15090,627888,447,1,4.63,34.0,High
U503010,22,Self-Employed,195667,114122,58982,961310,1305946,2759484,2559869,90972,7586609,130896,261997,110584,847460,493,8,3.23,50.0,Medium
U503011,36,Salaried,220489,112070,60696,145519,2079904,2281087,1189749,86740,5696259,141531,318101,361817,1567202,593,4,2.15,50.0,Medium
U503012,40,Self-Employed,174120,74592,29776,930813,1362370,6624692,2351852,86432,11269727,162958,211604,35108,675152,814,10,5.39,61.0,Medium
U503013,39,Business,149054,85640,51553,712812,1112197,4276886,1828304,13139,7930199,17664,94847,75626,307361,498,5,4.43,44.0,Medium
U503014,31,Salaried,105504,45087,33430,498036,344087,3974638,582,37657,4817343,161424,139035,200880,801434,753,9,3.81,67.0,Medium
U503015,44,Salaried,157828,99499,35398,883164,1638,1044570,2297474,1057,4226846,173804,45305,62295,298881,804,9,2.23,59.0,Medium
U503016,19,Student,12130,9303,2827,25149,3044,0,0,338,28193,2039,2955,995,21204,309,11,0.19,41.0,Medium
U503017,24,Salaried,77902,42136,8996,129545,613364,1261669,591886,23816,2596464,7000,11907,51091,447247,367,11,2.78,43.0,Medium
U503018,47,Salaried,240515,114304,73753,451702,981632,499629,2578461,35289,4511424,204865,154005,152612,383127,345,4,1.56,35.0,High
U503019,49,Salaried,195759,92248,46213,588561,131573,3430618,145211,80281,4295963,344987,123293,16520,388537,599,11,1.83,55.0,Medium
U503020,52,Business,247492,165360,33899,24050,616142,5740256,3909136,57093,10289584,758806,208880,70004,1062339,587,2,3.46,39.0,High
U503021,31,Business,146770,93931,33153,170178,836757,4290850,2209167,49315,7506952,147229,318271,142889,1116534,438,6,4.26,46.0,Medium
U503022,28,Self-Employed,116064,65111,16317,437927,317435,473230,2017152,41579,3245744,75837,48336,12860,593774,545,9,2.33,48.0,Medium
U503023,25,Business,192968,111927,46293,373329,963167,119320,1137561,59581,2593377,1008254,407902,31906,1239848,665,10,1.12,64.0,Medium
U503024,49,Salaried,161505,116228,22880,95069,125846,244403,2167212,36624,2632530,495892,209694,246023,375863,541,6,1.36,44.0,Medium
U503025,35,Salaried,204904,120285,40936,473507,1946759,7247517,3501883,67902,13169666,862379,166491,317051,893156,595,4,5.36,47.0,Medium
U503026,29,Student,11475,7595,3880,16327,19413,0,0,975,35740,38,10,5,53,372,6,0.26,37.0,High
U503027,27,Business,130134,74026,16890,686379,186812,661926,1917171,29514,3452288,19126,29178,7414,259599,713,5,2.21,44.0,Medium
U503028,48,Self-Employed,161656,70726,41605,883481,970471,6445358,836448,10979,9135758,78104,2292,31241,458460,789,5,4.71,53.0,Medium
U503029,34,Salaried,45244,25051,5747,131899,388041,1120114,664649,10160,2304703,47666,11600,22353,343231,382,8,4.24,41.0,Medium
U503030,21,Student,12256,7605,4651,41440,17900,0,0,2023,59340,4678,948,1551,20685,764,4,0.4,53.0,Medium
U503031,22,Student,11390,6016,5374,23061,19453,0,0,844,42514,3496,429,1587,8528,593,4,0.31,49.0,Medium
U503032,50,Business,223707,143052,39282,978,282901,4876958,2510303,50947,7671140,213090,351982,7701,1295509,416,4,2.86,37.0,High
U503033,27,Business,138513,102571,47003,59667,160992,3845749,243886,28537,4310294,15984,61088,128621,493980,782,10,2.59,65.0,Medium
U503034,29,Salaried,79329,45211,12303,129940,41824,1500331,648135,29277,2320230,14042,4776,34362,216884,564,8,2.44,45.0,Medium
U503035,46,Salaried,208808,112585,43337,367588,1675953,6707323,1805473,88582,10556337,213399,11020,63199,403465,382,4,4.21,32.0,High
U503036,57,Salaried,237250,97385,27356,428573,2124263,6840575,3804828,93733,13198239,453885,86239,53827,583336,731,6,4.64,48.0,Medium
U503037,30,Business,86679,36732,20132,13150,414418,2399914,879390,6881,3706872,4455,46647,53663,284111,756,9,3.56,58.0,Medium
U503038,45,Salaried,204046,132669,33374,494241,1391932,2645789,2848576,73371,7380538,120471,43268,36591,652699,604,4,3.01,41.0,Medium
U503039,27,Student,16826,10844,5982,98805,32967,0,0,2235,131772,20647,64,1162,32577,379,6,0.65,41.0,Medium
U503040,56,Salaried,190658,134503,60396,265618,560415,8083215,817738,41670,9726986,980035,39686,531200,1117014,398,8,4.25,52.0,Medium
U503041,22,Student,13073,7950,5123,37618,24369,0,0,722,61987,25,384,245,12718,635,7,0.4,52.0,Medium
U503042,58,Self-Employed,222957,91805,57230,119734,1934176,9205194,46830,86946,11305934,506638,257389,398,993070,666,11,4.23,61.0,Medium
U503043,22,Student,9693,4975,4718,35780,18088,0,0,358,53868,591,4339,4358,12809,395,0,0.46,35.0,High
U503044,26,Salaried,170515,76212,19890,918722,1187378,405538,2151482,62376,4663120,267075,290401,80698,1125952,461,3,2.28,37.0,High
U503045,20,Student,8961,5798,3163,47399,10840,0,0,1507,58239,4132,3775,3379,15352,534,7,0.54,48.0,Medium
U503046,37,Business,188758,116121,47233,775255,333383,8552278,754166,18647,10415082,211524,356105,242937,1373194,512,4,4.6,46.0,Medium
U503047,48,Self-Employed,201200,135932,34750,185846,1786986,9563290,50503,85980,11586625,161680,15107,1770,831974,644,7,4.8,48.0,Medium
U503048,26,Salaried,109951,67523,12819,470792,633958,1799019,1605900,5876,4509669,88707,38412,12489,144865,386,9,3.42,37.0,High
U503049,29,Self-Employed,216221,93651,68998,601130,308488,1875684,2035290,76356,4820592,79494,20637,103433,408988,696,8,1.86,56.0,Medium
U503050,40,Self-Employed,222699,158086,46274,384937,416918,3307037,1718093,30694,5826985,237568,78185,143916,649073,510,10,2.18,49.0,Medium
U503051,57,Self-Employed,108350,65333,20217,273813,463327,320589,760434,10191,1818163,59008,235307,195547,804141,827,11,1.4,69.0,Medium
U503052,24,Salaried,200953,114505,52129,130066,553191,3630185,348471,49234,4661913,582604,58567,52416,795970,521,3,1.93,42.0,Medium
U503053,24,Student,16017,12159,3858,65158,29901,0,0,194,95059,6471,6670,580,41229,706,9,0.49,55.0,Medium
U503054,24,Salaried,151539,92678,43901,289107,1395424,4524318,1572474,57759,7781323,841405,211631,238723,861498,849,11,4.28,75.0,Low
U503055,35,Salaried,94375,58377,15169,412929,138093,3843960,396130,37121,4791112,71571,26745,61643,278634,503,4,4.23,37.0,High
U503056,25,Business,26269,13561,4215,17439,11474,259776,13362,8958,302051,16770,32455,22743,106608,628,9,0.96,52.0,Medium
U503057,55,Business,75463,56074,10749,304058,410534,1703111,913356,21931,3331059,80060,4660,7337,237752,810,10,3.68,59.0,Medium
U503058,49,Salaried,87606,45434,16049,261585,224547,2700968,1554345,25407,4741445,105521,76873,8127,297826,564,5,4.51,43.0,Medium
U503059,34,Salaried,104147,53078,26119,133576,998030,318682,1637834,41588,3088122,509283,116498,176326,585868,302,2,2.47,36.0,High
U503060,48,Self-Employed,214655,149814,69461,1044190,279506,5251196,3378275,102496,9953167,150734,268192,271974,2116182,698,7,3.86,63.0,Medium
U503061,23,Business,107391,72051,17477,310633,716537,1011229,523037,8364,2561436,513653,268016,250593,349778,674,10,1.99,61.0,Medium
U503062,36,Self-Employed,24955,16920,2602,10975,11035,677618,238300,141,937928,82605,5547,58613,211747,774,7,3.13,59.0,Medium
U503063,23,Student,9497,6723,2774,44103,20738,0,0,1029,64841,6478,805,1663,9717,584,6,0.57,46.0,Medium
U503064,51,Salaried,29189,18987,3772,16403,112935,1039874,185939,11680,1355151,15632,22611,19700,56657,529,9,3.87,45.0,Medium
U503065,45,Salaried,219637,103949,42147,290280,617050,9873188,2900363,8709,13680881,662768,147330,360953,865261,669,4,5.19,49.0,Medium
U503066,47,Self-Employed,154070,104683,31144,500129,1469935,482147,954024,2907,3406235,520994,135293,346872,948464,656,9,1.84,60.0,Medium
U503067,24,Salaried,79230,49989,13052,235864,262253,1861885,1073654,16728,3433656,141298,71323,28638,861830,633,2,3.61,47.0,Medium
U503068,35,Business,219037,130153,44553,668506,1910482,3829433,2053283,67665,8461704,941045,129314,513205,1486019,782,1,3.22,53.0,Medium
U503069,45,Business,162797,107246,23169,928274,328596,1469008,400082,46552,3125960,426204,184728,165727,327429,407,8,1.6,41.0,Medium
U503070,34,Self-Employed,248724,175433,46931,495734,149070,32492,4169395,14621,4846691,644366,407699,338892,1111628,619,0,1.62,40.0,Medium
U503071,45,Salaried,241262,100737,74422,944676,906321,3205737,3948059,32927,9004793,591559,245402,244161,709967,783,0,3.11,49.0,Medium
U503072,35,Salaried,42969,27332,13277,181312,276859,1866183,102026,308,2426380,83345,14195,38657,77292,533,10,4.71,54.0,Medium
U503073,51,Business,83713,53323,23252,28568,174293,2279269,380325,2727,2862455,169688,85591,99254,343952,492,1,2.85,39.0,High
U503074,21,Student,11628,8517,3111,46820,24531,0,0,1828,71351,5621,3056,1382,24928,390,3,0.51,33.0,High
U503075,21,Student,12418,9788,2630,13834,16141,0,0,1699,29975,2786,1231,1725,5841,768,10,0.2,56.0,Medium
U503076,18,Student,13786,10032,3754,60987,873,0,0,481,61860,146,1413,4893,21710,834,8,0.37,59.0,Medium
U503077,43,Salaried,110211,77593,21020,188758,3534,4043879,163878,51797,4400049,361701,129617,161483,315667,739,9,3.33,59.0,Medium
U503078,18,Student,7037,3656,3381,44677,5748,0,0,448,50425,5316,2343,621,8091,392,5,0.6,43.0,Medium
U503079,30,Salaried,230310,140440,63111,1261343,101421,1693999,510654,100952,3567417,374785,201804,194847,1050509,620,10,1.29,58.0,Medium
U503080,49,Business,233390,162242,25147,117495,1561625,1458502,3883325,40068,7020947,49785,334871,239441,1513738,567,4,2.51,41.0,Medium
U503081,29,Student,17470,13153,4317,100668,33081,0,0,533,133749,3608,3239,1260,9231,684,7,0.64,49.0,Medium
U503082,30,Student,12326,9001,3325,83101,9089,0,0,390,92190,390,269,60,635,589,1,0.62,35.0,High
U503083,24,Student,5876,3954,1922,6051,5257,0,0,44,11308,1722,35,2296,13811,824,8,0.16,61.0,Medium
U503084,23,Salaried,140326,88411,15154,382201,7934,4026766,1227737,35537,5644638,493789,176630,189307,889309,472,4,3.35,40.0,Medium
U503085,25,Self-Employed,72190,29000,20707,279543,386781,2767382,482743,11057,3916449,75291,40160,24918,111162,457,7,4.52,43.0,Medium
U503086,53,Business,156961,88152,30783,524900,842752,6731209,2804318,42847,10903179,447859,269614,238052,852136,645,8,5.79,56.0,Medium
U503087,53,Self-Employed,188874,82490,54818,954902,884684,2988329,1620117,20867,6448032,565773,118897,48582,1801073,518,11,2.84,61.0,Medium
U503088,30,Self-Employed,59817,25752,10355,191608,7608,1394809,970704,20507,2564729,184029,109800,105507,271113,385,9,3.57,46.0,Medium
U503089,23,Salaried,244506,159637,47818,1297939,1541117,8709612,2698568,75550,14247236,282563,173018,17610,1574343,705,0,4.86,43.0,Medium
U503090,22,Student,13797,9988,3809,21611,23802,0,0,1105,45413,12115,4938,7151,14622,837,11,0.27,65.0,Medium
U503091,36,Salaried,124182,90432,15919,69683,404419,2983488,79856,55135,3537446,21268,86267,28012,437840,711,11,2.37,56.0,Medium
U503092,57,Salaried,230851,169784,24513,751145,1446641,4743902,3434433,95377,10376121,73223,163918,100505,1253304,797,1,3.75,44.0,Medium
U503093,22,Business,87150,50534,27489,273980,667371,862296,865225,16487,2668872,50169,79763,79033,939593,423,4,2.55,46.0,Medium
U503094,53,Self-Employed,153596,113275,38261,147236,720825,2495564,2455241,41364,5818866,27313,107916,14504,1217190,469,7,3.16,47.0,Medium
U503095,26,Student,15736,10734,5002,37022,8841,0,0,2228,45863,2508,4074,2829,11498,849,9,0.24,62.0,Medium
U503096,37,Salaried,122049,66163,23546,419663,624382,106414,1996535,53779,3146994,395903,97834,91899,983013,421,2,2.15,38.0,High
U503097,29,Business,141624,69196,24717,214166,349428,5680840,1021462,1760,7265896,175559,48156,121376,557322,838,8,4.28,59.0,Medium
U503098,36,Self-Employed,40026,28911,11009,83565,351757,833318,213101,6349,1481741,80432,28468,12515,100596,373,0,3.08,30.0,High
U503099,25,Student,18901,13003,5898,126466,26901,0,0,540,153367,6157,23,436,11985,641,5,0.68,46.0,Medium
U503100,23,Salaried,183300,133757,23479,66316,1669674,6215749,1097545,55909,9049284,40553,32021,76749,377446,527,7,4.11,40.0,Medium
U503101,30,Salaried,215165,99453,72610,1205698,1610257,8935899,2537149,49941,14289003,117891,106572,34075,383166,683,5,5.53,51.0,Medium
U503102,57,Self-Employed,215721,149210,44087,1062616,364980,1485209,2607690,106783,5520495,312112,373742,15617,1404831,728,9,2.13,60.0,Medium
U503103,24,Student,13175,9977,3198,28009,18762,0,0,562,46771,3595,2146,829,9240,535,11,0.3,50.0,Medium
U503104,22,Salaried,104708,47074,25694,223581,108866,189977,845826,24976,1368250,245197,31167,43089,767199,617,1,1.09,44.0,Medium
U503105,35,Salaried,162059,75864,49012,253069,405995,6350805,157849,74237,7167718,175779,34043,301767,1296748,809,6,3.69,63.0,Medium
U503106,28,Salaried,58075,30340,6167,72610,109209,1670044,840570,6344,2692433,252975,61720,118106,215655,485,10,3.86,50.0,Medium
U503107,26,Salaried,222809,127926,61652,924558,1689865,362634,1156214,6825,4133271,475570,239504,84419,860222,623,5,1.55,50.0,Medium
U503108,41,Business,199641,92190,68222,697722,1458622,7234771,1532530,51751,10923645,495822,245267,269432,733286,488,6,4.56,49.0,Medium
U503109,27,Self-Employed,129026,79018,33038,443486,1091878,2913243,1893573,36361,6342180,79003,8907,71218,264231,625,2,4.1,41.0,Medium
U503110,29,Student,18459,13944,4515,2349,12034,0,0,1093,14383,4895,2551,169,22629,572,0,0.06,33.0,High
U503111,47,Business,87008,57443,21032,429217,313105,4122520,588818,23226,5453660,157215,92983,164413,450045,329,7,5.22,42.0,Medium
U503112,44,Business,139933,93238,22008,404461,335308,1407595,1230191,22425,3377555,153422,2822,130712,483760,306,3,2.01,28.0,High
U503113,51,Salaried,170656,106741,21810,658230,480212,1384571,1812207,4797,4335220,270800,49322,32182,356261,361,7,2.12,34.0,High
U503114,48,Self-Employed,171984,126569,24529,168986,944154,2450218,2966337,5530,6529695,697612,159253,260634,866205,704,2,3.16,47.0,Medium
U503115,27,Self-Employed,114010,77404,19000,67671,412978,4365738,1600314,44839,6446701,24003,55242,84438,367612,463,8,4.71,42.0,Medium
U503116,27,Self-Employed,175407,120684,54840,52064,621795,712954,1813136,50989,3199949,122061,97022,71699,663711,548,7,1.52,50.0,Medium
U503117,37,Business,47861,26446,9143,148990,221315,12340,599572,6871,982217,29662,115152,44352,466347,521,9,1.71,55.0,Medium
U503118,49,Salaried,112770,64043,17451,207144,700543,3384904,1702638,14962,5995229,158215,83635,121924,508416,359,3,4.43,32.0,High
U503119,30,Salaried,135659,62044,37707,776280,634046,88507,1054849,64364,2553682,296996,68100,28164,470439,532,9,1.57,52.0,Medium
U503120,37,Salaried,186735,88293,49529,399332,537087,4014835,834545,46073,5785799,108280,121082,119725,473584,377,3,2.58,33.0,High
U503121,40,Salaried,117992,80039,18006,539289,939743,729430,144586,40450,2353048,141348,16067,105507,506937,502,0,1.66,31.0,High
U503122,32,Business,40724,23401,5382,14887,142757,907212,613119,11672,1677975,181937,83889,75915,152528,825,9,3.43,64.0,Medium
U503123,21,Student,17915,10963,6952,103476,2637,0,0,2355,106113,1531,935,1038,2467,502,10,0.49,51.0,Medium
U503124,45,Self-Employed,144038,69139,15027,81918,385610,4800829,2576928,13448,7845285,243477,34881,78310,288216,577,8,4.54,44.0,Medium
U503125,56,Salaried,240034,98794,39391,661944,1134081,9834003,1276176,47690,12906204,349180,193774,309389,1350833,771,7,4.48,57.0,Medium
U503126,52,Salaried,39754,17717,5707,199696,148251,1294421,628760,15295,2271128,16909,27485,54624,306820,636,9,4.76,55.0,Medium
U503127,51,Business,79015,48118,16775,328606,442563,3765599,11371,35702,4548139,29524,87119,21391,628000,740,6,4.8,56.0,Medium
U503128,47,Business,41974,26825,4290,174251,64404,1920183,372481,6939,2531319,50517,11185,3302,173862,544,4,5.03,37.0,High
U503129,58,Business,220893,96618,34180,531902,2064456,5228354,3100581,94011,10925293,303034,124730,160482,243972,394,2,4.12,28.0,High
U503130,23,Salaried,209934,128656,53139,133898,775571,2720699,2292663,44382,5922831,336883,478116,520544,1680420,790,3,2.35,58.0,Medium
U503131,38,Salaried,102339,65833,18570,528958,672777,3882836,1708,40043,5086279,137275,175910,7549,623009,403,8,4.14,44.0,Medium
U503132,50,Business,109166,66170,23231,179338,30612,3157975,1198942,34315,4566867,338824,86894,251308,814666,669,3,3.49,51.0,Medium
U503133,54,Self-Employed,191052,113055,51713,206430,408742,5747580,2394487,82960,8757239,674303,315762,198151,596560,810,10,3.82,67.0,Medium
U503134,19,Student,10138,5419,4719,7877,12257,0,0,897,20134,3106,155,362,6538,478,5,0.17,45.0,Medium
U503135,27,Student,8041,4403,3638,14835,8484,0,0,864,23319,5540,2010,3791,16523,644,2,0.24,49.0,Medium
U503136,54,Self-Employed,48127,35715,13408,27420,21627,377478,755434,7770,1181959,167222,27247,46515,201744,583,0,2.05,41.0,Medium
U503137,57,Salaried,181496,131718,28232,322559,1430991,5732872,3200766,56169,10687188,347495,230392,32089,759475,759,8,4.91,56.0,Medium
U503138,34,Salaried,199034,104288,56070,1153539,1704589,3855495,2540528,86647,9254151,576227,374355,185150,794129,812,8,3.87,65.0,Medium
U503139,58,Salaried,80708,40423,14427,341992,223211,2250412,347605,24797,3163220,95238,8505,47175,790002,724,3,3.27,51.0,Medium
U503140,53,Salaried,244101,158904,55782,1334995,1666150,4384100,294199,74607,7679444,319706,657402,527209,1808097,711,2,2.62,52.0,Medium
U503141,41,Self-Employed,223773,156543,25820,100987,1845603,8928352,4018184,73890,14893126,692962,427773,191514,1650945,573,4,5.55,45.0,Medium
U503142,58,Salaried,95988,65599,25789,107933,593494,2691606,1495792,37131,4888825,321764,62096,7553,660220,303,7,4.24,43.0,Medium
U503143,52,Salaried,131473,98005,44158,732004,579040,3188806,548550,43070,5048400,415826,13617,245010,707599,802,3,3.2,59.0,Medium
U503144,29,Self-Employed,97961,66657,13103,573425,652584,1896481,418587,39942,3541077,136185,48824,63642,499820,424,1,3.01,30.0,High
U503145,35,Self-Employed,34295,17029,11288,100964,91824,1376407,343886,13441,1913081,7975,30077,33315,177842,763,2,4.65,52.0,Medium
U503146,29,Student,6468,4608,1860,46217,14547,0,0,971,60764,437,1885,2002,10044,773,4,0.78,50.0,Medium
U503147,24,Self-Employed,235010,166182,78587,1399183,1441558,1628385,2695027,109301,7164153,159899,66605,122594,352145,354,8,2.54,42.0,Medium
U503148,22,Self-Employed,220828,139645,29654,962523,891942,1126515,3418607,16902,6399587,195724,70565,87878,198442,789,1,2.41,41.0,Medium
U503149,56,Self-Employed,211155,86289,68347,1263100,416949,4273226,3510649,38346,9463924,1044039,497801,60684,1093657,706,5,3.73,59.0,Medium
U503150,58,Self-Employed,206562,117062,49648,884787,1253159,336673,1949335,32113,4423954,12772,248463,228015,882726,806,9,1.78,62.0,Medium
U503151,51,Business,85011,46196,14209,61028,744123,4004788,930557,40749,5740496,279685,237,188854,625456,361,11,5.63,50.0,Medium
U503152,37,Salaried,140135,73344,44167,495954,1224143,4200504,503715,19199,6424316,16303,111137,48060,527693,819,10,3.82,66.0,Medium
U503153,44,Salaried,173449,110336,37779,622254,161884,2970699,929922,65935,4684759,289049,12705,83090,428216,319,9,2.25,40.0,Medium
U503154,37,Self-Employed,201233,84330,30025,1060492,1083048,1083885,2512512,73579,5739937,573459,475767,248235,1110192,723,11,2.38,63.0,Medium
U503155,23,Student,14450,8994,5456,30293,14077,0,0,1265,44370,854,1879,660,11467,399,4,0.26,37.0,High
U503156,58,Business,54543,33423,19026,25987,117469,323983,665209,4278,1132648,21714,10501,2538,120676,554,3,1.73,42.0,Medium
U503157,56,Business,44099,27032,10946,197625,28480,1597209,491444,2459,2314758,11510,22777,1310,95200,639,2,4.37,41.0,Medium
U503158,33,Self-Employed,180266,122393,21102,289120,172998,7137351,338403,26099,7937872,286392,259138,167918,717426,313,11,3.67,42.0,Medium
U503159,25,Salaried,134691,65537,32754,263058,370171,616203,1563307,41694,2812739,264392,57559,85693,475145,492,11,1.74,53.0,Medium
U503160,57,Business,67842,48468,7050,913,66850,757161,116892,13945,941816,21039,8709,99809,390610,481,11,1.16,48.0,Medium
U503161,45,Self-Employed,74039,31205,10002,135507,632427,1341589,1007159,8840,3116682,38554,136767,130848,401826,514,9,3.51,49.0,Medium
U503162,23,Student,16918,14366,2552,35725,36375,0,0,2657,72100,1262,650,1150,3139,395,0,0.36,22.0,High
U503163,51,Salaried,198196,95897,40888,46137,1184081,4886324,1049218,15401,7165760,381022,255484,76263,748748,531,3,3.01,40.0,Medium
U503164,40,Business,214286,93430,27119,81960,96289,6135399,891987,20311,7205635,50913,19094,102834,1291142,407,7,2.8,39.0,High
U503165,42,Salaried,115427,46338,12911,190781,70092,1987388,1522393,2300,3770654,240144,42073,146858,382182,364,3,2.72,30.0,High
U503166,30,Salaried,62471,31954,10404,321144,310496,481019,446031,7387,1558690,123566,35420,61992,208972,465,1,2.08,32.0,High
U503167,31,Business,87751,57535,9489,334215,759452,1466726,223493,10416,2783886,103452,7810,41194,330939,556,3,2.64,36.0,High
U503168,48,Business,197419,84525,59883,291146,1492608,2407083,1608736,52679,5799573,343763,140365,23477,936616,644,3,2.45,48.0,Medium
U503169,26,Self-Employed,26702,13937,5828,159112,247324,745669,477281,7031,1629386,58531,48494,54783,159464,525,0,5.09,39.0,High
U503170,28,Student,8201,5114,3087,15418,4552,0,0,300,19970,4072,3356,2894,7454,451,6,0.2,44.0,Medium
U503171,22,Business,140675,74000,19371,811720,114559,4590035,1752976,41664,7269290,337946,350667,192422,926950,370,1,4.31,32.0,High
U503172,19,Student,7798,4700,3098,32412,8030,0,0,1364,40442,397,460,71,1527,627,8,0.43,53.0,Medium
U503173,48,Salaried,248180,101503,44528,538488,1875104,96590,2610034,89422,5120216,369035,443315,222469,2175866,426,2,1.72,38.0,High
U503174,28,Salaried,128118,78578,29257,523437,485936,2395107,1296064,1858,4700544,175296,205156,18399,872946,455,2,3.06,38.0,High
U503175,30,Business,221081,116514,56192,97689,587397,3836952,2940875,46467,7462913,166987,73616,23300,2140228,404,0,2.81,35.0,High
U503176,49,Self-Employed,93036,48117,22349,464593,75082,322833,228073,7084,1090581,119738,106341,35474,552676,788,11,0.98,66.0,Medium
U503177,26,Salaried,94145,51940,18912,295330,93328,265302,181140,8769,835100,6667,120416,36816,726957,685,10,0.74,60.0,Medium
U503178,36,Salaried,176520,125393,32628,586934,73919,7820597,2447031,42312,10928481,703457,133726,147997,1414034,814,4,5.16,58.0,Medium
U503179,30,Student,18735,10137,8598,120888,1138,0,0,1348,122026,14121,3124,3530,32171,476,8,0.54,51.0,Medium
U503180,37,Self-Employed,114178,79049,13941,22659,114153,4586428,1639881,31499,6363121,151881,197554,76865,603430,787,1,4.64,46.0,Medium
U503181,28,Business,144856,66222,35383,447726,665586,2229586,1588770,23530,4931668,109178,171828,143837,438908,429,5,2.84,40.0,Medium
U503182,23,Student,8407,4883,3524,51449,19858,0,0,1372,71307,558,505,223,1250,820,6,0.71,59.0,Medium
U503183,28,Student,8729,6105,2624,28119,12095,0,0,837,40214,3369,52,1059,6250,393,7,0.38,39.0,High
U503184,58,Self-Employed,136363,74618,42827,674964,1115335,867410,491679,37193,3149388,49834,112813,162313,1019628,527,3,1.92,46.0,Medium
U503185,35,Self-Employed,104306,48180,31031,596145,842237,256020,1569966,182,3264368,268236,30708,81847,468362,834,7,2.61,63.0,Medium
U503186,38,Salaried,94715,51033,25342,275299,173035,1417751,972193,10862,2838278,261545,59378,55703,313196,797,8,2.5,62.0,Medium
U503187,58,Self-Employed,70323,41160,22384,45018,401946,3216899,456987,1001,4120850,203967,95237,4939,301588,769,8,4.88,63.0,Medium
U503188,37,Self-Employed,92578,63929,29699,255044,713835,3771899,608140,36226,5348918,97183,40470,142562,484800,403,7,4.81,46.0,Medium
U503189,44,Self-Employed,135342,93608,36932,8341,770729,5702442,2121612,24406,8603124,269646,84277,296293,1272238,602,7,5.3,58.0,Medium
U503190,29,Business,207108,154938,30422,513078,984198,3525584,1308966,6198,6331826,654877,143454,216392,777773,301,8,2.55,38.0,High
U503191,36,Self-Employed,212765,145128,67369,983790,1226874,3743116,975220,100735,6929000,50689,105405,38663,471513,671,10,2.71,58.0,Medium
U503192,30,Student,16798,11084,5714,53026,30319,0,0,1018,83345,16618,9660,5463,26943,769,1,0.41,48.0,Medium
U503193,31,Business,96587,65105,20358,263880,503702,4560722,1710141,27290,7038445,69527,42105,19845,198993,740,8,6.07,54.0,Medium
U503194,29,Self-Employed,159725,118867,36009,517593,1103849,3508176,2427097,37581,7556715,267902,101716,77445,756587,524,10,3.94,52.0,Medium
U503195,37,Salaried,180119,75905,47655,846289,347050,8541052,853891,9128,10588282,267498,14380,231750,1216214,627,5,4.9,51.0,Medium
U503196,29,Self-Employed,22266,15582,3221,47310,48178,519752,114257,5219,729497,49555,15156,25677,58146,800,11,2.73,62.0,Medium
U503197,20,Student,13879,9457,4422,5382,25519,0,0,855,30901,4013,3477,1123,21865,374,0,0.19,28.0,High
U503198,25,Student,19211,13372,5839,104726,25884,0,0,622,130610,1908,4000,5113,15065,512,6,0.57,43.0,Medium
U503199,30,Student,6216,4447,1769,6998,12275,0,0,159,19273,146,145,365,1468,649,5,0.26,45.0,Medium
U503200,43,Self-Employed,178438,127305,37023,631802,932956,810591,1385325,78310,3760674,594750,398350,228478,823790,499,11,1.76,56.0,Medium
U503201,28,Student,16653,11436,5217,32517,28841,0,0,2164,61358,5197,1799,6408,25405,354,10,0.31,44.0,Medium
U503202,23,Salaried,20801,9071,4331,60779,136853,404037,173282,154,774951,31749,24378,13645,54670,474,1,3.1,33.0,High
U503203,42,Self-Employed,150683,67177,23913,617516,423107,2857314,341189,72380,4239126,495547,247168,52386,829200,581,5,2.34,47.0,Medium
U503204,26,Student,13950,11057,2893,86084,31134,0,0,2752,117218,6,3687,539,28591,757,0,0.7,40.0,Medium
U503205,30,Self-Employed,216174,89634,40354,973785,234841,7055633,2780287,100540,11044546,607251,307533,530546,1495709,793,9,4.26,66.0,Medium
U503206,51,Self-Employed,122432,86556,34293,605089,234801,3351245,159042,14819,4350177,382887,10617,12372,1007310,334,3,2.96,38.0,High
U503207,34,Business,122688,86816,30806,609258,492213,4131685,2068085,21753,7301241,102747,95222,129477,988173,515,10,4.96,56.0,Medium
U503208,29,Student,15328,8007,7321,10970,34733,0,0,621,45703,2421,3423,1025,18931,665,9,0.25,61.0,Medium
U503209,31,Business,206415,83686,65940,1023519,1313846,7565408,974546,31659,10877319,561881,344929,132732,1572077,848,8,4.39,70.0,Low
U503210,54,Business,64598,40870,11305,106346,366073,662240,20879,30734,1155538,20104,21855,39943,262895,511,2,1.49,35.0,High
U503211,33,Business,163182,116986,41201,672387,439062,1981932,2597121,79933,5690502,51994,23980,160676,594812,732,6,2.91,53.0,Medium
U503212,31,Self-Employed,203852,106336,56368,967135,669388,7758814,597693,37930,9993030,36350,268126,103846,975427,691,11,4.09,62.0,Medium
U503213,29,Salaried,200107,124257,50578,546973,707959,836800,1679764,45676,3771496,165347,284606,107230,1966509,753,2,1.57,54.0,Medium
U503214,52,Salaried,134973,84818,39814,706918,211380,202883,365675,5655,1486856,235220,81413,87619,492366,405,5,0.92,41.0,Medium
U503215,58,Self-Employed,135021,88146,29788,131243,850064,5394943,1487589,49261,7863839,412756,268674,297076,896920,415,4,4.85,43.0,Medium
U503216,28,Student,5577,3956,1621,343,6836,0,0,241,7179,3824,1776,1409,5188,590,1,0.11,38.0,High
U503217,43,Salaried,241172,162026,78981,932245,813980,10046928,2356745,100645,14149898,462106,90525,124965,1068574,562,11,4.89,59.0,Medium
U503218,49,Salaried,222871,143537,58080,705918,2108568,5254822,3855449,108870,11924757,1219212,549487,123331,1212830,823,0,4.46,55.0,Medium
U503219,31,Business,106199,55722,17793,81430,701426,4309274,1646135,37855,6738265,541612,189705,145835,526230,309,3,5.29,35.0,High
U503220,40,Salaried,157902,64961,35794,356972,162621,2113797,2323212,38569,4956602,95350,336626,173685,1302432,642,2,2.62,48.0,Medium
U503221,21,Student,12525,7224,5301,67785,17123,0,0,2186,84908,370,4681,3780,19784,682,10,0.56,61.0,Medium
U503222,28,Salaried,185992,87160,55496,735457,379398,8005417,1187118,32741,10307390,155707,19379,40024,761441,519,8,4.62,50.0,Medium
U503223,21,Student,17993,15269,2724,56985,25756,0,0,1525,82741,6704,7500,4473,24947,515,0,0.38,29.0,High
U503224,22,Self-Employed,166229,69880,23912,943112,1397251,2418928,1977348,64354,6736639,45627,2584,16806,889907,569,10,3.38,50.0,Medium
U503225,20,Student,18960,14506,4454,88754,25393,0,0,501,114147,333,2546,1541,14985,720,10,0.5,55.0,Medium
U503226,39,Salaried,193485,83198,46292,617819,1654067,4610704,884073,73892,7766663,379748,174894,107367,464509,474,8,3.35,46.0,Medium
U503227,21,Student,14621,12153,2468,63433,25730,0,0,1246,89163,11266,628,2151,14504,486,2,0.51,31.0,High
U503228,21,Student,10778,7090,3688,44304,10711,0,0,2055,55015,4108,5339,3961,24858,749,11,0.43,64.0,Medium
U503229,55,Salaried,48765,33060,5031,47256,50895,289652,476987,1704,864790,38528,43785,55332,209728,463,6,1.48,39.0,High
U503230,49,Self-Employed,160597,77200,29037,414515,637412,55082,381570,21584,1488579,115196,11946,71144,453110,736,9,0.77,55.0,Medium
U503231,29,Business,64648,27952,7993,220111,471411,2372367,930552,194,3994441,78907,57437,27049,145986,798,9,5.15,56.0,Medium
U503232,45,Business,108094,69477,33557,342182,34215,2050416,1812970,12434,4239783,59477,199647,167743,773905,338,4,3.27,41.0,Medium
U503233,25,Student,18794,12710,6084,15891,33787,0,0,999,49678,630,1408,404,7267,612,7,0.22,49.0,Medium
U503234,46,Self-Employed,201507,123578,58826,216194,288776,6198130,1728066,50013,8431166,794525,27990,432620,1290756,440,6,3.49,49.0,Medium
U503235,58,Business,26329,10931,7008,142255,135684,1151601,471954,8540,1901494,6255,21233,1686,79704,345,11,6.02,45.0,Medium
U503236,33,Business,227946,151671,59710,432477,1350405,8293302,337744,97708,10413928,188652,256873,70933,1167606,492,10,3.81,52.0,Medium
U503237,34,Salaried,208209,148774,60193,292981,1453988,6712314,1246895,99848,9706178,1188,150691,466917,1917487,619,4,3.88,52.0,Medium
U503238,35,Salaried,195867,116070,37275,774990,823758,2499207,698973,25987,4796928,307299,200423,100190,923392,606,11,2.04,56.0,Medium
U503239,25,Salaried,212971,136182,30526,871650,1650880,64468,1034119,54860,3621117,247118,64179,142387,788706,752,2,1.42,44.0,Medium
U503240,58,Salaried,62441,39504,8579,37968,265207,738101,258073,14963,1299349,211175,17526,20910,580638,724,10,1.73,62.0,Medium
U503241,40,Salaried,52985,21650,10888,206356,431535,2507856,230844,2468,3376591,43310,110128,4702,500098,663,8,5.31,58.0,Medium
U503242,23,Student,13169,6621,6548,79043,21659,0,0,1953,100702,3576,3012,1560,6950,502,6,0.64,49.0,Medium
U503243,19,Student,9447,7715,1732,16984,19840,0,0,205,36824,142,169,99,575,783,0,0.32,39.0,High
U503244,58,Business,180336,110591,59194,753803,838279,8187935,2761561,28612,12541578,122755,14834,66527,2384396,484,9,5.8,58.0,Medium
U503245,35,Business,221778,100820,76795,940575,918164,6616243,553916,82902,9028898,61683,7977,13062,1050889,676,2,3.39,48.0,Medium
U503246,22,Business,197721,99444,66772,1177981,5169,8451651,989556,21909,10624357,521788,19589,120266,926236,769,10,4.48,67.0,Medium
U503247,53,Self-Employed,233170,160056,79244,700663,1471416,7951412,4179776,14169,14303267,51006,231033,105850,884492,381,2,5.11,35.0,High
U503248,36,Self-Employed,50022,34050,10653,159924,99020,1370168,232381,17855,1861493,104493,69839,16384,224462,541,6,3.1,47.0,Medium
U503249,37,Salaried,62529,29133,10279,176133,3887,193829,1028417,530,1402266,41650,19628,9230,99314,716,1,1.87,39.0,High
U503250,47,Salaried,28443,13077,8275,143855,136114,38496,490939,8506,809404,13799,8369,17596,130751,508,5,2.37,44.0,Medium
U503251,51,Business,212363,86666,63746,1049867,907444,1070422,369811,98977,3397544,490307,31791,152480,1775778,412,10,1.33,54.0,Medium
U503252,23,Student,16188,11221,4967,43438,34982,0,0,2350,78420,7697,2802,625,13779,333,4,0.4,32.0,High
U503253,42,Self-Employed,140382,71175,47024,640009,1093071,279842,858986,67394,2871908,148359,40775,33680,503104,351,11,1.7,49.0,Medium
U503254,31,Salaried,56806,31253,8486,111744,403640,611471,129457,5675,1256312,131619,81582,48685,330487,410,10,1.84,47.0,Medium
U503255,59,Business,219277,144778,30133,1277074,351838,1792958,436885,104099,3858755,1026339,111405,527156,1370509,336,2,1.47,34.0,High
U503256,36,Self-Employed,241958,180505,28557,921669,102120,7008663,1636532,80270,9668984,923082,45806,457012,1789793,331,4,3.33,36.0,High
U503257,25,Student,10511,5277,5234,5423,1933,0,0,1244,7356,3090,4085,2606,15096,795,3,0.06,57.0,Medium
U503258,18,Student,11930,6964,4966,64459,28167,0,0,137,92626,10094,3077,5222,22870,825,4,0.65,58.0,Medium
U503259,59,Salaried,164824,72615,54719,931543,1353313,5835439,677975,62090,8798270,731134,296363,380192,509595,324,5,4.45,43.0,Medium
U503260,37,Salaried,74891,36413,8189,308518,358705,2822224,315008,17828,3804455,200407,43821,64763,234810,790,4,4.23,49.0,Medium
U503261,59,Business,219677,113441,45834,576301,1559017,436512,156656,64181,2728486,90747,209985,74036,1124281,678,4,1.04,48.0,Medium
U503262,54,Business,160868,111653,43097,957120,655422,3427103,247714,33054,5287359,622105,96103,284756,585478,781,2,2.74,53.0,Medium
U503263,58,Business,246650,121857,80749,40971,1494155,7890168,4160945,96239,13586239,127459,114319,337026,1748165,314,4,4.59,39.0,High
U503264,26,Business,156403,64143,26146,844494,719451,6907502,1795991,670,10267438,699191,148212,90641,1135825,637,0,5.47,43.0,Medium
U503265,29,Student,8399,6767,1632,17739,18582,0,0,1118,36321,224,193,147,1194,615,2,0.36,36.0,High
U503266,22,Self-Employed,35425,14783,8217,102385,59100,976605,634728,599,1772818,108841,4159,11248,328865,486,7,4.17,50.0,Medium
U503267,42,Business,150539,84153,25310,274545,985521,3938199,2343424,38329,7541689,291355,49693,264369,929809,561,4,4.17,44.0,Medium
U503268,44,Self-Employed,20810,13278,2888,82728,14707,841894,171513,9093,1110842,15203,2768,3950,32902,680,11,4.45,53.0,Medium
U503269,53,Self-Employed,119935,75602,23710,456943,969028,3940712,1204545,52250,6571228,95439,9667,94949,363990,541,5,4.57,41.0,Medium
U503270,22,Salaried,153427,81776,39170,442209,1087405,319021,673789,71065,2522424,680194,65874,82315,901237,542,7,1.37,52.0,Medium
U503271,31,Business,202823,93625,37071,369053,1892425,6688829,553682,12821,9503989,177819,66163,30691,411562,769,2,3.9,44.0,Medium
U503272,25,Self-Employed,57350,35660,18095,101360,70384,2551591,409602,8918,3132937,12274,40141,34412,417417,373,3,4.55,39.0,High
U503273,34,Self-Employed,192739,142551,47460,731480,1472385,1219592,369031,70182,3792488,366538,273571,136590,649280,498,5,1.64,44.0,Medium
U503274,38,Salaried,172167,124668,54812,490727,549395,1714631,1813342,51393,4568095,581990,188389,307141,1100064,439,1,2.21,41.0,Medium
U503275,56,Salaried,113479,77503,24232,546269,780765,4489932,280723,23203,6097689,75327,59863,75043,190733,348,6,4.48,35.0,High
U503276,34,Self-Employed,240538,117115,67377,1419831,123908,10828002,3540543,20323,15912284,365967,199298,66630,1369699,710,1,5.51,48.0,Medium
U503277,24,Business,86084,46659,15189,389020,687369,1677853,1227714,11261,3981956,329480,45447,160308,365010,393,11,3.85,49.0,Medium
U503278,40,Business,185630,78292,48512,229186,1668965,955425,2533149,28382,5386725,367796,203551,98344,1413767,551,8,2.42,55.0,Medium
U503279,38,Self-Employed,101499,66687,23626,167638,164889,2768590,222061,20729,3323178,119349,48215,11451,161132,409,3,2.73,33.0,High
U503280,28,Self-Employed,58348,26977,10035,318301,485200,1271551,140307,5481,2215359,214000,116665,17971,355423,406,7,3.16,44.0,Medium
U503281,30,Student,8645,4429,4216,10452,16954,0,0,528,27406,1539,1059,123,2587,351,5,0.26,40.0,Medium
U503282,48,Salaried,181688,79338,42965,1001027,80624,145225,609081,41634,1835957,528692,215459,9924,885596,564,2,0.84,42.0,Medium
U503283,23,Self-Employed,55118,35412,14292,83281,181177,309873,93154,11139,667485,20349,3699,38357,198956,409,8,1.01,43.0,Medium
U503284,41,Business,211621,115193,53620,12637,811755,3888512,3270347,93236,7983251,345099,218607,1155,651240,541,8,3.14,49.0,Medium
U503285,37,Business,246695,129955,79237,268767,521808,6072945,3550557,121833,10414077,717484,92554,509901,1627800,414,11,3.52,57.0,Medium
U503286,18,Student,6748,4512,2236,8792,176,0,0,902,8968,860,394,946,2558,772,3,0.11,49.0,Medium
U503287,20,Student,11974,7525,4449,77236,21809,0,0,2176,99045,164,924,370,4347,782,5,0.69,54.0,Medium
U503288,38,Salaried,151233,109006,32064,570864,43451,6803530,2401103,49553,9818948,103335,106917,231561,755916,500,5,5.41,43.0,Medium
U503289,33,Salaried,40012,28010,4613,42381,143608,1565464,617821,1845,2369274,128161,81559,25156,197568,791,4,4.93,52.0,Medium
U503290,40,Business,144934,104145,44504,863836,1138562,6631898,769300,51446,9403596,294679,343404,186545,1001318,626,8,5.41,60.0,Medium
U503291,41,Salaried,89466,52435,30106,456625,768561,2042724,86097,26083,3354007,362208,159195,91365,404002,431,1,3.12,41.0,Medium
U503292,41,Business,241102,167749,35251,247921,2259752,8469183,1153471,47963,12130327,522087,27441,143874,1068133,506,8,4.19,45.0,Medium
U503293,22,Salaried,220526,104658,23507,1126309,1157380,7959086,2408342,28288,12651117,783751,29770,125129,1054486,386,9,4.78,42.0,Medium
U503294,53,Business,118115,83997,37754,663864,373302,977342,508271,55418,2522779,222671,125121,93834,988950,592,4,1.78,52.0,Medium
U503295,34,Salaried,148400,99496,28353,120219,725308,4459793,924213,54536,6229533,322001,157209,146056,817915,386,5,3.5,39.0,High
U503296,37,Business,220234,108284,54129,843899,480002,7886800,2475302,39927,11686003,392938,214567,105117,577658,746,1,4.42,46.0,Medium
U503297,39,Salaried,112199,58665,28580,292152,396091,802573,1026459,43879,2517275,76737,3784,46681,406734,794,0,1.87,46.0,Medium
U503298,18,Student,15703,8520,7183,54711,19268,0,0,3096,73979,17820,4599,4165,21784,448,8,0.39,50.0,Medium
U503299,43,Salaried,163975,98595,28728,363483,882908,4013397,1876989,57419,7136777,62970,48839,37055,392302,376,3,3.63,29.0,High
U503300,33,Salaried,210447,119520,56971,464772,1640563,1755720,2606357,69814,6467412,976767,268491,545904,1107598,589,5,2.56,54.0,Medium
U503301,58,Business,134594,81207,43230,258325,782426,6072490,191915,7256,7305156,284436,252767,18603,878058,790,1,4.52,54.0,Medium
U503302,22,Self-Employed,114185,78433,17645,447055,575667,5370656,1333826,17106,7727204,188516,164470,141006,446711,721,0,5.64,42.0,Medium
U503303,49,Business,130666,94113,35270,77536,833482,3318397,26841,32166,4256256,194417,130332,92897,549881,548,3,2.71,43.0,Medium
U503304,30,Student,6211,5069,1142,34862,7477,0,0,807,42339,646,173,209,638,621,4,0.57,39.0,High
U503305,37,Self-Employed,85652,57476,19720,440572,539575,3316289,1408981,37234,5705417,236067,37215,215333,664765,690,0,5.55,48.0,Medium
U503306,23,Salaried,96978,51397,21510,197209,501404,1443154,487326,10355,2629093,93013,4424,24041,152748,717,3,2.26,45.0,Medium
U503307,22,Student,14762,10984,3778,54732,15643,0,0,2091,70375,11549,2619,3444,30825,479,6,0.4,41.0,Medium
U503308,20,Student,14649,9083,5566,55190,31180,0,0,981,86370,2632,2342,3507,18535,765,3,0.49,51.0,Medium
U503309,27,Salaried,26229,19177,6146,33458,166775,667643,287092,11960,1154968,114777,51009,29501,99575,812,5,3.67,59.0,Medium
U503310,35,Salaried,20616,10197,4797,112763,139806,962159,225199,5896,1439927,22817,2265,32690,206158,728,4,5.82,55.0,Medium
U503311,52,Business,38730,16796,12827,179859,30977,983026,244142,18721,1438004,95138,66011,78537,159662,768,8,3.09,65.0,Medium
U503312,57,Self-Employed,46241,20577,13487,233698,435877,1945969,163389,13284,2778933,3248,52764,27218,223052,458,6,5.01,45.0,Medium
U503313,44,Salaried,224344,142924,59370,832691,642296,7600922,3153214,83672,12229123,829506,305012,265828,992935,344,8,4.54,46.0,Medium
U503314,52,Self-Employed,60674,39123,7883,291282,450665,1144401,628220,18699,2514568,132079,29213,105210,344835,679,11,3.45,59.0,Medium
U503315,18,Student,10990,6566,4424,41187,6232,0,0,917,47419,1649,860,296,6961,773,3,0.36,52.0,Medium
U503316,55,Self-Employed,70628,48193,7067,301929,271152,1734208,34383,3133,2341672,84231,36009,38284,133898,549,6,2.76,40.0,Medium
U503317,57,Self-Employed,121785,72756,27501,183694,304311,1689783,195830,39318,2373618,257907,148465,246740,651065,827,3,1.62,56.0,Medium
U503318,51,Business,78750,58190,9482,49274,214328,2140825,756839,6779,3161266,302861,65126,202575,475546,646,4,3.35,49.0,Medium
U503319,39,Salaried,68758,49610,23290,14472,226595,1429311,888281,31291,2558659,203596,18378,28861,400574,572,4,3.1,50.0,Medium
U503320,34,Salaried,53520,24629,14573,286963,228976,886924,438180,2936,1841043,139982,16098,39949,204481,570,3,2.87,44.0,Medium
U503321,57,Self-Employed,78002,47183,16518,169254,388013,3679214,199536,37593,4436017,12359,35824,75701,331388,677,4,4.74,47.0,Medium
U503322,59,Salaried,157762,76712,40485,211370,803763,4187183,1173001,71022,6375317,219465,43829,57776,353029,527,7,3.37,46.0,Medium
U503323,28,Business,97944,43313,31065,325525,556231,3716613,566472,2036,5164841,116685,72708,77323,425298,479,9,4.39,52.0,Medium
U503324,38,Self-Employed,160404,103341,46527,948720,291809,5577531,1545395,46937,8363455,186203,88949,62341,940937,828,1,4.34,53.0,Medium
U503325,24,Salaried,231308,133940,44032,42663,15241,5552052,2904727,115352,8514683,175660,124293,193136,2764269,743,6,3.07,59.0,Medium
U503326,57,Salaried,188727,81153,59085,896996,1354880,4044043,3342881,63532,9638800,625330,468060,162518,1262980,319,4,4.26,42.0,Medium
U503327,52,Salaried,188624,117718,41010,455139,1679938,6950451,3110859,276,12196387,678448,45616,2081,1885715,767,8,5.39,64.0,Medium
U503328,22,Student,17150,9762,7388,98187,8766,0,0,2482,106953,21883,521,8373,29869,782,11,0.52,69.0,Medium
U503329,43,Self-Employed,249306,147718,61094,881562,682952,3634722,283414,56515,5482650,542679,139791,256406,966296,438,1,1.83,35.0,High
U503330,55,Self-Employed,210297,94922,63675,283263,1163580,1346581,538302,25228,3331726,213991,257405,201196,1305596,789,4,1.32,58.0,Medium
U503331,56,Self-Employed,22674,16344,4195,49105,202876,857676,303962,7853,1413619,3622,28542,13092,150432,429,2,5.2,35.0,High
U503332,41,Business,86039,52113,26940,94112,638318,3881107,685858,25700,5299395,75112,19273,4250,291330,413,5,5.13,40.0,Medium
U503333,22,Salaried,213674,87783,24200,186190,892611,4054236,2262839,34252,7395876,763577,396136,238578,952222,598,6,2.88,48.0,Medium
U503334,39,Salaried,232285,129476,33519,1154196,999327,6306270,2326422,103615,10786215,502113,357671,202597,1941563,788,9,3.87,63.0,Medium
U503335,40,Self-Employed,122029,88793,25220,208491,839594,1996994,1069305,25874,4114384,66719,69640,269502,1058243,471,8,2.81,50.0,Medium
U503336,28,Student,18972,12524,6448,97897,6348,0,0,3383,104245,2244,930,1472,3661,485,8,0.46,46.0,Medium
U503337,59,Self-Employed,118207,80896,38370,347052,415583,5055814,1992726,26514,7811175,156722,44042,117562,641268,403,5,5.51,43.0,Medium
U503338,35,Salaried,224546,100852,71134,195105,2093121,7277511,1597697,4208,11163434,235070,107605,47693,230230,642,9,4.14,55.0,Medium
U503339,31,Self-Employed,235578,171052,24854,774001,832930,823096,604274,86453,3034301,185857,64388,78340,291084,502,5,1.07,35.0,High
U503340,59,Business,121504,67573,20691,147606,1037300,3279945,1401065,20115,5865916,455544,212087,237901,589928,339,1,4.02,32.0,High
U503341,28,Self-Employed,135366,90361,26179,271457,763827,3644816,1864660,62016,6544760,461176,186560,233261,648401,495,9,4.03,52.0,Medium
U503342,30,Student,12519,7629,4890,60123,24338,0,0,790,84461,12022,4521,6791,13167,425,6,0.56,44.0,Medium
U503343,28,Salaried,231346,156137,55741,932496,898647,3150815,4120154,13321,9102112,606813,489486,252412,1256464,708,9,3.28,62.0,Medium
U503344,25,Student,19933,12336,7597,114337,13837,0,0,1187,128174,12889,1687,4983,23352,493,8,0.54,49.0,Medium
U503345,58,Business,52811,34967,15207,253055,319710,1281291,257544,7582,2111600,65674,56674,70312,288293,694,2,3.33,50.0,Medium
U503346,50,Salaried,163847,81851,45103,931844,1208928,3719199,2441459,47821,8301430,123949,86944,87119,616208,667,1,4.22,43.0,Medium
U503347,30,Salaried,200916,81635,40782,1123609,1238505,9469487,2608382,24579,14439983,51728,361617,285361,1825023,479,10,5.99,54.0,Medium
U503348,57,Business,175544,121040,35965,798115,1096909,1186104,608578,2356,3689706,313593,25054,187928,445578,643,0,1.75,38.0,High
U503349,25,Self-Employed,74724,47600,19131,182844,225906,1734644,1274161,2858,3417555,26041,56335,100066,876123,369,8,3.81,49.0,Medium
U503350,34,Salaried,50332,21534,14140,272035,100002,306941,222806,4696,901784,39134,17145,43180,594281,455,11,1.49,58.0,Medium
U503351,57,Salaried,216889,94234,29964,304776,193696,3573348,3806512,80959,7878332,811706,48575,360645,1200158,732,6,3.03,54.0,Medium
U503352,20,Student,9796,7248,2548,26419,19222,0,0,743,45641,6292,3510,3265,14227,718,5,0.39,49.0,Medium
U503353,19,Student,14582,11225,3357,96045,2831,0,0,1772,98876,22,85,177,623,823,5,0.57,50.0,Medium
U503354,23,Student,15986,12529,3457,35891,3462,0,0,269,39353,3879,1931,3184,8540,699,11,0.21,56.0,Medium
U503355,54,Business,115739,83859,35996,16077,1092561,5543275,1219443,53117,7871356,84392,120473,38350,504954,594,0,5.67,41.0,Medium
U503356,45,Business,226999,143051,36146,945160,757318,2493424,1382169,96530,5578071,313885,160280,35716,346527,658,0,2.05,36.0,High
U503357,33,Self-Employed,103106,64236,12280,237153,491350,1418854,707695,46382,2855052,449126,133527,239543,570624,368,3,2.31,36.0,High
U503358,32,Salaried,131167,70253,37550,347969,937190,3061548,1709364,36831,6056071,54192,108842,43284,451264,744,8,3.85,58.0,Medium
U503359,31,Business,157971,115970,50098,178609,1324364,3655950,1920363,46240,7079286,335185,124705,140524,246666,657,1,3.73,44.0,Medium
U503360,30,Salaried,173193,114732,31720,239463,580963,7366561,2455992,21221,10642979,96897,232246,61926,1612750,696,4,5.12,51.0,Medium
U503361,25,Salaried,56500,37776,7672,268073,273873,290976,260889,9352,1093811,168578,40556,95309,361758,541,3,1.61,42.0,Medium
U503362,37,Salaried,70406,49959,14252,215711,195229,2471143,988878,18448,3870961,267886,7401,187579,507163,313,11,4.58,50.0,Medium
U503363,48,Salaried,142005,86317,26565,52497,1280907,5529598,2179371,22871,9042373,193509,125368,113771,886107,323,0,5.31,28.0,High
U503364,48,Salaried,109937,63533,16480,654497,910335,3016862,1450053,17815,6031747,155617,64253,52447,138867,714,1,4.57,39.0,High
U503365,56,Salaried,125047,72670,27828,245022,916649,425213,501842,17448,2088726,512507,32711,24096,1002907,676,7,1.39,58.0,Medium
U503366,41,Salaried,243148,180657,60329,702583,2103199,9724951,196216,6048,12726949,565820,307964,120978,572727,372,8,4.36,43.0,Medium
U503367,27,Business,30334,14322,6990,116178,172966,1384583,289028,9498,1962755,54643,21920,22603,69942,422,5,5.39,38.0,High
U503368,24,Student,15019,11886,3133,10723,6948,0,0,1237,17671,2480,1336,902,8899,842,2,0.1,46.0,Medium
U503369,26,Student,5777,4196,1581,30646,3272,0,0,371,33918,3490,1003,902,5675,386,3,0.49,32.0,High
U503370,53,Salaried,60100,43585,7484,206519,518715,670358,309987,2752,1705579,31842,61965,2879,331997,710,11,2.36,58.0,Medium
U503371,34,Business,38530,18906,4993,113198,154300,394680,420526,8568,1082704,136099,51094,53212,110847,319,4,2.34,32.0,High
U503372,57,Business,125203,78188,21439,354048,1106537,4664307,1257112,35242,7382004,327378,207208,35893,776681,829,4,4.91,56.0,Medium
U503373,24,Student,8971,5901,3070,10478,3828,0,0,498,14306,8602,2769,425,18420,371,4,0.13,37.0,High
U503374,50,Salaried,183990,85845,40009,73689,413208,7024056,721760,32864,8232713,49898,104940,2409,596773,523,0,3.73,33.0,High
U503375,43,Salaried,102180,76229,12814,160843,704094,1741326,1595019,26741,4201282,27386,75051,103833,685179,461,4,3.43,37.0,High
U503376,23,Salaried,98017,65709,30278,163013,54850,3877851,894922,46952,4990636,490875,216488,227214,452321,565,1,4.24,48.0,Medium
U503377,24,Student,11180,7633,3547,14126,24531,0,0,393,38657,927,342,246,1130,797,6,0.29,54.0,Medium
U503378,43,Self-Employed,192038,109364,25297,322377,481149,6422841,2356563,14713,9582930,943396,273163,481781,857810,533,7,4.16,49.0,Medium
U503379,41,Self-Employed,35432,18882,4441,19928,126105,1084047,88727,6123,1318807,6643,365,23773,92471,509,2,3.1,32.0,High
U503380,52,Salaried,108794,58394,18199,332502,146468,3169499,1013132,4142,4661601,141785,275084,167256,957674,798,4,3.57,57.0,Medium
U503381,31,Salaried,242513,137307,65671,549102,2298191,2425336,3519326,117414,8791955,525701,42699,157646,628645,440,1,3.02,34.0,High
U503382,30,Salaried,229261,151311,66342,1176345,1261969,9325949,178763,100643,11943026,272513,8609,76288,502732,488,2,4.34,37.0,High
U503383,33,Salaried,61410,42752,19457,319339,319293,1180284,851430,13554,2670346,100833,38477,6228,142591,406,5,3.62,40.0,Medium
U503384,27,Business,218871,115745,27165,1048573,1316996,10439843,1981520,75706,14786932,93815,183649,59358,1039137,644,1,5.63,38.0,High
U503385,56,Self-Employed,243577,98244,28058,532437,512638,3869322,1749857,83750,6664254,923291,313804,200905,1645683,459,0,2.28,33.0,High
U503386,29,Self-Employed,238664,173437,39457,13215,144826,4665782,511308,31237,5335131,310387,77815,13331,430318,643,0,1.86,35.0,High
U503387,44,Self-Employed,214465,120858,74861,1277327,252470,8476968,3762590,16673,13769355,667202,459038,328641,1289383,657,10,5.35,67.0,Medium
U503388,58,Salaried,188258,103162,61808,305893,1687488,6149642,1424720,83740,9567743,278933,84929,111714,244849,460,7,4.24,45.0,Medium
U503389,21,Student,17398,13098,4300,80587,29504,0,0,1384,110091,10548,5061,4842,7906,404,1,0.53,28.0,High
U503390,22,Self-Employed,192718,77327,34301,56927,1017981,1789498,2315966,8514,5180372,308043,273393,179165,633882,403,9,2.24,44.0,Medium
U503391,35,Business,232430,105503,47459,994775,996326,7238949,1307706,48607,10537756,85458,19057,504771,2479977,571,11,3.78,60.0,Medium
U503392,28,Student,19241,15801,3440,58659,34111,0,0,2006,92770,691,3004,480,14194,801,3,0.4,45.0,Medium
U503393,43,Self-Employed,103150,50530,12763,109936,292769,53721,1290244,12331,1746670,41303,142370,37623,924924,436,11,1.41,50.0,Medium
U503394,33,Business,125348,93930,23838,72096,768655,5040569,118464,40246,5999784,43888,98916,138947,808564,712,0,3.99,43.0,Medium
U503395,47,Salaried,102619,44469,12410,491389,768516,411699,1371021,10169,3042625,21740,91316,52109,323881,446,1,2.47,28.0,High
U503396,49,Self-Employed,120421,66734,31789,99193,445440,658665,1873614,38365,3076912,392021,249178,271516,604416,707,10,2.13,66.0,Medium
U503397,31,Business,50801,33294,17233,289421,341685,2159336,329907,21352,3120349,46734,51113,10012,321489,519,7,5.12,52.0,Medium
U503398,41,Self-Employed,198394,114804,45642,511593,42207,8587339,142992,23630,9284131,113403,65588,65089,263757,567,11,3.9,52.0,Medium
U503399,27,Student,6301,4283,2018,21845,5461,0,0,336,27306,1543,275,256,4670,608,11,0.36,55.0,Medium
U503400,29,Student,13967,10815,3152,40697,15102,0,0,2445,55799,316,1015,244,35439,495,7,0.33,42.0,Medium
U503401,26,Self-Employed,141577,95392,47272,476900,1264489,1379323,1973483,54706,5094195,70625,86063,61214,279248,668,6,3.0,52.0,Medium
U503402,54,Salaried,203543,100816,33409,550006,1681694,8256530,942880,14452,11431110,203825,28580,29618,438714,303,11,4.68,39.0,High
U503403,28,Business,174251,95454,25954,912790,828592,3945631,1402367,83761,7089380,33408,231918,241856,901147,420,4,3.39,36.0,High
U503404,52,Salaried,66915,49964,9079,357027,337562,1856852,1090114,6959,3641555,41932,89609,143201,668084,663,2,4.54,47.0,Medium
U503405,58,Salaried,71540,43173,14294,307995,182716,278945,388746,17651,1158402,20419,18220,49206,190557,701,8,1.35,52.0,Medium
U503406,43,Business,69266,48969,13091,325456,612645,1479184,359780,25041,2777065,236115,60202,17917,580232,383,3,3.34,38.0,High
U503407,18,Student,9285,5605,3680,61683,20086,0,0,1501,81769,2613,4798,3459,19499,556,2,0.73,43.0,Medium
U503408,29,Student,8728,6246,2482,14797,19193,0,0,1697,33990,2137,1836,3645,11846,659,3,0.32,44.0,Medium
U503409,30,Self-Employed,192925,78567,33481,448759,834500,9043262,3346214,68390,13672735,284229,3453,142284,958580,583,3,5.91,41.0,Medium
U503410,26,Salaried,109056,60760,20299,638564,854539,4254884,227723,3504,5975710,217703,147286,136909,386152,507,2,4.57,38.0,High
U503411,35,Business,239431,114188,28796,1169856,1697072,5035629,856093,59881,8758650,835517,260389,13479,1104046,483,11,3.05,50.0,Medium
U503412,27,Self-Employed,196788,130479,25705,153437,1377264,1146142,1715811,28054,4392654,146391,90705,252007,1318602,456,10,1.86,48.0,Medium
U503413,28,Student,7471,6241,1230,44211,3157,0,0,479,47368,67,89,90,599,578,11,0.53,48.0,Medium
U503414,26,Salaried,122022,90055,37409,550515,103607,3186751,813914,6076,4654787,467696,50868,234231,516060,497,4,3.18,47.0,Medium
U503415,28,Student,10563,8145,2418,19488,12978,0,0,2044,32466,4520,2686,1142,11007,730,11,0.26,58.0,Medium
U503416,44,Salaried,38441,16420,9938,184396,173844,1730947,77698,18301,2166885,49708,28968,41312,392721,836,9,4.7,70.0,Low
U503417,54,Salaried,205622,97695,28196,271495,1130135,9699656,934912,29373,12036198,670831,24702,391060,1165594,420,5,4.88,40.0,Medium
U503418,57,Self-Employed,82404,41374,8881,388911,250176,1742825,1473896,37623,3855808,199473,185359,207630,559434,475,10,3.9,52.0,Medium
U503419,48,Salaried,184176,78272,39636,124082,495570,4229614,2782499,44104,7631765,148877,46630,38871,280039,385,3,3.45,31.0,High
U503420,18,Student,18492,10056,8436,45987,43120,0,0,444,89107,7778,4906,5622,43232,539,11,0.4,59.0,Medium
U503421,32,Self-Employed,200141,101910,31442,831173,1220468,3736199,2920001,19250,8707841,706294,176694,382834,1401507,396,6,3.63,43.0,Medium
U503422,39,Self-Employed,240777,120843,76138,700122,646887,4554479,1623324,103753,7524812,226488,15942,62872,1666092,653,10,2.6,61.0,Medium
U503423,47,Self-Employed,83015,47991,14105,300551,551002,1139930,420586,36390,2412069,45418,40439,51364,437492,446,0,2.42,30.0,High
U503424,46,Self-Employed,190078,126504,56373,582727,1617895,6828794,2080997,9442,11110413,349322,153518,247623,514732,626,6,4.87,52.0,Medium
U503425,26,Student,8263,5647,2616,35122,10043,0,0,191,45165,1502,2435,1888,11586,538,3,0.46,40.0,Medium
U503426,38,Self-Employed,177840,127675,20901,709616,1266610,2751284,2049928,36621,6777438,396876,38900,199360,986971,810,11,3.18,63.0,Medium
U503427,33,Salaried,54492,24399,9306,65518,291643,1083489,116731,3827,1557381,127173,40604,42961,300055,390,6,2.38,40.0,Medium
U503428,25,Student,13701,11367,2334,43923,32055,0,0,1741,75978,3195,5468,7218,30999,537,4,0.46,38.0,High
U503429,51,Self-Employed,51235,34095,6481,289694,118138,2100950,559411,12861,3068193,112563,28029,43729,190351,775,5,4.99,51.0,Medium
U503430,52,Self-Employed,214476,86187,31938,489649,1900570,2440215,1008345,11265,5838779,126745,111024,89595,228564,702,1,2.27,38.0,High
U503431,57,Salaried,224970,134727,60974,457306,1361314,1034443,2219441,68290,5072504,310735,54175,164507,388401,704,5,1.88,50.0,Medium
U503432,41,Salaried,101400,47169,14166,220081,832560,3810962,1048435,44439,5912038,21029,40711,47149,1227605,818,3,4.86,55.0,Medium
U503433,30,Student,15402,12220,3182,71535,25609,0,0,2544,97144,9243,5358,4842,8721,810,9,0.53,57.0,Medium
U503434,50,Salaried,230833,122091,42035,1063817,1037910,9782555,1589391,19655,13473673,1019592,394853,395416,1493050,384,5,4.86,42.0,Medium
U503435,29,Salaried,179032,94063,32426,427037,1709796,2904220,2610863,25276,7651916,48901,93843,60406,833311,526,1,3.56,34.0,High
U503436,39,Business,92064,57107,26375,8112,327063,2267830,1252968,31378,3855973,60378,93953,24862,370548,553,8,3.49,51.0,Medium
U503437,53,Salaried,40716,23194,9646,207264,138324,1752279,73896,17241,2171763,38667,43378,10219,153100,567,3,4.44,42.0,Medium
U503438,23,Self-Employed,135871,84275,47521,104353,569752,6297640,1513663,32798,8485408,325471,18237,27983,609382,697,2,5.2,50.0,Medium
U503439,41,Business,215680,97433,24056,684526,375820,5933337,1947370,10508,8941053,179683,304422,31819,1043048,485,6,3.45,40.0,Medium
U503440,51,Salaried,131429,93273,41131,84450,1114163,825810,761424,24235,2785847,23515,58855,196366,983090,768,2,1.77,54.0,Medium
U503441,24,Student,16597,9090,7507,100632,19259,0,0,620,119891,12773,3329,4165,17162,670,3,0.6,50.0,Medium
U503442,41,Self-Employed,225879,125725,48157,363145,391896,2437165,1361097,76887,4553303,833546,362762,207829,910134,831,5,1.68,59.0,Medium
U503443,46,Salaried,170551,103407,52983,623475,1558561,4546702,1180793,62487,7909531,676923,382705,253097,674329,459,0,3.86,39.0,High
U503444,41,Salaried,108601,56997,18668,332571,838481,655812,545982,42082,2372846,170379,86418,10789,262687,368,8,1.82,39.0,High
U503445,24,Self-Employed,99553,73002,22549,86115,304467,3692835,1432080,40018,5515497,70364,82054,77428,315720,775,10,4.62,61.0,Medium
U503446,37,Salaried,138610,101981,31055,100533,993414,3449122,806610,9943,5349679,134316,344927,214290,1085647,561,8,3.22,55.0,Medium
U503447,22,Salaried,124807,59295,38238,706902,47807,1659114,772058,20263,3185881,18452,14090,148406,951061,784,9,2.13,66.0,Medium
U503448,19,Student,11956,6105,5851,71469,22283,0,0,2339,93752,2098,757,59,6816,613,7,0.65,55.0,Medium
U503449,54,Salaried,189525,91309,57805,818735,387257,5174211,1723196,90758,8103399,13625,59877,18944,464042,441,8,3.56,45.0,Medium
U503450,57,Self-Employed,239628,147952,67398,845204,115453,5507998,2135392,14759,8604047,292201,167140,63653,441044,686,9,2.99,56.0,Medium
U503451,42,Salaried,183353,117049,49869,737937,598143,7603528,1186455,26200,10126063,331684,68300,93015,950408,782,1,4.6,50.0,Medium
U503452,22,Self-Employed,233308,152415,35682,1227380,569653,2418779,2485908,15114,6701720,211433,88208,199475,839726,735,8,2.39,54.0,Medium
U503453,18,Student,15156,9374,5782,101125,5173,0,0,2300,106298,184,209,455,4405,343,10,0.58,44.0,Medium
U503454,28,Salaried,180606,87559,44768,706148,892982,3833262,897229,19517,6329621,37888,84287,41756,393255,835,2,2.92,49.0,Medium
U503455,18,Student,10913,6059,4854,22228,3823,0,0,1869,26051,7581,2755,2483,7100,349,8,0.2,45.0,Medium
U503456,45,Salaried,64023,45532,6709,140162,147150,1430897,53320,8476,1771529,207243,88755,166127,371147,749,5,2.31,54.0,Medium
U503457,21,Student,8442,4860,3582,39912,13787,0,0,784,53699,5306,304,1496,17472,840,7,0.53,64.0,Medium
U503458,23,Business,50570,22194,10534,179384,33863,1304784,473599,8037,1991630,101341,46644,59532,414180,611,11,3.28,61.0,Medium
U503459,48,Salaried,66436,48888,22867,219293,67969,450499,813877,1823,1551638,83213,4229,30294,136276,804,3,1.95,53.0,Medium
U503460,32,Self-Employed,167645,82885,31383,13475,877791,7097371,2334313,38486,10322950,548792,415204,34923,1363034,426,2,5.13,39.0,High
U503461,28,Student,6938,4822,2116,49295,11962,0,0,1298,61257,1739,685,1334,3582,499,10,0.74,49.0,Medium
U503462,25,Salaried,36027,20097,5830,148828,264389,1404196,604744,1513,2422157,133177,94022,60269,229217,326,4,5.6,38.0,High
U503463,51,Self-Employed,32422,17428,6778,193727,8939,456854,300205,4678,959725,26145,63231,19667,279082,528,5,2.47,47.0,Medium
U503464,51,Salaried,113653,59281,14076,602308,1088202,3266400,1285136,3796,6242046,73416,19444,23194,188484,303,4,4.58,26.0,High
U503465,28,Student,5034,4111,923,27655,6387,0,0,643,34042,776,1033,644,2794,329,0,0.56,21.0,High
U503466,58,Salaried,123023,77153,26216,39810,276972,366498,751424,5452,1434704,70616,80594,8756,804883,813,9,0.97,62.0,Medium
U503467,42,Business,109073,62410,30020,180951,219313,56541,1219824,45144,1676629,191067,70833,35109,263676,543,6,1.28,46.0,Medium
U503468,25,Business,119906,57955,40612,654873,266645,2485011,1627387,30821,5033916,263838,70413,100351,448315,694,10,3.5,63.0,Medium
U503469,46,Business,120444,79879,35911,609034,1117677,680476,1461923,46753,3869110,152157,50274,67406,483240,515,0,2.68,37.0,High
U503470,31,Salaried,111489,58430,25494,117689,805995,4218692,926756,25777,6069132,138364,80418,41092,558860,724,11,4.54,62.0,Medium
U503471,28,Student,10864,9045,1819,2447,24895,0,0,884,27342,3219,522,504,7080,605,10,0.21,48.0,Medium
U503472,56,Salaried,207905,141309,63484,482820,1362665,9762285,751209,89284,12358979,167062,523911,19783,2206495,798,11,4.95,74.0,Low
U503473,42,Salaried,23707,17462,8118,127659,102271,1051805,60279,6862,1342014,88763,29994,33195,187910,670,0,4.72,52.0,Medium
U503474,41,Self-Employed,195438,129754,64808,291175,1423164,2329624,2375586,10011,6419549,486450,297631,346255,1572069,434,3,2.74,46.0,Medium
U503475,40,Salaried,195736,134961,25573,1164890,299861,6817353,1478838,91734,9760942,315895,142239,100724,538931,533,7,4.16,43.0,Medium
U503476,36,Self-Employed,173082,73598,23000,39986,1004923,7894582,1099250,3986,10038741,43055,910,52312,387579,320,11,4.83,38.0,High
U503477,27,Student,10781,9132,1649,67105,15685,0,0,1579,82790,3114,4374,1873,15455,800,5,0.64,49.0,Medium
U503478,46,Salaried,112231,52219,35940,463928,17741,1021160,1020754,38543,2523583,297178,122067,41492,371445,626,10,1.87,60.0,Medium
U503479,39,Salaried,125605,70471,37667,562051,920259,5005127,253597,54198,6741034,383653,248289,299432,629283,712,7,4.47,62.0,Medium
U503480,42,Business,170510,124243,18904,484001,732492,5469180,1976195,30195,8661868,242125,5395,24540,1444763,761,3,4.23,49.0,Medium
U503481,51,Salaried,47991,21293,12498,49372,104161,1031564,76785,19308,1261882,80446,27123,45126,442004,773,1,2.19,53.0,Medium
U503482,55,Self-Employed,149003,66107,29200,14855,1153221,6069497,924709,24550,8162282,561999,10205,27585,936265,819,2,4.56,53.0,Medium
U503483,26,Self-Employed,244229,175863,76359,469367,810162,5347325,2524583,56265,9151437,754605,283803,154409,1086901,455,2,3.12,41.0,Medium
U503484,23,Salaried,244779,150389,39867,230797,666858,9420669,3770131,65481,14088455,652900,271728,242879,637759,843,8,4.8,60.0,Medium
U503485,55,Salaried,49621,28006,12031,156658,170557,2190511,605193,3987,3122919,145486,43578,80202,273344,637,8,5.24,57.0,Medium
U503486,22,Student,11789,9691,2098,20069,7333,0,0,468,27402,120,2179,1810,16157,480,4,0.19,34.0,High
U503487,44,Business,238813,103681,36805,502972,1396002,7201782,2268485,103268,11369241,461809,15718,11891,1325318,398,9,3.97,43.0,Medium
U503488,56,Self-Employed,126968,80241,18174,324387,1178020,1843736,60060,40583,3406203,243654,149233,131627,1109905,509,10,2.24,53.0,Medium
U503489,20,Student,16138,10259,5879,73006,5235,0,0,1971,78241,6112,1212,1558,9124,725,7,0.4,55.0,Medium
U503490,59,Salaried,70798,41627,12128,156070,204620,3362892,1145983,26944,4869565,12473,22110,20681,242924,462,3,5.73,34.0,High
U503491,51,Self-Employed,195142,111676,66973,424487,1252271,4757381,822364,61430,7256503,731821,490409,412521,918400,537,11,3.1,63.0,Medium
U503492,38,Business,20090,11464,4888,3075,178239,252919,351126,2518,785359,76062,11968,3146,158790,672,3,3.26,52.0,Medium
U503493,19,Student,10035,7482,2553,71801,18244,0,0,1634,90045,7558,434,459,23682,589,2,0.75,39.0,High
U503494,50,Self-Employed,168178,88463,41705,713752,639674,306208,2392812,2896,4052446,338194,132507,173111,507073,595,9,2.01,54.0,Medium
U503495,40,Salaried,79472,47666,8425,245197,212248,673618,1422031,33671,2553094,13082,138514,23260,641571,828,11,2.68,65.0,Medium
U503496,45,Self-Employed,103817,43717,29722,334697,668283,696846,1481929,37088,3181755,180461,257553,35987,937670,395,2,2.55,41.0,Medium
U503497,27,Self-Employed,233459,119092,23908,976473,1119040,7995081,2150985,16169,12241579,364364,89116,382720,1776524,425,4,4.37,37.0,High
U503498,20,Student,18123,11946,6177,96297,17070,0,0,157,113367,4877,465,6734,43272,759,2,0.52,49.0,Medium
U503499,29,Student,11861,7583,4278,45479,7820,0,0,26,53299,327,974,2486,9256,723,8,0.37,57.0,Medium
U503500,29,Self-Employed,216150,113261,30944,1262257,24196,9484176,1444903,71026,12215532,216948,167551,120594,603402,679,6,4.71,47.0,Medium
U503501,27,Self-Employed,248895,175770,42804,311189,868520,3973504,2544069,120725,7697282,372673,98131,41461,1562602,520,8,2.58,48.0,Medium
U503502,26,Self-Employed,92614,44291,27797,512362,201064,3483859,1559168,39175,5756453,307631,54067,169454,745012,327,6,5.18,45.0,Medium
U503503,43,Self-Employed,118364,67093,27311,108132,363730,2689031,613742,10935,3774635,535447,90851,142234,920142,465,5,2.66,47.0,Medium
U503504,44,Business,127327,67680,33219,485986,568952,6092285,1814857,877,8962080,92223,182585,176348,629229,831,9,5.87,65.0,Medium
U503505,28,Student,15620,11040,4580,13945,12905,0,0,1919,26850,9072,3271,1997,12250,320,10,0.14,42.0,Medium
U503506,39,Salaried,61058,42682,11665,95735,248282,1041653,408382,17452,1794052,20450,80015,16738,465454,419,3,2.45,37.0,High
U503507,33,Salaried,81673,44344,20768,252851,196919,3877901,1313127,34089,5640798,382129,167857,85287,504337,380,0,5.76,36.0,High
U503508,34,Salaried,158432,114670,25319,175574,629501,1086562,728352,4297,2619989,183417,106993,193811,792345,430,6,1.38,40.0,Medium
U503509,36,Salaried,25378,16915,2922,86548,145823,657273,147667,12086,1037311,30746,4769,7332,87491,762,7,3.41,51.0,Medium
U503510,34,Salaried,111345,48565,20977,37201,853436,1781379,1561993,27154,4234009,132633,102221,1394,719052,341,1,3.17,29.0,High
U503511,28,Student,14927,11937,2990,103,27124,0,0,1751,27227,932,623,203,11828,777,4,0.15,46.0,Medium
U503512,57,Self-Employed,201468,94967,23693,463577,1625572,1265034,2129049,84206,5483232,123654,95157,24578,1200027,364,8,2.27,38.0,High
U503513,43,Salaried,24436,15500,3456,31539,226836,199858,298509,9333,756742,65124,463,23645,219022,503,7,2.58,48.0,Medium
U503514,36,Salaried,200655,80997,67041,1090167,632344,3846327,3043566,75563,8612404,175372,290437,379148,1339730,429,5,3.58,47.0,Medium
U503515,25,Business,218357,132611,23452,296553,120955,4210711,3275496,13089,7903715,559329,73969,93758,1880753,680,1,3.02,43.0,Medium
U503516,30,Student,9770,6458,3312,35840,17070,0,0,489,52910,7762,1519,2,21861,670,1,0.45,44.0,Medium
U503517,41,Salaried,217588,119117,67950,557358,1662235,961921,785710,79284,3967224,410185,194171,39143,919811,375,8,1.52,46.0,Medium
U503518,51,Salaried,34836,20089,4087,42613,177378,1399041,414710,12119,2033742,69023,9588,26511,133177,601,0,4.87,35.0,High
U503519,52,Self-Employed,202072,98241,63777,664906,1610873,5266421,113659,27936,7655859,36731,9722,33977,447836,538,2,3.16,39.0,High
U503520,55,Self-Employed,73063,41638,15668,283677,173812,3179997,283039,25429,3920525,26696,176108,94035,623079,648,10,4.47,61.0,Medium
U503521,44,Salaried,86777,49059,23675,328181,486653,2734291,1193124,24089,4742249,18585,73341,102064,323370,676,1,4.55,44.0,Medium
U503522,33,Business,65480,43960,13378,384839,212242,2674791,585896,13895,3857768,129066,95968,2401,513274,485,10,4.91,53.0,Medium
U503523,38,Salaried,87721,55758,10465,274537,832955,3332157,65860,29927,4505509,175839,56725,24576,530405,388,5,4.28,36.0,High
U503524,27,Student,14816,12454,2362,100470,4900,0,0,1389,105370,14483,7827,2704,15867,781,2,0.59,43.0,Medium
U503525,48,Salaried,107592,60690,22300,163051,910634,5100560,1929884,6035,8104129,181418,5749,6079,280492,816,5,6.28,53.0,Medium
U503526,51,Self-Employed,57817,41588,16499,29370,336757,1589184,998225,27043,2953536,81922,14060,41470,516647,407,0,4.26,36.0,High
U503527,29,Student,19850,10000,9850,49080,38405,0,0,2779,87485,8536,1562,2813,13127,845,7,0.37,65.0,Medium
U503528,38,Business,80546,53550,12185,328368,324962,3489641,319434,28649,4462405,66894,127035,63465,394378,366,3,4.62,32.0,High
U503529,49,Salaried,198789,123449,59961,1146975,460163,5647211,285004,45667,7539353,319160,3009,198170,1531503,492,11,3.16,58.0,Medium
U503530,24,Salaried,163527,117709,41727,349933,1368572,1232691,2541903,50930,5493099,4102,63534,75858,668249,806,2,2.8,50.0,Medium
U503531,18,Student,7409,6227,1182,43782,7654,0,0,250,51436,117,486,160,1746,737,7,0.58,48.0,Medium
U503532,41,Self-Employed,108279,74712,16392,72518,204582,1406662,439888,29365,2123650,91920,81885,41320,1277907,733,9,1.63,62.0,Medium
U503533,55,Self-Employed,226947,101174,37657,1286963,283991,6494645,286589,73259,8352188,537084,7766,133678,888930,534,10,3.07,50.0,Medium
U503534,29,Student,13435,10981,2454,73579,22151,0,0,697,95730,1391,3579,1334,12741,456,10,0.59,43.0,Medium
U503535,23,Salaried,105418,67828,21550,367101,584831,894753,1532127,18815,3378812,24251,153501,21324,1308724,417,4,2.67,43.0,Medium
U503536,41,Salaried,24899,12111,3230,95669,104329,927988,434464,9316,1562450,92067,24997,9076,136751,594,6,5.23,48.0,Medium
U503537,37,Self-Employed,219440,149066,24677,707715,200350,6037122,523123,62165,7468310,1018329,78831,29021,2008976,456,0,2.84,35.0,High
U503538,41,Salaried,59283,36447,16660,226221,4185,497226,354353,11125,1081985,21758,56797,27739,238376,350,7,1.52,41.0,Medium
U503539,24,Self-Employed,144095,80933,34655,114049,1198213,3194031,1833545,66619,6339838,124722,270050,252988,715238,647,8,3.67,56.0,Medium
U503540,47,Salaried,172024,121386,42365,238759,550442,3865530,1412579,8972,6067310,621511,10407,86464,1098300,531,10,2.94,56.0,Medium
U503541,24,Salaried,67044,31282,19067,226643,436792,3029287,792684,270,4485406,156946,22799,48816,490221,848,10,5.58,70.0,Low
U503542,36,Salaried,133504,74343,17050,271674,344348,5099236,1336670,54921,7051928,13312,123527,78462,536629,657,10,4.4,53.0,Medium
U503543,34,Business,157566,76779,46383,682890,54228,2945324,211946,68509,3894388,824370,273513,174259,823858,720,5,2.06,59.0,Medium
U503544,54,Business,90248,52722,9953,472050,140236,1588635,1516007,32440,3716928,13446,40650,48195,177581,465,3,3.43,31.0,High
U503545,26,Student,5055,4107,948,18351,2459,0,0,494,20810,331,2540,49,10211,374,3,0.34,29.0,High
U503546,35,Salaried,66948,32574,21450,25790,583207,2628898,196398,32271,3434293,103900,11984,25733,128112,496,2,4.27,38.0,High
U503547,51,Self-Employed,125239,53900,34145,408905,1085573,2348294,543862,13654,4386634,143156,31197,81312,647464,758,5,2.92,55.0,Medium
U503548,24,Student,19946,16251,3695,124616,11891,0,0,2088,136507,5100,70,77,9301,548,8,0.57,43.0,Medium
U503549,39,Self-Employed,22254,12047,2855,77885,206743,413877,195213,7328,893718,7206,4480,16057,54550,815,9,3.35,56.0,Medium
U503550,20,Student,13196,9741,3455,6047,17380,0,0,1907,23427,6436,6575,4164,25367,810,9,0.15,60.0,Medium
U503551,54,Salaried,142316,78600,24531,809398,949166,5543624,911862,14218,8214050,167972,42848,67258,677555,511,8,4.81,46.0,Medium
U503552,28,Student,11264,9247,2017,15152,4571,0,0,1052,19723,553,1615,1525,5595,322,8,0.15,34.0,High
U503553,41,Salaried,177725,93216,27086,360198,664783,5309460,310044,53956,6644485,203582,339665,216590,1310343,624,10,3.12,57.0,Medium
U503554,52,Salaried,227768,122249,77123,961013,721178,419485,1636531,108314,3738207,324786,150692,212630,387608,358,10,1.37,47.0,Medium
U503555,24,Student,6305,3292,3013,2908,6369,0,0,996,9277,1848,262,1066,2172,482,1,0.12,39.0,High
U503556,31,Business,128956,66112,37565,413946,348705,2111770,553302,8097,3427723,618389,214229,15777,770796,544,2,2.22,46.0,Medium
U503557,32,Self-Employed,116839,84407,34079,554921,72410,3544756,1107183,49513,5279270,88443,1715,4986,369361,833,11,3.77,66.0,Medium
U503558,51,Salaried,153915,101233,19615,499016,1254318,3091464,29234,67682,4874032,3702,88577,52872,372396,725,2,2.64,40.0,Medium
U503559,53,Salaried,27325,20417,3602,123727,6283,990548,13738,7133,1134296,129055,43449,14813,159858,815,1,3.46,50.0,Medium
U503560,35,Salaried,165664,97949,57802,846126,873670,379380,1639192,76155,3738368,126323,20580,61627,359133,320,7,1.88,40.0,Medium
U503561,48,Salaried,72620,34476,13689,12231,279601,3391797,869952,2763,4553581,16334,5541,3572,156274,556,8,5.23,45.0,Medium
U503562,53,Business,246752,100975,70034,683114,1491364,8032317,1644333,3911,11851128,418912,134847,86907,555818,312,8,4.0,40.0,Medium
U503563,39,Self-Employed,115385,74568,16283,347719,993875,474089,582055,5196,2397738,20169,65656,17060,367011,663,8,1.73,49.0,Medium
U503564,32,Self-Employed,222032,105785,42643,924920,884572,9099419,3765421,97473,14674332,304690,32891,163962,601991,383,4,5.51,33.0,High
U503565,28,Student,14017,8298,5719,96044,19807,0,0,93,115851,6034,22,2175,8330,643,0,0.69,42.0,Medium
U503566,19,Student,17215,14569,2646,113939,25714,0,0,1735,139653,10440,7689,611,37462,561,2,0.68,35.0,High
U503567,30,Student,15923,12486,3437,106552,15729,0,0,491,122281,3950,2715,1067,10675,396,1,0.64,26.0,High
U503568,42,Self-Employed,125768,90127,30543,701311,19129,4736260,1413627,19366,6870327,443963,85694,185577,420991,769,8,4.55,61.0,Medium
U503569,25,Salaried,183615,83076,26238,314212,915265,6644905,651037,19623,8525419,288996,359741,269009,959166,613,2,3.87,42.0,Medium
U503570,40,Salaried,177057,99828,59124,395334,405605,603849,1526679,51468,2931467,74575,42748,59615,271534,566,10,1.38,54.0,Medium
U503571,35,Salaried,103325,67258,28445,353216,94047,1980872,931176,11980,3359311,327906,2580,169958,956284,352,9,2.71,51.0,Medium
U503572,58,Business,192123,127067,52204,92784,1649342,75774,1453058,48790,3270958,427701,122255,193765,1155547,527,2,1.42,43.0,Medium
U503573,38,Salaried,218655,111414,22104,398103,791411,3368123,1826911,19008,6384548,741149,385145,473711,1193234,682,11,2.43,61.0,Medium
U503574,41,Business,76161,38201,16423,5967,484834,495677,37997,17439,1024475,58740,45335,4759,194284,496,0,1.12,31.0,High
U503575,42,Salaried,149356,108720,25819,180324,913189,1403627,1671102,51707,4168242,560116,232474,108984,723729,515,5,2.33,45.0,Medium
U503576,28,Business,219967,115855,42117,38219,759631,7802467,2198188,50987,10798505,299579,76414,18019,499289,656,11,4.09,55.0,Medium
U503577,42,Business,111298,60969,28250,498035,74959,415706,1872504,17834,2861204,357970,76421,173895,348278,507,0,2.14,37.0,High
U503578,29,Self-Employed,59299,43145,15703,308283,533791,1988212,273954,18503,3104240,17972,111605,142051,499596,811,0,4.36,54.0,Medium
U503579,56,Self-Employed,170208,84979,55245,385670,487792,4623939,1340591,76759,6837992,82783,96693,125691,1161812,631,6,3.35,55.0,Medium
U503580,52,Salaried,67285,43200,22784,336023,251583,2460182,661334,24690,3709122,288183,27642,55584,540885,529,2,4.59,48.0,Medium
U503581,54,Self-Employed,156848,78366,16077,894470,1407330,943156,2508966,25880,5753922,29559,14464,71866,458231,566,4,3.06,37.0,High
U503582,26,Student,17088,10130,6958,58304,12939,0,0,2540,71243,942,14,315,3323,585,10,0.35,55.0,Medium
U503583,26,Student,12012,9135,2877,6359,6297,0,0,2100,12656,224,256,212,1766,499,10,0.09,46.0,Medium
U503584,19,Student,18554,14977,3577,99994,17006,0,0,113,117000,2249,2728,34,11989,706,8,0.53,50.0,Medium
U503585,36,Self-Employed,172720,72933,17555,158212,611392,6108919,1557934,4884,8436457,276173,174878,46711,623018,794,8,4.07,55.0,Medium
U503586,22,Salaried,93174,67553,30676,30450,271855,1664379,441108,17068,2407792,102554,36654,28377,309195,323,10,2.15,46.0,Medium
U503587,37,Salaried,178438,119275,36691,433105,1589139,7929289,20589,62389,9972122,573453,384070,399905,943112,619,8,4.66,57.0,Medium
U503588,50,Salaried,31421,22033,10688,82655,94734,105816,414725,4231,697930,7504,8373,14771,56906,402,0,1.85,31.0,High
U503589,44,Self-Employed,228773,149393,51471,840525,236335,300225,3059209,101811,4436294,458041,4217,48623,780581,480,0,1.62,32.0,High
U503590,19,Student,16783,11939,4844,38207,25049,0,0,1112,63256,14440,2835,1790,25200,675,4,0.31,47.0,Medium
U503591,43,Salaried,177446,75460,37512,436904,572259,5614229,97749,63253,6721141,6291,191324,142830,622491,571,4,3.16,42.0,Medium
U503592,41,Salaried,176535,78372,44843,134597,1203539,3311175,2504179,51062,7153490,8913,11493,194499,829159,329,1,3.38,29.0,High
U503593,40,Salaried,115107,62594,18680,296190,284896,557270,497580,3847,1635936,119421,21594,46817,195084,328,3,1.18,27.0,High
U503594,25,Salaried,171608,73090,43320,148797,464144,4145264,114458,7587,4872663,319393,275938,181085,749114,645,1,2.37,44.0,Medium
U503595,19,Student,8258,5783,2475,39273,9296,0,0,810,48569,2975,1522,830,2970,665,6,0.49,49.0,Medium
U503596,44,Salaried,38642,25936,10930,45395,199544,1526829,540966,16375,2312734,16011,20294,50288,215228,471,11,4.99,54.0,Medium
U503597,58,Salaried,29296,17882,8195,18762,262014,180116,237231,3075,698123,57052,44045,62767,163935,377,2,1.99,38.0,High
U503598,37,Business,88890,36626,19784,142823,411118,2715950,696848,3862,3966739,21661,6319,81489,334125,569,10,3.72,52.0,Medium
U503599,30,Self-Employed,235629,156288,43201,344205,450794,7976603,2041358,30330,10812960,287119,36736,113435,1543908,592,0,3.82,38.0,High
U503600,54,Salaried,208804,118147,71127,1037656,1584154,6634791,943679,13295,10200280,474079,215803,100355,620137,716,3,4.07,52.0,Medium
U503601,19,Student,12587,10246,2341,37883,10039,0,0,98,47922,1223,1868,2281,6177,823,7,0.32,53.0,Medium
U503602,52,Self-Employed,35675,24116,5355,81534,338902,663444,143955,3999,1227835,6516,37944,47390,310172,374,8,2.87,43.0,Medium
U503603,40,Salaried,215100,135507,46107,107012,24794,1970832,2731716,75322,4834354,395263,282067,276791,506259,406,7,1.87,42.0,Medium
U503604,43,Business,103659,76184,12731,30477,507319,4699417,755963,21403,5993176,342285,170018,70857,316128,492,5,4.82,40.0,Medium
U503605,28,Salaried,83444,50559,28145,151001,684824,2881481,574745,25700,4292051,22411,76577,46245,279339,671,5,4.29,52.0,Medium
U503606,28,Salaried,30188,22421,8861,88570,253362,1246641,493727,8917,2082300,26014,44906,48783,125548,770,2,5.75,52.0,Medium
U503607,50,Salaried,166444,87441,16720,108209,211776,1569387,274526,49488,2163898,43815,146184,11265,1205305,713,8,1.08,53.0,Medium
U503608,28,Student,16509,12064,4445,102130,16729,0,0,453,118859,1412,553,718,1271,720,3,0.6,44.0,Medium
U503609,30,Student,10572,7883,2689,5595,23512,0,0,1940,29107,8865,362,7,17916,369,8,0.23,40.0,Medium
U503610,46,Business,160050,69979,30270,860089,485935,7130611,2511246,2566,10987881,17348,47275,39351,370318,843,0,5.72,44.0,Medium
U503611,39,Business,38347,16508,10705,42633,303183,572540,49794,3239,968150,71462,38943,1901,129126,475,9,2.1,50.0,Medium
U503612,35,Self-Employed,183024,127735,58205,1075431,433289,601793,1496308,28904,3606821,265759,299544,300146,787747,787,2,1.64,54.0,Medium
U503613,59,Self-Employed,189112,115198,31187,94361,1503538,6594168,451966,87866,8644033,109252,132548,47855,711965,373,3,3.81,31.0,High
U503614,37,Salaried,93429,48345,16378,426238,216690,4340222,995044,6768,5978194,360077,200704,27038,563801,803,8,5.33,63.0,Medium
U503615,30,Student,19447,14443,5004,45251,10389,0,0,3362,55640,13541,3319,4920,13059,769,7,0.24,54.0,Medium
U503616,21,Student,9989,7744,2245,21512,10759,0,0,389,32271,10505,1970,3381,12490,517,2,0.27,35.0,High
U503617,32,Self-Employed,116716,86231,17500,559286,1033556,3966789,1857714,39746,7417345,104867,65952,83090,231629,812,7,5.3,54.0,Medium
U503618,24,Salaried,56938,34950,6972,101599,228713,1021052,794550,9746,2145914,230220,113274,4343,464845,700,9,3.14,60.0,Medium
U503619,26,Business,194108,143186,28237,937431,1737789,6057311,1501414,73048,10233945,167711,118126,141159,299373,456,1,4.39,29.0,High
U503620,22,Student,19556,10662,8894,42879,46270,0,0,2876,89149,101,38,46,305,379,8,0.38,45.0,Medium
U503621,43,Business,198956,145576,60871,1044917,1583838,44051,2141863,23349,4814669,39867,235027,401322,1981877,471,5,2.02,50.0,Medium
U503622,46,Self-Employed,224062,115869,70989,1277727,1946606,5707388,3065,1574,8934786,172873,42916,36267,613407,308,10,3.32,44.0,Medium
U503623,39,Business,130041,96565,35987,338646,1044266,1354241,197790,62725,2934943,115434,8353,76005,216240,394,6,1.88,39.0,High
U503624,25,Student,10824,8516,2308,871,22487,0,0,883,23358,1198,976,2386,17853,648,2,0.18,39.0,High
U503625,26,Self-Employed,200008,144690,34162,12165,1859686,4446217,1424856,91204,7742924,51672,94416,28989,358308,383,9,3.23,39.0,High
U503626,48,Business,111288,66592,15590,267500,998318,3282616,1307756,20155,5856190,91662,27077,58126,342993,606,9,4.39,49.0,Medium
U503627,52,Business,87407,59865,9518,298154,778256,1707252,448132,16048,3231794,376715,90646,134776,448815,597,1,3.08,40.0,Medium
U503628,57,Self-Employed,20428,10423,5930,99100,99130,896756,5644,5332,1100630,47683,7288,17041,151531,395,8,4.49,49.0,Medium
U503629,23,Salaried,164649,119979,45951,301714,797939,926000,1353947,75130,3379600,234483,232853,184638,635467,760,8,1.71,61.0,Medium
U503630,45,Business,32284,22480,10718,127971,59,415713,234242,1855,777985,63545,43677,33071,124722,324,5,2.01,40.0,Medium
U503631,29,Student,11685,6917,4768,50934,13003,0,0,2271,63937,1401,485,710,3153,438,7,0.46,44.0,Medium
U503632,38,Salaried,220298,140163,61753,110478,1791877,3369739,3009214,32327,8281308,296558,263077,42539,737529,817,0,3.13,49.0,Medium
U503633,31,Business,110279,81247,29936,398539,408305,1825995,686050,9773,3318889,96565,26651,34847,114230,591,1,2.51,38.0,High
U503634,35,Salaried,95588,59063,30949,347440,887783,3737996,535199,723,5508418,183163,32423,82616,413080,797,10,4.8,67.0,Medium
U503635,29,Student,16521,9153,7368,104055,27334,0,0,2502,131389,3079,1261,504,3494,382,9,0.66,47.0,Medium
U503636,30,Self-Employed,102072,73786,19935,573496,384185,1462106,226445,37825,2646232,77592,29639,64071,301581,394,3,2.16,32.0,High
U503637,30,Student,11192,9291,1901,9589,3234,0,0,270,12823,1455,783,692,2097,453,8,0.1,38.0,High
U503638,27,Business,224439,93021,53671,1095156,477571,1673257,628600,2123,3874584,449155,266692,465188,1680095,739,9,1.44,64.0,Medium
U503639,29,Student,6364,3330,3034,21670,3113,0,0,573,24783,1978,620,2787,10236,551,5,0.32,50.0,Medium
U503640,44,Self-Employed,93730,47875,30101,533347,304964,1232839,1122619,2909,3193769,66768,103421,43955,363803,461,0,2.84,35.0,High
U503641,22,Student,18053,10652,7401,18179,5730,0,0,1384,23909,1359,181,150,18396,524,8,0.11,50.0,Medium
U503642,39,Business,160763,72955,42915,696805,448523,4907073,631807,61717,6684208,191756,101386,42278,382615,788,9,3.46,61.0,Medium
U503643,59,Business,40901,23699,9712,158195,77003,1029730,659102,437,1924030,114947,95662,83547,186142,800,9,3.92,66.0,Medium
U503644,57,Business,176836,121527,37595,229816,379329,664285,2070289,31177,3343719,304752,144629,189668,484093,763,11,1.58,62.0,Medium
U503645,54,Business,75816,46753,15548,10906,456111,3335200,1330052,11825,5132269,3837,40745,35721,150827,345,7,5.64,36.0,High
U503646,57,Salaried,167734,77227,17514,767819,593560,1798554,991481,26716,4151414,99694,234622,172857,774291,793,0,2.06,43.0,Medium
U503647,27,Student,12637,7147,5490,62010,28226,0,0,2170,90236,575,614,590,2474,654,1,0.6,44.0,Medium
U503648,45,Salaried,183960,81319,60180,206615,667653,4689058,941680,30949,6505006,96281,107949,164779,488242,605,10,2.95,57.0,Medium
U503649,20,Student,6321,4967,1354,32994,13713,0,0,201,46707,6075,1534,310,14607,462,6,0.62,39.0,High
U503650,40,Business,54887,40849,7493,20069,249068,1529998,448196,9595,2247331,20463,32597,3985,150034,598,8,3.41,46.0,Medium
U503651,27,Salaried,159044,67165,33273,952344,628860,7097967,377334,19172,9056505,175922,89382,78496,180734,602,6,4.75,45.0,Medium
U503652,41,Self-Employed,133046,53714,17967,123644,466592,5992911,1739071,45876,8322218,375672,38278,75750,472081,674,9,5.21,54.0,Medium
U503653,50,Business,87360,37365,29969,501140,162989,251579,627894,35134,1543602,34003,88017,33453,527039,826,2,1.47,56.0,Medium
U503654,47,Self-Employed,174031,117882,38502,840414,822574,3801245,1558842,39030,7023075,46357,73554,92954,627566,812,2,3.36,49.0,Medium
U503655,52,Self-Employed,154511,101560,44174,914418,1117618,4387776,2566730,54512,8986542,208633,44170,198963,957824,717,6,4.85,57.0,Medium
U503656,22,Business,186400,116346,30542,634711,1068834,4988501,1482511,15946,8174557,448056,142932,225488,409675,684,1,3.65,41.0,Medium
U503657,42,Self-Employed,63488,43443,16817,184271,103508,580515,1025194,4521,1893488,49275,20218,45298,337807,762,1,2.49,48.0,Medium
U503658,46,Salaried,23069,13865,5396,69948,144083,926250,242432,1026,1382713,32505,22737,24116,47245,474,2,4.99,36.0,High
U503659,38,Business,36633,17900,10368,133278,210737,183431,556775,11949,1084221,2671,18119,6224,68803,645,6,2.47,49.0,Medium
U503660,28,Student,11598,9676,1922,30142,24990,0,0,2289,55132,13870,6890,4307,14974,834,10,0.4,60.0,Medium
U503661,52,Self-Employed,62494,43155,6993,335137,292095,2459517,1005855,25543,4092604,158034,15142,81442,162425,765,3,5.46,46.0,Medium
U503662,50,Salaried,63207,30195,14857,42113,9545,122077,680524,16069,854259,10603,104084,98736,410749,774,2,1.13,52.0,Medium
U503663,34,Self-Employed,67491,34761,16300,130841,107509,1692023,1101897,19993,3032270,2535,13467,8497,173752,728,8,3.74,54.0,Medium
U503664,52,Salaried,117827,76411,34464,208747,268625,1404867,386982,23245,2269221,102036,68505,45129,288106,386,11,1.6,48.0,Medium
U503665,47,Self-Employed,26938,11293,7452,17898,41845,676228,335285,9793,1071256,22100,3032,2098,63526,656,2,3.31,43.0,Medium
U503666,37,Salaried,48643,31350,12814,115292,249076,106231,447267,4156,917866,121670,102006,110958,354119,385,9,1.57,52.0,Medium
U503667,24,Salaried,179625,124707,49721,871954,401408,3494703,1379875,58277,6147940,598499,346762,183917,1043355,838,0,2.85,54.0,Medium
U503668,22,Salaried,206520,127295,43292,603929,869777,8001746,2203498,11479,11678950,567568,156325,12311,1726983,360,9,4.71,47.0,Medium
U503669,54,Business,155436,85166,21640,256185,244388,7458920,97627,55530,8057120,2825,35994,40587,630742,636,1,4.32,37.0,High
U503670,59,Self-Employed,194925,83322,67710,584511,455391,105369,2789847,20277,3935118,461225,33518,158670,579628,464,10,1.68,53.0,Medium
U503671,30,Self-Employed,46585,20441,15129,247323,322721,1987879,601777,7521,3159700,31156,16068,5259,66981,737,5,5.65,52.0,Medium
U503672,56,Self-Employed,99510,58630,11034,421555,212571,542204,1324734,35224,2501064,484816,154399,166201,433409,797,11,2.09,65.0,Medium
U503673,53,Self-Employed,167477,102103,32864,535467,1298018,5923495,1780632,30725,9537612,64217,148395,45715,911243,386,9,4.75,44.0,Medium
U503674,23,Salaried,143518,70609,46651,687292,827089,3294600,66390,42241,4875371,128386,47089,39142,640763,443,9,2.83,50.0,Medium
U503675,27,Salaried,112272,69115,13987,475860,736434,146088,1163155,19883,2521537,549668,254376,64411,583031,403,7,1.87,43.0,Medium
U503676,25,Salaried,34509,17848,7851,172389,327553,293944,237053,16711,1030939,36663,52275,23081,289007,369,0,2.49,33.0,High
U503677,45,Self-Employed,214737,118932,50573,742335,1799212,8948909,974675,45856,12465131,149709,146734,220661,1762148,849,6,4.84,62.0,Medium
U503678,49,Self-Employed,205119,136390,38247,86937,1612100,3572036,2785118,87422,8056191,141009,72645,18894,272346,362,1,3.27,25.0,High
U503679,46,Business,132218,96056,28412,300265,24754,5294534,1072709,10204,6692262,448800,258585,67357,692802,356,5,4.22,40.0,Medium
U503680,42,Business,115880,55036,23685,232360,997352,4558357,1738566,5760,7526635,548679,291409,191015,540318,302,9,5.41,46.0,Medium
U503681,46,Business,72467,46238,17481,210439,204010,2371021,402728,28540,3188198,297906,61573,78627,564092,315,10,3.67,50.0,Medium
U503682,43,Self-Employed,66906,39530,11217,143255,429415,429002,901095,30899,1902767,201467,61398,113710,369262,462,7,2.37,46.0,Medium
U503683,22,Salaried,55778,22827,11146,161876,324135,1189843,303201,9046,1979055,134150,8572,88561,463092,357,0,2.96,32.0,High
U503684,46,Salaried,111732,70220,24471,472313,794961,4036065,1684793,32935,6988132,475456,92016,186953,620489,479,5,5.21,46.0,Medium
U503685,54,Business,214611,158924,36379,1267236,1880324,1654949,1608749,40177,6411258,345930,13598,181397,1238748,696,6,2.49,52.0,Medium
U503686,40,Self-Employed,92824,37766,10547,161835,842991,1491904,358570,33640,2855300,361185,11472,151649,381165,655,7,2.56,51.0,Medium
U503687,46,Salaried,241832,171331,69304,620047,47927,3183118,2726485,61626,6577577,172264,178926,28664,922104,377,11,2.27,48.0,Medium
U503688,22,Salaried,211521,139225,70457,397219,420317,1357851,3065761,44811,5241148,33306,374724,158712,1743399,540,5,2.06,51.0,Medium
U503689,24,Salaried,211212,106095,73887,1118363,967744,1529291,314757,40641,3930155,736219,88183,218631,819272,418,3,1.55,42.0,Medium
U503690,29,Salaried,81099,55415,20504,445547,158733,668365,600861,11323,1873506,125626,11906,60025,529097,766,5,1.93,56.0,Medium
U503691,32,Salaried,101957,50760,34342,597042,954805,2868765,425435,35859,4846047,268382,90430,16298,566797,312,2,3.96,36.0,High
U503692,22,Salaried,53274,24687,8587,304302,176663,48512,236751,15354,766228,160561,69651,22057,295102,773,6,1.2,56.0,Medium
U503693,49,Salaried,42328,26413,6806,15959,36499,326718,404842,8360,784018,178389,68044,110676,236922,350,1,1.54,33.0,High
U503694,34,Business,212820,135038,66426,10269,729627,8459287,3575555,56429,12774738,33626,127428,21217,1287131,821,5,5.0,59.0,Medium
U503695,37,Salaried,82041,53637,20355,357979,77142,3541940,1168029,34128,5145090,260207,98364,30134,391460,327,10,5.23,47.0,Medium
U503696,48,Salaried,162524,101572,47179,276320,596206,2999455,2098259,61904,5970240,237743,40470,133365,435646,603,11,3.06,58.0,Medium
U503697,53,Salaried,142624,91169,40821,278496,1156511,468610,589947,52769,2493564,62625,12413,10535,352784,810,1,1.46,48.0,Medium
U503698,35,Self-Employed,202113,112813,33926,949129,1038032,7872309,1143042,30397,11002512,326158,298496,371509,1822924,448,1,4.54,38.0,High
U503699,31,Business,24280,12990,6038,55984,65467,1115480,227861,1765,1464792,42804,34166,28357,150101,842,10,5.03,69.0,Medium
U503700,29,Self-Employed,182631,90611,20453,179891,1155853,4006086,1809763,89366,7151593,104671,42259,273486,1317187,713,11,3.26,60.0,Medium
U503701,42,Self-Employed,226163,106068,31830,595722,682706,9767425,1401743,25199,12447596,383970,99323,227373,964263,651,5,4.59,46.0,Medium
U503702,39,Salaried,155831,114948,46581,60186,732789,6712488,2087507,2676,9592970,498391,293442,96829,1235629,830,8,5.13,69.0,Medium
U503703,43,Salaried,191778,127544,34581,1058366,386924,5419907,1613323,62149,8478520,240012,386874,231037,1204350,750,3,3.68,51.0,Medium
U503704,27,Salaried,73612,43776,14314,26349,80903,2722311,122694,10646,2952257,329008,161551,165809,177589,692,5,3.34,53.0,Medium
U503705,20,Student,6187,5122,1065,29443,2873,0,0,133,32316,4459,2151,2455,6441,359,1,0.44,25.0,High
U503706,52,Business,41625,19585,9105,174181,161685,294276,675129,1710,1305271,96980,32260,26960,126594,563,9,2.61,51.0,Medium
U503707,23,Student,9795,8271,1524,45678,2371,0,0,779,48049,1422,4607,1899,16177,568,7,0.41,43.0,Medium
U503708,48,Salaried,141406,65818,30791,640400,531563,5806997,1043920,53930,8022880,39396,117765,127350,1162688,325,4,4.73,36.0,High
U503709,24,Business,72276,33584,22476,398231,620624,2650995,789110,17408,4458960,200262,34043,64379,436837,351,8,5.14,47.0,Medium
U503710,45,Salaried,37672,18044,5398,92224,195505,935623,465086,11350,1688438,27705,15682,23742,70500,844,8,3.73,56.0,Medium
U503711,22,Self-Employed,44903,28821,5864,257925,241747,1823241,328929,20175,2651842,63003,56994,70954,343043,810,6,4.92,58.0,Medium
U503712,30,Student,16699,10477,6222,80355,38355,0,0,958,118710,2382,146,215,4986,474,0,0.59,33.0,High
U503713,20,Student,5434,3072,2362,17258,2372,0,0,863,19630,709,1405,349,12077,484,3,0.3,42.0,Medium
U503714,47,Business,227909,113237,72586,828907,1806771,1963408,2121923,80758,6721009,148602,211071,235812,755348,378,8,2.46,45.0,Medium
U503715,24,Salaried,240376,152008,70943,636630,1095617,8452578,2728033,100512,12912858,146468,5776,41762,1000062,697,2,4.48,47.0,Medium
U503716,26,Salaried,234946,165661,24551,694111,2058004,5036661,1298463,16293,9087239,69894,59218,51714,992601,509,11,3.22,47.0,Medium
U503717,35,Salaried,162982,81157,21938,342216,687346,2115882,1570022,13394,4715466,112317,112509,33149,421910,454,9,2.41,42.0,Medium
U503718,26,Student,6827,3843,2984,7897,13872,0,0,951,21769,3260,1298,686,13068,655,10,0.27,61.0,Medium
U503719,52,Salaried,198869,120109,68387,398577,291989,5976950,2357768,88513,9025284,309698,194564,317611,1887659,840,7,3.78,70.0,Low
U503720,55,Salaried,66733,44548,20568,115266,335948,465884,995830,14810,1912928,60715,21013,3676,144238,798,9,2.39,62.0,Medium
U503721,34,Salaried,176231,92459,27263,448278,487323,3740025,1300830,78364,5976456,54734,152886,36760,903306,500,8,2.83,45.0,Medium
U503722,29,Student,9981,5543,4438,20714,7534,0,0,1351,28248,3697,3552,4255,11709,751,6,0.24,58.0,Medium
U503723,48,Self-Employed,199672,128295,57931,309949,963272,5938272,3521410,45851,10732903,67683,14728,9638,893011,626,5,4.48,48.0,Medium
U503724,49,Salaried,105472,48026,36079,397657,78686,2912031,625698,33428,4014072,99696,55967,25684,273363,478,7,3.17,47.0,Medium
U503725,30,Salaried,222171,116835,29562,945934,1162845,7362192,3191988,73359,12662959,105395,243116,290472,884930,463,11,4.75,48.0,Medium
U503726,34,Business,180667,119261,19365,822474,1430479,1175100,38247,84911,3466300,24361,36037,26971,366142,832,6,1.6,50.0,Medium
U503727,38,Salaried,224332,117762,23843,808146,1121520,8749472,702040,92022,11381178,130261,328470,45235,2266410,745,0,4.23,45.0,Medium
U503728,28,Student,9442,4924,4518,51863,9958,0,0,863,61821,22,31,21,103,494,4,0.55,44.0,Medium
U503729,43,Salaried,181913,128826,59604,464510,458266,1653232,477344,82570,3053352,859064,338214,290982,667566,499,7,1.4,54.0,Medium
U503730,36,Salaried,242966,127010,58697,298099,830255,2482436,2152313,2586,5763103,59908,33241,355859,2266085,334,7,1.98,43.0,Medium
U503731,57,Salaried,73686,40296,18063,362479,372821,1560144,909152,24359,3204596,86526,119077,169392,619533,694,6,3.62,58.0,Medium
U503732,56,Salaried,96081,41867,31767,375208,261149,1538171,616446,35173,2790974,81996,13515,51556,618513,363,1,2.42,35.0,High
U503733,43,Business,137720,68833,39382,573080,1253836,3692885,494560,40823,6014361,475425,96841,161722,699639,816,5,3.64,61.0,Medium
U503734,47,Self-Employed,24748,15173,3037,72545,193622,515696,195738,6379,977601,3893,2262,1877,113635,674,9,3.29,51.0,Medium
U503735,56,Salaried,97413,69148,24488,279594,63834,1577746,1748405,45359,3669579,147858,34732,70700,367537,805,1,3.14,49.0,Medium
U503736,59,Salaried,241828,175821,83415,1364867,307033,2328003,825732,2187,4825635,789709,600650,339017,1342143,623,5,1.66,57.0,Medium
U503737,41,Salaried,227011,124652,60082,225110,501161,10164248,2635361,30849,13525880,500788,163109,244656,374072,472,11,4.97,52.0,Medium
U503738,28,Student,12750,9079,3671,32898,19602,0,0,2039,52500,1862,693,1430,33630,352,5,0.34,35.0,High
U503739,22,Student,12028,8883,3145,41634,9844,0,0,3,51478,2038,2122,1824,16090,629,10,0.36,53.0,Medium
U503740,47,Business,52284,25873,12222,252597,244777,1792048,449921,9566,2739343,17182,26589,46001,291875,669,9,4.37,57.0,Medium
U503741,36,Self-Employed,187025,110651,58872,299259,383684,193126,1501770,54543,2377839,148841,77404,140634,543489,712,2,1.06,48.0,Medium
U503742,26,Student,13327,7243,6084,46613,16883,0,0,2314,63496,3072,1776,47,5191,622,8,0.4,56.0,Medium
U503743,49,Salaried,208611,104545,39415,555851,1836079,6103537,320630,25060,8816097,368525,62430,245899,2190284,499,6,3.52,49.0,Medium
U503744,37,Salaried,192381,112042,24913,691404,944146,3504761,251426,40150,5391737,498203,40271,165572,1125936,743,1,2.34,45.0,Medium
U503745,59,Salaried,20108,11292,3418,17081,159932,559296,235034,8810,971343,90890,13091,32089,122686,753,9,4.03,63.0,Medium
U503746,44,Salaried,152561,80451,19735,376072,242601,5537688,124923,46984,6281284,190326,7013,93977,609382,740,10,3.43,57.0,Medium
U503747,54,Salaried,98749,46869,11093,560016,181191,914347,1327369,28669,2982923,88396,101120,120652,501226,398,5,2.52,36.0,High
U503748,40,Business,100125,63855,30942,139181,488895,982899,748645,30411,2359620,23703,43206,45385,157260,598,9,1.96,53.0,Medium
U503749,50,Salaried,69532,28711,14458,156059,234650,3324874,204428,22117,3920011,103268,110398,97381,306143,766,7,4.7,58.0,Medium
U503750,23,Student,6960,4590,2370,38228,1688,0,0,926,39916,47,116,484,1785,509,9,0.48,48.0,Medium
U503751,47,Salaried,248475,106756,83818,721651,410488,8116753,926767,75678,10175659,204266,245917,234871,920004,738,3,3.41,53.0,Medium
U503752,25,Student,15123,8263,6860,99156,24153,0,0,1678,123309,12723,7178,1730,27769,422,7,0.68,48.0,Medium
U503753,25,Business,199513,89220,30208,719179,3750,43575,822888,89779,1589392,464713,162634,60593,1103153,779,3,0.66,50.0,Medium
U503754,42,Business,169435,88283,31345,323208,248799,2274072,1217055,65775,4063134,404935,160669,164774,1036776,722,3,2.0,50.0,Medium
U503755,32,Salaried,52714,25323,11937,291605,50740,1928043,159477,23419,2429865,76792,45290,47809,108884,513,5,3.84,42.0,Medium
U503756,29,Salaried,240752,104086,77835,165392,1356033,9964969,4248761,27214,15735155,356384,154223,80111,1826036,477,2,5.45,43.0,Medium
U503757,41,Self-Employed,222990,150304,63616,116005,961456,2455253,2645239,47529,6177953,372856,168839,128657,387366,838,7,2.31,60.0,Medium
U503758,23,Student,8901,4630,4271,15559,18723,0,0,1101,34282,7582,3735,4032,6579,420,1,0.32,38.0,High
U503759,36,Business,37577,28153,4709,8335,289319,371184,482978,16313,1151816,100010,700,96217,335591,354,9,2.55,46.0,Medium
U503760,33,Self-Employed,44164,26205,11018,83525,1373,417950,40167,9644,543015,2251,44196,23052,471123,510,7,1.02,52.0,Medium
U503761,39,Salaried,231815,101885,61338,845505,1997302,5877522,1965400,82075,10685729,778086,128502,217604,1939352,815,6,3.84,64.0,Medium
U503762,23,Student,13827,9165,4662,7157,7901,0,0,2750,15058,6013,1085,2094,12604,576,7,0.09,48.0,Medium
U503763,26,Student,6445,3826,2619,15636,5939,0,0,530,21575,1478,810,3107,17804,381,3,0.28,38.0,High
U503764,59,Business,153225,66697,36553,205593,1310501,3899523,1064355,43865,6479972,489826,29397,254064,570294,439,8,3.52,47.0,Medium
U503765,26,Salaried,80778,42919,10960,476935,27915,1030788,335569,7025,1871207,34155,33621,92133,538221,572,10,1.93,52.0,Medium
U503766,54,Business,36661,20603,5816,61439,234173,1614773,220785,10402,2131170,25248,29209,22044,148875,462,6,4.84,40.0,Medium
U503767,46,Self-Employed,135981,79248,19140,141952,417484,5615745,2105035,53112,8280216,276127,167156,160717,405668,703,2,5.07,43.0,Medium
U503768,23,Student,9592,7265,2327,45723,19282,0,0,872,65005,3336,657,1137,23672,510,11,0.56,50.0,Medium
U503769,35,Salaried,146658,106480,35804,426941,678689,6656538,2223849,25289,9986017,483738,236190,80354,551160,756,7,5.67,59.0,Medium
U503770,32,Salaried,42981,26702,8964,175808,335646,5531,134856,7465,651841,181664,79335,34368,316825,459,9,1.26,53.0,Medium
U503771,34,Self-Employed,213543,148360,40462,1092691,91180,10214989,380449,54355,11779309,408226,223531,59813,518260,690,8,4.6,53.0,Medium
U503772,19,Student,8812,4684,4128,31912,14162,0,0,658,46074,133,809,110,5941,704,0,0.44,46.0,Medium
U503773,27,Self-Employed,176360,119504,58630,728870,395468,6096429,1314755,42549,8535522,285348,201145,145777,581574,772,10,4.03,66.0,Medium
U503774,49,Business,46588,31802,10086,214273,13830,338494,715071,19835,1281668,222673,38504,69450,252667,500,7,2.29,50.0,Medium
U503775,41,Self-Employed,34413,21262,8008,65075,219964,1411268,567362,16490,2263669,111432,32987,21370,176995,702,9,5.48,60.0,Medium
U503776,50,Salaried,73975,52538,10932,248167,48228,2566645,338151,4642,3201191,73839,31305,21285,132640,661,3,3.61,40.0,Medium
U503777,50,Self-Employed,184952,112416,38352,546344,1687979,3245340,974586,65750,6454249,133526,45252,105005,698102,351,7,2.91,38.0,High
U503778,39,Business,97286,58175,26537,188806,196086,2869221,826340,6045,4080453,122206,40185,146898,674218,320,2,3.5,34.0,High
U503779,48,Salaried,165678,69219,29469,415944,1052885,2217353,190148,9229,3876330,63716,107549,104726,319207,473,9,1.95,44.0,Medium
U503780,20,Student,7220,3883,3337,5677,4917,0,0,40,10594,1740,1203,1162,3038,600,3,0.12,47.0,Medium
U503781,30,Student,6745,4635,2110,27510,288,0,0,297,27798,6149,831,158,13163,354,7,0.34,40.0,Medium
U503782,21,Student,12316,8734,3582,62831,276,0,0,1188,63107,486,4172,3069,26792,721,0,0.43,42.0,Medium
U503783,29,Student,17460,10077,7383,54936,37845,0,0,2121,92781,4819,3311,369,23688,312,4,0.44,36.0,High
U503784,24,Business,48071,26033,9635,182820,363163,1453193,694411,6057,2693587,20181,41039,62824,397240,430,11,4.67,52.0,Medium
U503785,58,Salaried,228301,115459,26198,1297670,2108572,1815836,320996,78656,5543074,692804,449837,323223,815200,828,5,2.02,55.0,Medium
U503786,18,Student,5044,2865,2179,15378,9393,0,0,997,24771,1591,110,1525,5872,722,7,0.41,58.0,Medium
U503787,27,Salaried,83888,37117,27129,415042,629130,1429850,467306,27870,2941328,73917,40455,12852,84688,800,6,2.92,56.0,Medium
U503788,31,Salaried,49191,20522,15258,107553,84240,2236757,445954,1144,2874504,94396,39495,42835,278000,483,2,4.87,42.0,Medium
U503789,44,Business,70466,44226,11116,374973,670974,752614,724868,25246,2523429,210249,12227,119358,388136,446,7,2.98,44.0,Medium
U503790,42,Salaried,226683,151111,50767,75020,1889423,1107916,1579923,98501,4652282,234549,234733,272169,1020803,582,7,1.71,50.0,Medium
U503791,46,Self-Employed,197081,95245,64212,420735,162530,2078859,435795,92759,3097919,317045,83520,87275,903809,584,7,1.31,53.0,Medium
U503792,27,Student,12360,7467,4893,22336,19571,0,0,725,41907,5305,2234,486,9802,361,1,0.28,32.0,High
U503793,48,Business,177810,77081,25491,510027,1090679,6883034,2748303,42054,11232043,665110,151766,290339,941816,336,9,5.26,43.0,Medium
U503794,29,Salaried,36202,19723,6906,179173,146732,1403954,488463,15934,2218322,171922,7436,96823,237440,398,9,5.11,50.0,Medium
U503795,27,Salaried,144647,75425,16748,765382,999107,989598,1204467,40078,3958554,228728,49010,61957,726767,638,4,2.28,43.0,Medium
U503796,22,Student,16188,9562,6626,61950,16646,0,0,1132,78596,958,1820,1976,9048,819,11,0.4,67.0,Medium
U503797,34,Self-Employed,83174,56843,9725,406375,367924,1594756,1296271,2620,3665326,142905,41675,40008,371135,469,0,3.67,29.0,High
U503798,33,Business,106067,49580,24789,612570,851242,2842006,405935,20504,4711753,156763,26366,39007,518328,550,11,3.7,55.0,Medium
U503799,48,Salaried,199471,99714,32093,518293,1840617,369581,2963113,42010,5691604,206942,54501,358741,1845367,720,7,2.38,57.0,Medium
U503800,26,Student,5699,2887,2812,23636,4094,0,0,780,27730,86,7,5,212,363,5,0.41,41.0,Medium
U503801,23,Salaried,90086,38498,18038,82986,197341,869383,662199,7205,1811909,134928,222510,108355,741371,738,8,1.68,62.0,Medium
U503802,22,Salaried,47540,28882,12997,208344,145510,1753699,287727,20920,2395280,213432,63103,66281,319874,767,10,4.2,69.0,Medium
U503803,46,Self-Employed,223089,141120,37886,429271,787548,2565322,3253191,85060,7035332,195321,317736,267896,1919081,573,4,2.63,46.0,Medium
U503804,33,Salaried,95901,55959,28204,183770,345971,163161,102628,25047,795530,206447,80908,55856,206244,805,9,0.69,63.0,Medium
U503805,48,Self-Employed,55654,32289,7222,278366,270818,2586386,423975,23747,3559545,216158,118170,68873,200163,554,3,5.33,41.0,Medium
U503806,45,Salaried,91046,61288,24564,14539,218640,3457887,1529029,13212,5220095,51506,42209,71177,334947,400,2,4.78,34.0,High
U503807,58,Self-Employed,197148,127010,40344,236061,1479276,4025951,396150,97851,6137438,901467,483210,451025,895117,841,4,2.59,60.0,Medium
U503808,22,Student,19395,11296,8099,60585,11154,0,0,984,71739,19718,8196,1602,20267,320,11,0.31,48.0,Medium
U503809,25,Salaried,240038,152844,42697,958532,237817,5386667,3714064,74930,10297080,801162,357928,135772,2106840,303,7,3.57,42.0,Medium
U503810,42,Business,140626,57639,27283,15936,967357,303114,1137875,52797,2424282,109505,93823,4694,462392,623,11,1.44,55.0,Medium
U503811,31,Salaried,181739,106455,57369,562100,665951,3979711,321925,61934,5529687,202043,204744,105741,541457,482,6,2.54,46.0,Medium
U503812,38,Salaried,43218,29463,5059,19980,148177,787187,760510,9935,1715854,37582,58285,28768,220762,824,2,3.31,48.0,Medium
U503813,44,Salaried,204460,152590,27352,1094224,214763,9334183,1486338,49422,12129508,769428,166800,318848,1508784,753,0,4.94,47.0,Medium
U503814,45,Salaried,204100,84645,46853,60532,76295,628960,1701410,37969,2467197,374576,447682,213271,1715182,619,5,1.01,53.0,Medium
U503815,20,Student,5141,3072,2069,19084,8271,0,0,87,27355,741,382,220,5754,461,4,0.44,41.0,Medium
U503816,40,Salaried,163762,68740,26951,980818,2936,1485388,2200556,27480,4669698,175443,302105,248843,900905,511,11,2.38,53.0,Medium
U503817,33,Business,199420,146816,51508,838572,1713767,4504814,2738355,64899,9795508,159176,153093,66360,445492,327,5,4.09,34.0,High
U503818,22,Salaried,43562,28757,6481,148593,77410,2024344,107150,6151,2357497,5870,15572,27867,263406,742,3,4.51,47.0,Medium
U503819,59,Salaried,247152,169699,32048,1277120,824002,6477008,3110196,91756,11688326,13201,325035,595695,2365272,631,11,3.94,60.0,Medium
U503820,50,Salaried,37714,22440,9380,21389,199322,1636122,63764,11494,1920597,23,29814,6154,195251,486,8,4.24,47.0,Medium
U503821,26,Self-Employed,180862,112118,36502,747230,223772,7738767,3239344,79027,11949113,262629,35957,160899,1070354,801,5,5.51,55.0,Medium
U503822,25,Self-Employed,40546,20126,10959,60825,111282,1395447,233933,15631,1801487,127045,47268,20624,376521,442,11,3.7,58.0,Medium
U503823,35,Self-Employed,147121,110304,18124,135626,472398,2176987,1905512,35601,4690523,50182,100266,76799,381221,783,1,2.66,42.0,Medium
U503824,51,Salaried,202857,152133,45634,64467,1289456,2608343,884633,12022,4846899,123050,99679,63699,219142,417,1,1.99,29.0,High
U503825,53,Salaried,69518,42439,7151,236434,380777,3067901,176598,3176,3861710,344456,66509,118315,460042,414,4,4.63,39.0,High
U503826,28,Student,12393,7420,4973,12452,12992,0,0,1185,25444,2010,1161,40,17962,636,5,0.17,50.0,Medium
U503827,32,Salaried,213349,139574,32136,696092,1258901,1908157,507178,35847,4370328,280426,9671,82832,764649,404,5,1.71,35.0,High
U503828,22,Student,14235,10579,3656,56250,20458,0,0,2841,76708,5877,3561,4489,20495,356,9,0.45,41.0,Medium
U503829,49,Self-Employed,190166,113544,56692,950379,814703,7278138,3034467,61432,12077687,333199,392595,34868,1750049,718,6,5.29,61.0,Medium
U503830,41,Business,65540,45570,19702,197917,333228,1334777,206502,29591,2072424,64313,13898,36980,210538,672,3,2.64,47.0,Medium
U503831,46,Salaried,65526,43572,15011,366577,506176,2541058,596406,18024,4010217,101953,4017,120327,487016,386,8,5.1,46.0,Medium
U503832,47,Self-Employed,70839,36624,18011,346838,343654,1355679,1229644,3765,3275815,21540,14769,51927,228270,785,9,3.85,60.0,Medium
U503833,22,Student,5312,4272,1040,12971,6742,0,0,769,19713,459,688,514,5175,753,1,0.31,41.0,Medium
U503834,18,Student,5260,3476,1784,9795,11524,0,0,308,21319,290,1045,261,3645,783,2,0.34,48.0,Medium
U503835,30,Business,180447,99631,22493,862868,360707,5443715,1265648,57826,7932938,192801,179122,195346,697198,390,5,3.66,35.0,High
U503836,23,Student,18014,14257,3757,79694,2375,0,0,1034,82069,3234,8055,957,51863,745,5,0.38,49.0,Medium
U503837,24,Salaried,200114,147912,43128,270472,1239843,6750119,3384467,57152,11644901,79960,177093,111499,546675,420,1,4.85,30.0,High
U503838,59,Salaried,31444,18952,6959,46674,52753,970534,261713,3658,1331674,42347,3871,3614,64368,679,6,3.53,49.0,Medium
U503839,56,Salaried,205477,121435,39402,962596,1519061,5918356,2234196,47205,10634209,533022,472182,381416,1452386,817,0,4.31,52.0,Medium
U503840,59,Self-Employed,234485,105264,70331,1203187,583301,5020806,762861,25790,7570155,513122,319315,154090,2219347,384,10,2.69,54.0,Medium
U503841,21,Student,14130,7584,6546,90384,3762,0,0,2413,94146,1452,1369,2104,6678,789,3,0.56,54.0,Medium
U503842,27,Student,10147,5133,5014,48481,19815,0,0,797,68296,5283,159,751,10887,373,3,0.56,39.0,High
U503843,25,Salaried,145793,101813,21981,415725,1303813,4639115,536035,45548,6894688,84751,193299,86236,1029335,617,11,3.94,57.0,Medium
U503844,23,Student,10342,7159,3183,40272,13876,0,0,1108,54148,5663,138,2670,7605,742,10,0.44,59.0,Medium
U503845,32,Self-Employed,97307,72900,20348,521407,114676,3148383,120267,34309,3904733,97696,38703,24452,389612,815,0,3.34,46.0,Medium
U503846,42,Business,51670,38411,6494,137372,240892,119881,44773,3389,542918,181372,24157,96154,303569,456,2,0.88,36.0,High
U503847,44,Salaried,66336,42058,15654,397618,259006,2832512,958012,21077,4447148,589,47732,3246,224176,844,5,5.59,55.0,Medium
U503848,49,Salaried,56051,23476,15326,43988,72955,961990,216669,9863,1295602,37188,19199,13746,89910,519,4,1.93,40.0,Medium
U503849,45,Salaried,213354,138699,38839,665085,810829,4922998,3254759,98228,9653671,167821,85034,158204,954453,650,7,3.77,50.0,Medium
U503850,43,Salaried,104652,71916,24967,361487,353796,3678351,1071420,35275,5465054,268842,69146,18055,441979,399,4,4.35,38.0,High
U503851,44,Salaried,126824,95041,31736,9888,535428,2682577,2124555,55600,5352448,554349,162627,259945,426573,778,10,3.52,67.0,Medium
U503852,23,Student,16218,8343,7875,47002,9517,0,0,940,56519,110,54,53,352,577,9,0.29,56.0,Medium
U503853,21,Student,7814,4092,3722,31148,3793,0,0,1161,34941,1137,899,664,1924,343,4,0.37,38.0,High
U503854,37,Salaried,43903,32235,4984,116912,346146,1144198,755548,18122,2362804,109530,57660,57054,122716,609,2,4.48,39.0,High
U503855,38,Self-Employed,40196,16944,12502,128990,93107,132309,384212,4323,738618,36788,19897,89641,406488,798,11,1.53,74.0,Low
U503856,46,Salaried,138104,59950,28782,143006,741553,3108440,1152818,59765,5145817,606163,312936,53349,883514,546,5,3.11,49.0,Medium
U503857,24,Student,12938,9523,3415,52723,27964,0,0,781,80687,457,557,1285,4353,607,7,0.52,46.0,Medium
U503858,53,Self-Employed,195282,139444,47356,31400,697307,560894,2814088,4545,4103689,789705,13849,293011,1306680,483,3,1.75,44.0,Medium
U503859,34,Self-Employed,111957,48741,22537,664442,159841,1191989,1776444,49784,3792716,498068,119017,191329,681231,610,4,2.82,50.0,Medium
U503860,38,Salaried,193623,87106,39092,1114644,681836,4946012,262702,20622,7005194,6072,424024,267071,1610525,615,7,3.01,54.0,Medium
U503861,54,Business,118736,79299,36379,546545,269475,2589373,206368,33528,3611761,54331,77057,87100,217342,723,0,2.53,44.0,Medium
U503862,37,Salaried,96389,52795,21964,22314,875998,2345613,1701606,6245,4945531,101008,34681,57044,733081,519,0,4.28,37.0,High
U503863,33,Business,155144,109805,49600,337689,235935,4311155,2043334,30913,6928113,264285,30541,103179,749085,484,11,3.72,56.0,Medium
U503864,37,Salaried,175956,107436,57432,89316,119944,5454187,3166656,28691,8830103,486350,136627,260297,1190440,527,9,4.18,58.0,Medium
U503865,30,Student,12186,9236,2950,77372,22476,0,0,1791,99848,12507,2174,1924,20731,806,4,0.68,51.0,Medium
U503866,44,Salaried,213410,110529,35019,885792,480519,1363443,1215339,58358,3945093,1053336,554794,345462,1038878,423,8,1.54,48.0,Medium
U503867,21,Student,17466,13009,4457,116161,26388,0,0,3403,142549,20719,1070,4451,28308,834,11,0.68,64.0,Medium
U503868,39,Self-Employed,81286,51648,16092,483390,709377,2007663,677187,13924,3877617,126052,125712,158010,409378,437,9,3.98,48.0,Medium
U503869,22,Business,85252,56939,20082,136550,25679,1902303,978912,12259,3043444,1962,3903,35411,260232,460,9,2.97,45.0,Medium
U503870,52,Salaried,35248,15645,3591,16114,198355,1589518,217954,11279,2021941,188,63307,46847,218510,336,4,4.78,32.0,High
U503871,38,Salaried,112948,72541,12923,174245,359848,3662540,355274,36899,4551907,44758,9556,46449,261666,496,6,3.36,37.0,High
U503872,30,Student,19188,11563,7625,61534,22536,0,0,3318,84070,18051,5346,5681,31237,775,6,0.37,58.0,Medium
U503873,31,Salaried,101763,75014,35190,591969,798606,2758868,848043,48248,4997486,336617,206827,73640,725200,320,1,4.09,38.0,High
U503874,35,Business,71516,52997,16072,7846,456976,2033896,564169,19521,3062887,130483,127077,72919,367737,533,3,3.57,43.0,Medium
U503875,22,Salaried,192741,138329,42554,160266,353682,2056103,2225992,53022,4796043,291434,150702,54716,366042,609,2,2.07,40.0,Medium
U503876,24,Business,136160,92938,34508,433724,303414,3636443,1014681,57121,5388262,62887,120648,167505,518336,451,0,3.3,33.0,High
U503877,23,Student,10857,6646,4211,30281,20265,0,0,1576,50546,6359,4827,3695,19967,334,10,0.39,47.0,Medium
U503878,38,Salaried,219622,148330,71452,182722,1383541,9197672,3454736,51598,14218671,23270,81721,136153,1024607,326,3,5.4,35.0,High
U503879,27,Salaried,42569,17620,6540,15983,60857,1207488,241845,19590,1526173,47000,63742,44343,261914,492,4,2.99,40.0,Medium
U503880,43,Salaried,88287,51028,10592,54626,761114,818902,9104,30191,1643746,324738,85620,203644,506551,579,3,1.55,44.0,Medium
U503881,29,Salaried,240148,148920,25870,432755,169471,3491978,277367,88398,4371571,778151,376497,461355,862866,708,2,1.52,45.0,Medium
U503882,28,Student,7693,4859,2834,46507,17940,0,0,1380,64447,2327,1708,510,15986,836,3,0.7,55.0,Medium
U503883,22,Self-Employed,202958,99620,43110,4864,1898426,4080340,2097973,42987,8081603,687780,90616,161827,928027,534,8,3.32,50.0,Medium
U503884,20,Student,17452,10100,7352,82306,6127,0,0,1698,88433,616,1291,1069,7229,376,10,0.42,47.0,Medium
U503885,55,Self-Employed,31419,20141,8561,36039,232361,1150941,254865,7903,1674206,94470,51656,41743,130436,485,4,4.44,45.0,Medium
U503886,51,Salaried,184815,115261,31664,1021950,283314,5240670,474449,32194,7020383,662119,47129,46356,1882660,793,8,3.17,64.0,Medium
U503887,20,Student,15201,7897,7304,67260,4262,0,0,730,71522,6962,63,5120,41465,804,4,0.39,60.0,Medium
U503888,49,Salaried,37639,18114,11616,185725,329460,157051,6243,16294,678479,42516,9672,26748,95699,809,8,1.5,61.0,Medium
U503889,45,Self-Employed,164903,68497,37885,106393,450403,5098403,1505696,13398,7160895,42071,23491,118420,778369,565,5,3.62,45.0,Medium
U503890,30,Salaried,115750,54438,18188,85261,116443,2784840,1459516,32525,4446060,419495,60207,67848,562573,641,5,3.2,48.0,Medium
U503891,41,Self-Employed,217166,153038,49087,855285,1470798,9017242,612846,69477,11956171,179337,121661,42037,455375,581,1,4.59,37.0,High
U503892,22,Business,92293,39096,14760,258839,714731,259204,536751,20758,1769525,160347,120940,164999,593600,534,0,1.6,37.0,High
U503893,37,Business,136457,101874,17245,364593,1207727,5332821,2400671,18928,9305812,223945,42715,42312,290055,690,6,5.68,46.0,Medium
U503894,50,Salaried,125776,90266,32930,694768,645848,2699354,727872,51327,4767842,256775,38480,178055,436612,451,10,3.16,50.0,Medium
U503895,26,Student,19607,12670,6937,25401,30386,0,0,3878,55787,4796,2899,3309,10975,739,9,0.24,59.0,Medium
U503896,34,Self-Employed,160803,100045,53282,74178,1313409,367277,2129932,75401,3884796,141852,35757,110288,384827,543,0,2.01,37.0,High
U503897,32,Salaried,57328,26769,19374,283057,405616,1576062,781079,18132,3045814,139775,54794,35781,251000,729,8,4.43,62.0,Medium
U503898,38,Salaried,70541,37152,13272,7595,467132,106218,754250,11027,1335195,11563,31596,12411,247982,607,9,1.58,50.0,Medium
U503899,43,Self-Employed,204118,137941,24620,414032,1072482,989607,3269480,49635,5745601,825818,119861,555205,1417485,655,4,2.35,50.0,Medium
U503900,25,Business,115942,46958,37328,589934,535416,4581666,810808,57064,6517824,94643,217728,154051,815960,636,1,4.68,48.0,Medium
U503901,24,Business,212374,136707,38989,661011,449138,9118836,2389850,81461,12618835,82531,23044,86671,394201,378,7,4.95,36.0,High
U503902,39,Salaried,178512,132884,23180,28587,1703339,1006675,344189,89206,3082790,259676,125888,16010,325940,381,4,1.44,30.0,High
U503903,59,Salaried,98513,41773,25758,404787,168566,2063554,944481,30854,3581388,30102,27803,85967,336842,340,10,3.03,44.0,Medium
U503904,53,Self-Employed,210051,154242,52435,386378,1126209,2701353,372867,91719,4586807,251433,108515,73576,668247,821,2,1.82,50.0,Medium
U503905,31,Salaried,170751,112892,48298,930444,289619,7344673,2469852,74641,11034588,33960,323,87237,335121,370,2,5.39,31.0,High
U503906,20,Student,17965,14807,3158,50613,24814,0,0,3225,75427,12627,6427,1042,12422,537,11,0.35,48.0,Medium
U503907,37,Salaried,99490,66421,19723,340252,134286,336645,57733,37599,868916,78540,26001,60350,179358,433,4,0.73,34.0,High
U503908,37,Self-Employed,211696,107704,22719,1231997,777557,238317,471157,96309,2719028,26310,22789,102106,462329,336,2,1.07,23.0,High
U503909,26,Business,206816,86981,47608,333033,1915869,638007,2980828,81336,5867737,46302,89463,50200,402602,755,7,2.36,53.0,Medium
U503910,38,Salaried,249346,169907,47097,456268,1899526,1798406,3831855,10775,7986055,724826,346347,510758,1283366,843,9,2.67,66.0,Medium
U503911,24,Student,8087,6015,2072,43986,14367,0,0,243,58353,7628,1599,1092,13243,656,1,0.6,40.0,Medium
U503912,53,Self-Employed,210400,136584,68011,830638,1851978,4299509,2098604,53704,9080729,331785,202861,764,514878,752,0,3.6,46.0,Medium
U503913,55,Business,87019,52950,15424,122622,30447,525978,299706,6132,978753,13305,221263,74513,892018,784,5,0.94,58.0,Medium
U503914,23,Business,45495,27019,5932,88366,120153,521964,14597,4618,745080,89896,19563,31646,229212,463,1,1.36,32.0,High
U503915,26,Business,236779,148361,81314,6513,1205388,6478356,3105989,115310,10796246,296631,284791,207707,2140855,716,4,3.8,58.0,Medium
U503916,28,Self-Employed,101764,53426,32022,92746,542134,2497863,580319,16237,3713062,166135,137287,109096,314213,375,2,3.04,36.0,High
U503917,36,Self-Employed,49311,21893,14561,283054,180980,2217644,698691,22525,3380369,103249,36484,28239,139058,358,4,5.71,37.0,High
U503918,28,Student,15236,10305,4931,29157,29028,0,0,760,58185,8844,2121,6030,15915,388,9,0.32,44.0,Medium
U503919,49,Salaried,112014,53901,21067,21625,286063,3013859,490157,49869,3811704,44584,135351,121108,396568,400,1,2.84,30.0,High
U503920,29,Student,15527,9784,5743,27782,18746,0,0,2326,46528,12288,2340,3514,21492,791,7,0.25,59.0,Medium
U503921,58,Self-Employed,237711,137609,27417,273962,1842915,2873661,2752369,118015,7742907,242650,13572,59792,620141,376,5,2.71,31.0,High
U503922,55,Business,212650,128505,57897,496912,352300,903470,2443028,45603,4195710,39885,343883,321821,1510030,610,5,1.64,52.0,Medium
U503923,55,Self-Employed,204738,93907,37984,1141908,286281,3117837,3475232,69706,8021258,370697,167316,425128,1186269,836,3,3.26,55.0,Medium
U503924,54,Salaried,23506,15715,6190,13128,209611,693587,317848,71,1234174,31450,17303,7062,132476,645,8,4.38,56.0,Medium
U503925,44,Salaried,210296,138539,30657,673105,219619,7821380,3698259,17025,12412363,589611,439791,60825,1258170,726,6,4.92,54.0,Medium
U503926,41,Salaried,101684,66396,17496,326704,522521,1062691,601526,39109,2513442,226224,78288,40219,365431,411,3,2.06,34.0,High
U503927,28,Business,230373,121245,23322,855880,2052280,5645987,2387187,1502,10941334,969741,290949,262896,1200750,674,1,3.96,43.0,Medium
U503928,30,Student,6884,4937,1947,2446,11320,0,0,1274,13766,2149,3539,1851,13571,784,4,0.17,51.0,Medium
U503929,49,Business,140750,75380,33787,76745,215654,2761099,2263927,36263,5317425,74184,184085,143223,537514,433,8,3.15,45.0,Medium
U503930,23,Student,10666,6258,4408,32019,11719,0,0,152,43738,2731,2082,2180,16092,602,4,0.34,48.0,Medium
U503931,22,Salaried,64193,34988,13943,293955,14578,573260,489620,24938,1371413,77488,24120,39053,201611,462,7,1.78,43.0,Medium
U503932,32,Salaried,26419,18881,6497,32165,216907,480993,256584,142,986649,30208,5640,6783,42702,840,5,3.11,54.0,Medium
U503933,58,Salaried,170077,94771,45202,415154,279384,4157180,1917453,34689,6769171,236116,167096,271117,1075349,385,10,3.32,50.0,Medium
U503934,44,Salaried,51791,32736,7078,113795,382548,98208,872926,11044,1467477,112665,33274,70257,223868,804,0,2.36,45.0,Medium
U503935,33,Business,147643,93403,17110,444862,639793,649012,152387,71438,1886054,162271,30625,137692,937139,640,11,1.06,56.0,Medium
U503936,58,Self-Employed,221690,137075,72130,1087448,548874,2444365,3787588,28901,7868275,287954,19231,45319,1878284,307,11,2.96,51.0,Medium
U503937,29,Self-Employed,110519,69059,31214,306099,1057363,3857964,1770490,24250,6991916,149091,82606,207256,740603,644,11,5.27,64.0,Medium
U503938,30,Salaried,237664,150443,71065,1027812,357160,7619961,2166310,45650,11171243,189164,358091,29112,1956531,706,1,3.92,50.0,Medium
U503939,53,Salaried,198413,143642,30953,678176,1389870,2410241,3183420,82616,7661707,242769,135853,65136,301454,835,7,3.22,55.0,Medium
U503940,56,Salaried,207082,94852,21330,1162051,916273,5887751,351647,22718,8317722,765592,31266,281626,1738758,703,1,3.35,46.0,Medium
U503941,29,Student,12409,6241,6168,83014,4522,0,0,765,87536,4426,623,558,5675,319,10,0.59,48.0,Medium
U503942,27,Salaried,233566,95203,72384,128901,397522,10681077,277589,80774,11485089,502617,125027,181140,463720,621,5,4.1,49.0,Medium
U503943,23,Student,13673,9809,3864,61906,5746,0,0,2274,67652,179,2602,3134,16840,553,2,0.41,37.0,High
U503944,20,Student,5368,3954,1414,30883,7363,0,0,218,38246,1692,317,350,3587,343,4,0.59,31.0,High
U503945,18,Student,17338,9304,8034,94460,2389,0,0,3394,96849,10389,9911,4048,31019,719,0,0.47,48.0,Medium
U503946,50,Salaried,246753,100905,73617,25760,1014155,4021307,2519570,31988,7580792,693919,403683,307663,1403709,601,4,2.56,51.0,Medium
U503947,36,Salaried,161889,121008,18870,827131,7841,1853049,1505525,68849,4193546,179420,69319,123494,295093,430,2,2.16,29.0,High
U503948,56,Salaried,119108,75806,13887,520227,272775,5330268,984288,1879,7107558,140536,142602,94023,659446,362,10,4.97,43.0,Medium
U503949,39,Self-Employed,37941,26989,7585,176082,271095,1226917,538883,12644,2212977,112116,34234,472,159721,305,5,4.86,35.0,High
U503950,43,Salaried,242515,140746,40722,1246215,467844,1510455,585005,110121,3809519,386750,32062,391040,1232116,451,9,1.31,46.0,Medium
U503951,41,Business,198046,148366,47266,309863,1006513,5636923,1663849,92530,8617148,618885,5317,36087,930591,644,10,3.63,58.0,Medium
U503952,28,Salaried,237800,113376,72021,1339610,1185191,6191339,3967463,111605,12683603,701978,91736,419844,1612757,378,9,4.44,51.0,Medium
U503953,23,Salaried,222872,101047,58765,1031068,1617075,1650536,3634917,45597,7933596,65075,90624,32218,418803,691,6,2.97,50.0,Medium
U503954,48,Salaried,110685,45532,17390,100446,546161,3530368,1320809,8472,5497784,60764,17134,46653,310063,464,1,4.14,30.0,High
U503955,29,Self-Employed,141154,97286,43890,520340,871263,3592985,394334,48889,5378922,365648,205114,81753,425461,714,9,3.18,62.0,Medium
U503956,29,Student,7111,4032,3079,21958,2403,0,0,422,24361,250,281,1449,16637,698,10,0.29,63.0,Medium
U503957,37,Business,203225,97019,63824,557151,95786,4024240,1751062,76742,6428239,97537,88336,48360,794672,321,8,2.64,42.0,Medium
U503958,41,Salaried,170138,95966,48181,728339,1054509,2458369,1454843,59110,5696060,367938,246649,356624,1039860,669,7,2.79,59.0,Medium
U503959,59,Salaried,237856,145195,53285,667828,1515490,4656473,270030,50600,7109821,326529,392006,96985,1489630,746,10,2.49,63.0,Medium
U503960,27,Student,5532,4370,1162,16666,6104,0,0,1012,22770,33,28,117,636,796,1,0.34,42.0,Medium
U503961,20,Student,11840,9622,2218,19920,11197,0,0,1820,31117,11907,3911,5592,13670,379,7,0.22,36.0,High
U503962,51,Business,161706,95261,41658,722687,329169,2338244,479998,80793,3870098,529650,249983,129649,454474,419,1,1.99,35.0,High
U503963,27,Student,7329,4768,2561,40980,16939,0,0,1306,57919,3419,1220,3754,15500,787,7,0.66,59.0,Medium
U503964,32,Salaried,89469,48836,26297,459650,610920,46309,1555148,10257,2672027,329822,187497,105445,443452,635,5,2.49,55.0,Medium
U503965,49,Self-Employed,74641,45294,7469,357690,384660,223050,966019,36442,1931419,68096,90029,142338,499921,626,5,2.16,47.0,Medium
U503966,28,Salaried,107662,47740,30053,248446,998882,2467497,661029,18638,4375854,21826,147338,30849,1283290,738,3,3.39,57.0,Medium
U503967,19,Student,18982,12454,6528,49967,34877,0,0,3702,84844,424,809,537,2904,665,5,0.37,48.0,Medium
U503968,56,Salaried,84160,59822,22902,262234,417959,982885,1036210,28387,2699288,158069,103253,795,709619,575,4,2.67,49.0,Medium
U503969,32,Salaried,37744,26243,7763,125760,165424,329114,188976,13795,809274,2136,44270,10685,352891,474,0,1.79,36.0,High
U503970,45,Salaried,86437,40922,11241,419969,201143,1732103,772917,29224,3126132,215860,18367,48482,269928,847,11,3.01,63.0,Medium
U503971,24,Salaried,154027,63782,19747,238318,1319185,4559506,21065,46565,6138074,91867,97086,177300,533681,345,11,3.32,42.0,Medium
U503972,18,Student,5861,4289,1572,13193,9825,0,0,1078,23018,4007,1638,713,8639,321,0,0.33,25.0,High
U503973,24,Salaried,92897,56070,15797,336648,201077,3373641,1162026,18923,5073392,123839,51193,66023,416419,539,6,4.55,44.0,Medium
U503974,22,Salaried,136668,73535,43714,461848,81361,5899869,1509225,14637,7952303,57901,90344,78213,278867,474,4,4.85,40.0,Medium
U503975,38,Salaried,183311,122149,47301,946511,1740914,1828418,2686552,36142,7202395,259735,121807,18189,250071,746,8,3.27,56.0,Medium
U503976,39,Salaried,71003,30619,9347,99780,502851,2866408,904580,2780,4373619,326613,105967,70333,379886,768,6,5.13,57.0,Medium
U503977,53,Self-Employed,109301,45190,22316,645486,762498,1881343,912398,45150,4201725,197993,92847,4571,352722,346,4,3.2,33.0,High
U503978,28,Business,53153,26650,9295,171308,442079,109113,421892,14362,1144392,86151,25891,18605,235751,724,10,1.79,58.0,Medium
U503979,47,Self-Employed,157738,104573,36313,716454,1499228,3758615,1217455,28043,7191752,4607,81516,116429,1135270,771,6,3.8,57.0,Medium
U503980,56,Salaried,20451,9101,6324,110934,193024,261822,230144,3682,795924,68837,31483,1866,148491,675,11,3.24,67.0,Medium
U503981,30,Student,5483,3551,1932,2371,12416,0,0,846,14787,5806,2547,1088,7147,642,10,0.22,58.0,Medium
U503982,48,Salaried,113708,66817,21996,280654,421732,5367003,432833,25009,6502222,194881,31879,84185,529245,432,5,4.77,39.0,High
U503983,50,Salaried,185347,110062,47413,917737,810845,1834290,672925,92664,4235797,228690,221144,259826,1076392,710,3,1.9,51.0,Medium
U503984,50,Self-Employed,204604,102177,69294,908676,623198,4250003,2082524,48229,7864401,65106,101572,46491,1874482,753,6,3.2,61.0,Medium
U503985,52,Salaried,195730,139983,19846,1066806,590230,5655419,374621,37806,7687076,98629,224775,37425,945583,453,7,3.27,39.0,High
U503986,35,Salaried,24839,11739,5064,17930,226964,1101446,283575,4923,1629915,634,32872,12194,160848,570,6,5.47,48.0,Medium
U503987,36,Salaried,175245,113307,32298,771325,1100894,7080967,595659,35926,9548845,483507,226171,325038,785344,663,3,4.54,47.0,Medium
U503988,49,Business,94663,60848,16023,339149,214382,3368045,10109,25566,3931685,401677,111300,208613,491009,480,5,3.46,45.0,Medium
U503989,29,Student,11178,9045,2133,18101,238,0,0,1871,18339,812,634,165,2336,704,5,0.14,44.0,Medium
U503990,29,Salaried,236445,146828,46128,1265657,98144,6365861,466246,115664,8195908,47479,54259,551,497840,681,7,2.89,49.0,Medium
U503991,22,Salaried,82025,56840,15102,321298,428608,1003210,237909,31203,1991025,38928,88435,28979,327808,737,11,2.02,60.0,Medium
U503992,29,Self-Employed,247645,146257,72024,547188,789487,9929182,2288886,53198,13554743,188564,173581,101828,536033,456,0,4.56,32.0,High
U503993,25,Salaried,200850,139244,55413,8673,1632785,4783817,1513836,1596,7939111,351945,312625,31731,1208816,598,7,3.29,54.0,Medium
U503994,22,Student,7242,3833,3409,5987,10182,0,0,1350,16169,2185,906,1483,4005,750,5,0.19,57.0,Medium
U503995,33,Salaried,93861,41452,22509,190648,236732,2241176,1010733,28215,3679289,71202,36579,19471,130470,535,2,3.27,36.0,High
U503996,57,Self-Employed,98686,62865,32884,414804,460010,3404428,743643,6764,5022885,290184,18647,22770,425657,816,1,4.24,53.0,Medium
U503997,31,Salaried,241772,98826,46100,885899,273239,8519780,1141656,103150,10820574,386703,160880,44397,1293294,476,5,3.73,41.0,Medium
U503998,22,Salaried,98783,58099,15431,120123,427268,8141,598526,29676,1154058,35007,106296,94459,529422,542,11,0.97,53.0,Medium
U503999,44,Self-Employed,162909,89074,44366,746043,827084,4429810,762889,33457,6765826,543426,125319,394819,1108212,681,1,3.46,50.0,Medium
U504000,33,Salaried,91464,51027,25305,158773,824517,1730647,95253,41683,2809190,61246,74168,74416,663999,421,4,2.56,42.0,Medium
U504001,32,Salaried,184934,99211,56081,146691,164605,5496820,2998526,12559,8806642,215059,138791,27713,375826,462,6,3.97,43.0,Medium
U504002,53,Salaried,126348,83421,26635,498839,733933,2078969,1223960,6724,4535701,485850,145898,63190,1041859,572,3,2.99,47.0,Medium
U504003,40,Salaried,171419,126338,44571,710598,594594,1589601,924241,84598,3819034,127258,178113,120120,518289,636,2,1.86,43.0,Medium
U504004,26,Salaried,202782,107986,40497,611623,1306844,5223605,3148981,32653,10291053,581493,76142,286080,846586,450,3,4.23,38.0,High
U504005,22,Student,16651,10484,6167,21079,13438,0,0,587,34517,10706,8893,9715,22685,416,1,0.17,34.0,High
U504006,51,Salaried,223494,147794,76229,423706,1094655,6728653,4010189,87431,12257203,621863,90040,364519,901265,347,8,4.57,47.0,Medium
U504007,48,Salaried,37170,21791,9378,22193,128049,1364327,25170,7118,1539739,1110,35936,1049,206830,525,5,3.45,44.0,Medium
U504008,44,Salaried,204016,98418,20694,141817,1333227,2462651,1302670,75826,5240365,704921,120746,271114,1238881,845,9,2.14,63.0,Medium
U504009,55,Salaried,151777,75420,18752,428147,961414,918643,967298,50597,3275502,67118,39658,3165,340692,619,2,1.8,36.0,High
U504010,43,Self-Employed,241321,104540,62167,616027,510877,11412254,1772850,33488,14312008,225496,158419,68671,559983,447,11,4.94,49.0,Medium
U504011,49,Salaried,68265,45042,11974,71453,178262,16080,785393,18380,1051188,94540,77762,76591,392254,629,10,1.28,57.0,Medium
U504012,47,Self-Employed,155398,105405,39590,602287,1223230,6536508,391512,20596,8753537,182040,242180,130720,1107447,819,8,4.69,65.0,Medium
U504013,33,Self-Employed,83427,62515,14161,334242,775277,3895064,704612,3669,5709195,123142,8328,57685,609483,523,0,5.7,35.0,High
U504014,59,Self-Employed,216938,152132,55864,806905,622550,137453,2110804,63709,3677712,145619,23808,11735,544869,848,0,1.41,47.0,Medium
U504015,29,Student,16061,8130,7931,109572,6672,0,0,955,116244,7028,6604,3151,16899,762,7,0.6,62.0,Medium
U504016,34,Self-Employed,200849,112094,22705,1006942,1103918,281813,345289,63612,2737962,429084,167006,84734,465586,377,11,1.14,43.0,Medium
U504017,30,Salaried,174636,75683,46915,973331,1373335,953378,1674665,16252,4974709,514965,165051,224642,763981,535,7,2.37,51.0,Medium
U504018,43,Business,34771,20755,8864,6103,11036,1112587,235099,6357,1364825,139061,11692,13490,252153,520,11,3.27,59.0,Medium
U504019,47,Salaried,237223,128710,39542,1278594,1637515,2743475,1160564,49050,6820148,768112,344064,602005,1382010,674,1,2.4,46.0,Medium
U504020,26,Salaried,137128,95010,34509,538810,167993,4289252,1416391,29094,6412446,572764,123119,168823,639373,602,8,3.9,56.0,Medium
U504021,49,Business,101121,65335,12739,15811,491949,1465566,1063498,1559,3036824,315404,38846,173036,362792,606,4,2.5,43.0,Medium
U504022,37,Salaried,162559,68794,34981,887095,804574,1069138,1202955,2817,3963762,303411,250709,22773,1030846,697,9,2.03,59.0,Medium
U504023,55,Self-Employed,80807,46907,17721,162892,581918,1407602,961731,7619,3114143,58261,96674,148351,748285,761,10,3.21,67.0,Medium
U504024,49,Salaried,96265,58444,20028,476559,305311,4160262,1364778,38473,6306910,207950,46519,41208,714869,741,1,5.46,48.0,Medium
U504025,20,Student,16929,12397,4532,8675,19600,0,0,2809,28275,1047,4351,9501,39035,488,10,0.14,49.0,Medium
U504026,39,Salaried,152437,68464,18769,237522,1199550,4400422,1811106,43032,7648600,478164,141740,183315,1123531,839,8,4.18,63.0,Medium
U504027,47,Salaried,23510,15797,7490,33254,174874,206901,221082,6193,636111,58434,21876,29156,176583,308,10,2.25,51.0,Medium
U504028,29,Student,12156,6473,5683,5482,8083,0,0,1850,13565,1832,1220,1305,3032,811,6,0.09,60.0,Medium
U504029,36,Salaried,195722,82820,48041,316096,128797,501716,2878603,73034,3825212,487650,492625,130196,1707248,367,0,1.63,36.0,High
U504030,31,Self-Employed,32585,13270,7307,117392,84547,600683,553171,11338,1355793,2064,18597,18638,134458,735,0,3.47,43.0,Medium
U504031,52,Business,204643,104730,62042,95791,547985,8793979,3044690,73439,12482445,927058,556031,538135,769362,822,7,5.08,67.0,Medium
U504032,57,Salaried,147715,80726,20095,796056,976578,6049577,2555498,21171,10377709,71840,143529,43431,683548,638,1,5.85,38.0,High
U504033,28,Self-Employed,181914,101333,36927,596296,98414,3399242,2148038,13652,6241990,52450,10982,159001,759885,424,2,2.86,32.0,High
U504034,49,Salaried,64433,46822,7678,25127,111358,1117681,610503,10014,1864669,102672,46359,90265,570008,583,4,2.41,45.0,Medium
U504035,27,Student,6745,4378,2367,36202,15117,0,0,1087,51319,1485,966,1150,2462,824,9,0.63,62.0,Medium
U504036,40,Salaried,191671,88506,34819,1093571,1411081,6094334,1781542,50662,10380528,589461,138112,234207,803244,630,5,4.51,48.0,Medium
U504037,19,Student,8239,6800,1439,15196,8919,0,0,149,24115,4981,1090,774,10103,501,10,0.24,45.0,Medium
U504038,42,Salaried,80499,56347,21076,175301,180921,1969047,447518,10130,2772787,155826,57928,108453,233867,846,3,2.87,55.0,Medium
U504039,52,Salaried,53535,29561,18488,248714,274945,1929634,785451,5483,3238744,52007,50291,96161,416048,839,2,5.04,60.0,Medium
U504040,29,Salaried,233069,169895,60574,1195977,184139,7760262,3505555,56909,12645933,178313,45121,552696,2300890,608,4,4.52,52.0,Medium
U504041,34,Salaried,146877,91860,41115,294231,1171466,1843434,160204,17925,3469335,30862,155198,63534,590994,793,10,1.97,64.0,Medium
U504042,18,Student,13265,8669,4596,46297,20408,0,0,636,66705,56,239,55,3561,340,7,0.42,38.0,High
U504043,38,Salaried,109983,67838,35445,136670,910136,5017210,605180,45155,6669196,62765,42131,9823,155807,769,2,5.05,48.0,Medium
U504044,28,Salaried,244207,132199,42792,1253782,1258897,10204115,2404251,8690,15121045,339409,75422,266200,2117672,775,6,5.16,58.0,Medium
U504045,23,Business,238641,142770,82160,349942,1029299,3078897,2257016,46404,6715154,129053,46500,67091,1427991,511,8,2.34,52.0,Medium
U504046,28,Student,8815,4611,4204,24430,2125,0,0,647,26555,141,184,569,2043,408,9,0.25,49.0,Medium
U504047,24,Student,10350,8088,2262,36326,14737,0,0,1063,51063,2847,1645,181,14240,622,9,0.41,50.0,Medium
U504048,39,Self-Employed,192271,140762,57946,1041967,1480556,2404539,1953668,37090,6880730,589025,241239,24273,879955,482,1,2.98,40.0,Medium
U504049,49,Salaried,85831,45798,19085,446062,419518,378374,1238107,35681,2482061,181281,19582,9763,330680,359,7,2.41,39.0,High
U504050,51,Salaried,184038,118883,49977,108692,38952,5569683,1858173,76991,7575500,661449,301393,298901,445548,369,0,3.43,32.0,High
U504051,45,Self-Employed,207031,86603,38189,1115612,1602817,7284517,1936839,25971,11939785,551407,247009,190054,1625331,354,8,4.81,45.0,Medium
U504052,41,Salaried,149354,59751,18657,423614,594579,2127531,1220174,57196,4365898,138050,179079,225262,792739,435,9,2.44,45.0,Medium
U504053,57,Salaried,142232,80863,48842,65069,92467,4332802,1671216,154,6161554,540626,63716,370234,1015541,625,11,3.61,68.0,Medium
U504054,27,Salaried,146337,87627,48730,476863,1262022,2119569,667178,5020,4525632,79915,357742,299001,1159845,748,5,2.58,62.0,Medium
U504055,28,Salaried,186161,115318,34024,211027,1145786,8897704,3314178,41492,13568695,606033,111473,56315,914883,738,4,6.07,51.0,Medium
U504056,36,Salaried,134903,70647,21427,510167,174553,6292619,1441870,43915,8419209,268037,298618,239150,704112,394,3,5.2,36.0,High
U504057,32,Salaried,220437,91531,42585,1266416,1704129,2730044,3172980,70697,8873569,203652,251008,291028,903726,515,0,3.35,34.0,High
U504058,29,Student,16196,12725,3471,12641,10938,0,0,908,23579,14888,6697,5705,30985,840,4,0.12,52.0,Medium
U504059,43,Salaried,124612,56155,28966,12197,622671,4234612,1198967,19773,6068447,117594,49018,23033,247106,753,4,4.06,49.0,Medium
U504060,54,Self-Employed,204745,105298,33868,586422,1956476,2767718,3467017,86132,8777633,244222,180307,147246,461528,660,2,3.57,41.0,Medium
U504061,28,Student,19879,15928,3951,103203,21293,0,0,1618,124496,4181,2533,1373,7818,349,3,0.52,27.0,High
U504062,53,Self-Employed,234801,139384,74904,871243,1420488,10736954,1312546,17451,14341231,778237,164043,66473,1495725,440,7,5.09,50.0,Medium
U504063,48,Self-Employed,103181,65585,34092,609210,194025,250601,1360975,43430,2414811,253596,157096,15508,776369,321,2,1.95,38.0,High
U504064,20,Student,19477,11675,7802,27770,45342,0,0,1027,73112,11796,12204,1721,37306,620,5,0.31,51.0,Medium
U504065,48,Salaried,187073,117354,45936,272950,1232695,7179184,3033804,7300,11718633,593152,337639,357169,1125273,580,3,5.22,48.0,Medium
U504066,26,Salaried,133497,72029,14954,529583,500536,5786320,1783174,26456,8599613,112810,26642,103628,458566,438,4,5.37,33.0,High
U504067,52,Self-Employed,148108,74974,40593,256827,26010,377839,79169,22972,739845,497602,78332,78756,881029,362,11,0.42,51.0,Medium
U504068,41,Salaried,100644,73832,33011,537393,887142,2582886,1605007,6026,5612428,334890,5087,28046,715134,543,3,4.65,48.0,Medium
U504069,28,Student,8490,5503,2987,17567,9051,0,0,1497,26618,7184,3848,1256,16296,637,0,0.26,41.0,Medium
U504070,33,Salaried,71009,35859,20022,358298,14976,2591527,544894,14486,3509695,211699,91450,138890,409374,501,7,4.12,52.0,Medium
U504071,45,Salaried,132551,98054,26463,485747,345418,5283928,644401,29196,6759494,266373,153421,5097,406369,758,2,4.25,47.0,Medium
U504072,53,Salaried,110658,65245,37604,80709,126628,441384,1899515,35009,2548236,234646,216779,39468,692768,664,11,1.92,66.0,Medium
U504073,42,Salaried,156089,89943,44547,298048,944788,7381752,2592633,69065,11217221,77335,251832,290025,979547,589,3,5.99,48.0,Medium
U504074,38,Self-Employed,225277,158769,47014,367599,248734,4582192,2397447,53226,7595972,1076009,428647,555968,838194,527,6,2.81,50.0,Medium
U504075,50,Self-Employed,70533,44488,11803,379104,101230,2448761,412476,26632,3341571,395533,28772,109040,467775,729,11,3.95,66.0,Medium
U504076,37,Salaried,212581,102547,60694,381545,305352,10190082,1206616,16969,12083595,22620,138654,32397,640656,803,4,4.74,53.0,Medium
U504077,55,Business,27714,16743,9507,79540,63504,139301,413191,3610,695536,98005,3321,2451,223985,564,11,2.09,63.0,Medium
U504078,33,Self-Employed,44560,23951,12917,18814,9593,1083866,459730,9505,1572003,15907,105269,7438,403798,529,8,2.94,55.0,Medium
U504079,28,Self-Employed,148141,92124,34654,699726,473176,92940,480477,8814,1746319,464697,180546,70418,1334194,401,10,0.98,53.0,Medium
U504080,30,Salaried,187903,129282,24451,318761,297270,6694952,1159273,46542,8470256,888270,465645,265799,930673,626,3,3.76,47.0,Medium
U504081,31,Business,106420,64205,13540,264206,766031,2822333,549444,34223,4402014,74083,130841,241341,878197,359,6,3.45,40.0,Medium
U504082,44,Self-Employed,165005,87266,44353,520383,493628,7646899,592487,47332,9253397,109833,11511,46363,259796,436,7,4.67,41.0,Medium
U504083,58,Business,178049,114412,49116,792722,45236,4383189,139181,57482,5360328,506282,8291,280407,691438,389,9,2.51,48.0,Medium
U504084,37,Self-Employed,83403,57076,26979,339184,583724,747927,1469708,6343,3140543,151237,12496,16483,244601,412,7,3.14,44.0,Medium
U504085,52,Salaried,112229,46514,30206,567641,443203,2435602,1870477,53944,5316923,62076,207000,201871,583443,805,5,3.95,59.0,Medium
U504086,30,Student,10212,7057,3155,65246,11904,0,0,1628,77150,3817,2400,1195,4788,416,6,0.63,39.0,High
U504087,49,Salaried,30035,13837,5310,11406,134151,545657,416051,6243,1107265,98781,69559,62501,190862,339,2,3.07,35.0,High
U504088,37,Business,247580,130330,41700,1022965,1535091,8574754,3632535,10603,14765345,134548,107610,92945,704252,653,4,4.97,43.0,Medium
U504089,41,Salaried,44147,28039,9636,233028,87336,1915998,436541,12318,2672903,43189,1972,11321,86411,473,1,5.05,31.0,High
U504090,40,Business,93980,38194,21643,138266,170125,1836909,118019,2807,2263319,89761,23325,68,461141,552,6,2.01,46.0,Medium
U504091,40,Salaried,206932,136169,67766,1223141,1716613,4042644,452764,58509,7435162,51969,277659,93341,1035711,359,2,2.99,35.0,High
U504092,50,Self-Employed,125952,71095,13598,228812,764829,1646869,767320,26810,3407830,263614,142827,5707,637439,491,8,2.25,44.0,Medium
U504093,48,Salaried,249963,176762,66781,311543,162880,8766949,4139433,82383,13380805,310409,187221,151288,332279,393,6,4.46,39.0,High
U504094,29,Salaried,44768,26960,7424,18795,282499,978134,679773,7098,1959201,37368,34443,33927,71139,378,8,3.65,38.0,High
U504095,39,Self-Employed,178408,115860,22706,825386,474049,733021,1269845,55946,3302301,340545,139726,312341,1098383,619,0,1.54,39.0,High
U504096,32,Self-Employed,159826,80403,30705,758347,392969,4517763,1961503,44745,7630582,151289,247756,234275,1210366,656,9,3.98,58.0,Medium
U504097,52,Business,140001,83715,34125,787167,504196,5416806,812296,37176,7520465,407423,232225,161568,460057,378,7,4.48,43.0,Medium
U504098,23,Self-Employed,41126,20738,8897,150287,132972,554348,572954,17141,1410561,150374,76845,3919,273481,308,5,2.86,39.0,High
U504099,49,Salaried,78403,36329,22912,71548,700507,3626991,355842,20393,4754888,184050,91821,78330,145227,775,6,5.05,57.0,Medium
U504100,49,Salaried,225387,107388,24037,1098678,461902,5236286,2482075,51050,9278941,215226,127766,10796,1661509,462,1,3.43,32.0,High
U504101,28,Business,53135,29731,5446,52151,344875,1927574,375352,5833,2699952,27382,20979,14935,66828,714,2,4.23,38.0,High
U504102,48,Salaried,238940,146977,49473,1316935,1472517,3432791,903911,17024,7126154,81928,99428,332988,1214264,768,4,2.49,52.0,Medium
U504103,55,Business,212508,118365,34984,821699,909791,53787,729532,36835,2514809,195207,171,12740,306371,791,11,0.99,59.0,Medium
U504104,26,Business,64325,39679,19688,154219,125753,1329468,579285,16386,2188725,30206,34099,21382,102093,847,5,2.84,56.0,Medium
U504105,28,Student,16927,13975,2952,89599,13012,0,0,1605,102611,800,895,226,3083,716,1,0.51,37.0,High
U504106,59,Business,132968,70128,30572,254922,491704,1254188,2344303,9916,4345117,480519,36757,47557,1195582,470,2,2.72,42.0,Medium
U504107,25,Salaried,106074,65589,20864,130166,213370,1329215,656816,12914,2329567,210079,140754,56782,511398,669,0,1.83,42.0,Medium
U504108,55,Salaried,135067,76515,14972,471042,857461,544269,1798733,23710,3671505,9931,9828,66149,319116,810,8,2.27,53.0,Medium
U504109,54,Salaried,144464,63091,35036,102679,1086248,3940583,92025,11483,5221535,419855,94692,229133,746781,324,3,3.01,35.0,High
U504110,20,Student,15254,11250,4004,50241,12400,0,0,592,62641,8798,4206,2467,10524,624,1,0.34,38.0,High
U504111,38,Salaried,200808,102850,59550,1170387,1085851,2909228,2039041,35400,7204507,117323,390635,351875,1196695,643,9,2.99,60.0,Medium
U504112,54,Self-Employed,117854,86708,12933,538877,1031334,4309987,1690766,57155,7570964,154681,96288,145087,336982,583,5,5.35,41.0,Medium
U504113,35,Salaried,167840,81673,44503,914048,176974,4403912,1516209,22418,7011143,251769,66359,225608,661635,848,10,3.48,67.0,Medium
U504114,49,Business,36730,25744,5617,177637,204867,1661087,615833,8031,2659424,4983,9964,5574,89222,423,5,6.03,34.0,High
U504115,44,Salaried,63570,31399,15522,359936,264054,1565449,968186,14798,3157625,174956,53460,32248,353253,329,4,4.14,37.0,High
U504116,20,Student,18589,14486,4103,62314,19541,0,0,3079,81855,753,156,628,3457,491,11,0.37,46.0,Medium
U504117,29,Student,7664,5951,1713,17630,13452,0,0,1258,31082,677,1162,11,6079,612,3,0.34,39.0,High
U504118,54,Salaried,173581,122790,53819,212056,739644,6657842,2945395,26164,10554937,141354,126108,46621,533119,451,2,5.07,37.0,High
U504119,26,Self-Employed,141213,66443,39412,501837,1126994,1090892,1641409,51877,4361132,181621,135342,128252,1006350,325,6,2.57,42.0,Medium
U504120,43,Salaried,80657,57552,23725,49304,557575,3152582,794461,27674,4553922,227846,70423,50473,518805,608,8,4.71,58.0,Medium
U504121,51,Business,135036,62188,21171,541183,601457,831536,2202492,51936,4176668,300237,282118,285364,847908,842,2,2.58,54.0,Medium
U504122,59,Salaried,157644,91978,36735,249214,900127,3474684,1187348,19616,5811373,139824,57475,39075,421891,305,3,3.07,29.0,High
U504123,31,Salaried,231482,110946,40102,335034,1088339,3035934,670622,28761,5129929,367848,572118,75901,1978579,583,1,1.85,43.0,Medium
U504124,41,Salaried,240750,116724,59304,589074,1805217,5731603,1058972,56437,9184866,1023250,79886,444612,1343521,646,10,3.18,62.0,Medium
U504125,28,Self-Employed,167529,83841,55218,207845,705439,6780251,2058650,29661,9752185,568000,143736,333966,967514,760,11,4.85,71.0,Low
U504126,26,Self-Employed,139540,83837,34740,188672,700991,5495327,573508,45314,6958498,30632,4181,73591,299761,673,7,4.16,51.0,Medium
U504127,41,Business,150187,100169,20557,751425,91115,4098824,568068,20040,5509432,341799,41062,199701,451287,692,5,3.06,47.0,Medium
U504128,22,Student,8844,7498,1346,56383,11374,0,0,1567,67757,7242,3137,2506,12259,701,3,0.64,42.0,Medium
U504129,50,Salaried,57155,23868,17864,328266,21457,2731212,561610,22809,3642545,81911,10115,39385,162237,664,4,5.31,49.0,Medium
U504130,26,Self-Employed,180423,93687,23614,620860,65672,7669981,1415721,51041,9772234,146977,20542,104982,1549896,827,8,4.51,60.0,Medium
U504131,48,Salaried,201302,82919,65942,973556,670712,4851550,133196,14586,6629014,509254,160488,32406,1598073,644,1,2.74,49.0,Medium
U504132,30,Student,19037,15669,3368,133749,31314,0,0,202,165063,451,110,520,4788,576,8,0.72,43.0,Medium
U504133,41,Self-Employed,82759,54309,17436,457460,393016,3891089,907925,26970,5649490,38142,89240,55361,455414,700,1,5.69,44.0,Medium
U504134,37,Salaried,145888,78611,38781,405321,16435,724645,600649,30762,1747050,363276,17814,205710,449723,492,7,1.0,47.0,Medium
U504135,59,Salaried,247919,182002,28351,1196144,1730881,5418778,1561880,66212,9907683,41583,119408,14161,907038,522,7,3.33,41.0,Medium
U504136,51,Salaried,186684,117048,20125,828372,631452,5025790,3292172,25584,9777786,75787,25432,55599,1141920,546,8,4.36,45.0,Medium
U504137,59,Salaried,65262,46024,14866,157335,42695,2924737,504951,1533,3629718,52719,5029,50909,151802,668,8,4.63,52.0,Medium
U504138,33,Salaried,198119,106871,25851,550386,159492,3476379,903898,57387,5090155,804118,343549,140829,885177,780,3,2.14,51.0,Medium
U504139,19,Student,6951,4383,2568,11624,1013,0,0,426,12637,5550,2500,764,12184,843,2,0.15,53.0,Medium
U504140,26,Student,15011,9772,5239,53166,22328,0,0,2684,75494,17103,5524,3232,27932,751,4,0.42,53.0,Medium
U504141,31,Salaried,107410,60594,12005,542725,896857,4190098,1922243,41276,7551923,127961,1191,52212,488244,680,0,5.86,37.0,High
U504142,50,Self-Employed,71466,48694,12360,212027,332217,2334114,827159,11278,3705517,9796,130473,24386,503112,683,9,4.32,57.0,Medium
U504143,42,Business,222192,119785,64054,658803,1423986,8099874,1486721,57634,11669384,126762,158356,884,725305,801,7,4.38,59.0,Medium
U504144,24,Salaried,25166,12359,4009,55485,149248,712306,366184,448,1283223,41982,1209,19256,243651,627,4,4.25,48.0,Medium
U504145,40,Self-Employed,47758,30017,12066,155785,31498,248996,246749,22774,683028,93205,85788,9097,258455,374,9,1.19,47.0,Medium
U504146,52,Self-Employed,196847,111281,44599,33080,1512650,4942108,143133,38104,6630971,1034557,332371,409245,878269,838,10,2.81,70.0,Low
U504147,55,Self-Employed,146765,64812,16706,548303,1337110,4527084,2192701,37334,8605198,106877,53290,19276,178335,450,0,4.89,25.0,High
U504148,38,Salaried,87766,41903,30458,179376,265106,3502076,205748,29291,4152306,362591,198026,116496,361980,384,4,3.94,44.0,Medium
U504149,26,Student,19441,12582,6859,84371,10250,0,0,2186,94621,491,271,272,418,390,3,0.41,33.0,High
U504150,24,Salaried,126862,72037,15646,505105,1095912,821395,395326,49048,2817738,507671,76688,230862,618370,671,3,1.85,46.0,Medium
U504151,33,Salaried,144839,91107,23527,50807,246836,5951925,136011,5103,6385579,35559,8580,32591,440099,429,6,3.67,36.0,High
U504152,42,Self-Employed,180783,121389,25777,42460,118989,7783269,2083170,85715,10027888,148693,64927,39130,490618,701,11,4.62,56.0,Medium
U504153,36,Self-Employed,90912,51701,25921,467704,540996,1897897,1148582,15898,4055179,40248,38718,40682,273725,364,4,3.72,35.0,High
U504154,23,Salaried,139127,99806,14747,4561,1065923,1096994,233810,67417,2401288,90952,7150,49570,300274,624,3,1.44,37.0,High
U504155,48,Business,199172,80979,66907,1160200,1170323,7236348,113771,67849,9680642,123816,128320,265752,884700,481,10,4.05,54.0,Medium
U504156,30,Business,60259,38512,7997,311452,177487,899682,155290,19812,1543911,7264,8896,6596,235043,597,0,2.14,33.0,High
U504157,29,Student,8410,5235,3175,37603,19016,0,0,1661,56619,3102,421,1112,20846,795,6,0.56,58.0,Medium
U504158,28,Self-Employed,228332,155815,23189,487886,886111,1971212,3275103,43069,6620312,589593,21160,132104,1043513,566,3,2.42,38.0,High
U504159,34,Self-Employed,58679,30123,14115,198633,435284,2494145,423877,20583,3551939,42577,39552,6673,308490,664,7,5.04,53.0,Medium
U504160,54,Salaried,160148,97374,48428,195052,870621,655130,656891,15506,2377694,117936,38528,367420,1459760,349,7,1.24,47.0,Medium
U504161,27,Self-Employed,96527,58354,31094,403838,299810,334058,1062427,33571,2100133,184580,18177,52803,221018,426,9,1.81,48.0,Medium
U504162,28,Student,8407,4443,3964,29996,18209,0,0,413,48205,1094,275,676,8067,471,3,0.48,42.0,Medium
U504163,55,Salaried,220341,98316,76724,560628,1232499,1235414,1607414,14678,4635955,901704,442145,6375,950872,373,2,1.75,40.0,Medium
U504164,50,Salaried,171215,127013,58471,606003,759067,5799298,2777452,62021,9941820,155479,31892,141168,400811,486,9,4.84,51.0,Medium
U504165,59,Business,39065,17441,9814,87126,154750,1632867,620386,16543,2495129,15146,62540,4035,314390,762,1,5.32,50.0,Medium
U504166,32,Salaried,197131,101935,47701,368541,1744425,216736,780387,31372,3110089,117279,223514,75199,1106313,565,3,1.31,43.0,Medium
U504167,38,Self-Employed,200833,85750,45342,458077,1306663,6570923,2336077,96066,10671740,274394,413106,183387,1425178,389,9,4.43,48.0,Medium
U504168,39,Self-Employed,232833,134459,51311,840395,1621690,9498244,2649382,74398,14609711,67697,299796,171064,2144830,447,5,5.23,44.0,Medium
U504169,46,Self-Employed,209346,134695,60365,742631,1443359,8660809,2432533,93250,13279332,8487,166595,343382,1238357,484,3,5.29,42.0,Medium
U504170,27,Salaried,208396,97827,62438,745544,595509,1558631,1515000,27869,4414684,189775,40947,50972,1075462,622,10,1.77,58.0,Medium
U504171,52,Salaried,111013,76417,27878,151367,440149,4654220,489798,9971,5735534,514019,135314,179107,530967,678,11,4.31,65.0,Medium
U504172,26,Student,12383,9598,2785,4270,14752,0,0,968,19022,17309,3506,6558,16068,438,5,0.13,37.0,High
U504173,43,Salaried,66406,34197,8544,351447,291565,1193411,769112,30333,2605535,16034,43801,105782,759843,692,1,3.27,46.0,Medium
U504174,24,Student,7564,4913,2651,49203,5333,0,0,146,54536,2863,2765,2326,11508,769,7,0.6,58.0,Medium
U504175,53,Salaried,66732,46215,18427,371228,186840,49734,1185706,7221,1793508,142385,16737,23718,361947,691,0,2.24,45.0,Medium
U504176,57,Self-Employed,222918,113212,51976,582663,1958057,8467020,1004145,106789,12011885,1153837,52517,369113,1490567,785,0,4.49,52.0,Medium
U504177,49,Self-Employed,220529,161348,62919,189777,1081362,7320558,1395018,43778,9986715,26939,464260,154988,2026175,321,8,3.77,47.0,Medium
U504178,43,Self-Employed,30319,12258,8378,141201,190087,1059549,87485,9758,1478322,9411,1755,11371,171194,806,9,4.06,63.0,Medium
U504179,28,Self-Employed,184329,108074,59695,746102,1127953,3976919,253166,5732,6104140,180330,85003,22044,208098,372,9,2.76,44.0,Medium
U504180,25,Student,5753,2935,2818,41151,9729,0,0,954,50880,657,682,672,7139,651,8,0.74,59.0,Medium
U504181,32,Self-Employed,138599,78888,30147,2660,758450,5351912,1178104,46104,7291126,98005,121965,71578,523224,382,2,4.38,32.0,High
U504182,24,Student,18554,15056,3498,75769,18980,0,0,1263,94749,250,138,398,10050,390,1,0.43,25.0,High
U504183,25,Salaried,195798,112925,59020,611061,464119,5904557,905799,67101,7885536,941779,401426,451752,871952,634,6,3.36,58.0,Medium
U504184,45,Salaried,88033,52344,19831,251999,298494,243142,308181,13194,1101816,183905,112402,99722,334956,831,1,1.04,51.0,Medium
U504185,22,Student,14985,8189,6796,72091,7050,0,0,679,79141,3498,1482,449,4137,751,10,0.44,64.0,Medium
U504186,28,Self-Employed,58336,33990,11741,73624,243423,2055205,322678,20289,2694930,8629,44396,33478,273533,554,1,3.85,37.0,High
U504187,31,Salaried,67431,43205,9318,300682,271272,2544267,472547,19427,3588768,192491,69088,78871,199789,832,4,4.44,52.0,Medium
U504188,51,Self-Employed,105029,50150,18756,294445,292858,61356,1451492,22518,2100151,373694,15937,6694,562491,478,2,1.67,37.0,High
U504189,36,Self-Employed,54382,36833,16314,110995,330368,1020898,635327,22053,2097588,110802,50003,38340,245394,800,9,3.21,65.0,Medium
U504190,23,Student,16638,12488,4150,60642,6825,0,0,53,67467,11689,8267,2189,20430,367,8,0.34,39.0,High
U504191,35,Self-Employed,31521,20262,10314,39316,227596,1437517,234776,8983,1939205,38917,9940,9677,40220,819,10,5.13,64.0,Medium
U504192,45,Salaried,191059,86462,52843,1005749,898438,9089242,2576771,69912,13570200,773533,370691,160059,695992,664,10,5.92,62.0,Medium
U504193,29,Student,10901,8281,2620,69968,14351,0,0,488,84319,17,12,31,234,307,11,0.64,39.0,High
U504194,52,Self-Employed,181235,79553,24607,73943,1498312,1112386,1278531,9121,3963172,328320,67386,23243,1826950,356,8,1.82,43.0,Medium
U504195,37,Business,167819,105454,40053,270348,837449,1422755,1615776,27708,4146328,325249,32568,140961,821824,357,1,2.06,31.0,High
U504196,20,Student,9051,5970,3081,50511,5190,0,0,889,55701,5592,1274,1883,14128,343,7,0.51,40.0,Medium
U504197,30,Student,18361,14634,3727,2225,37008,0,0,3262,39233,590,1092,1528,7460,541,10,0.18,47.0,Medium
U504198,22,Salaried,36592,24427,3799,144503,104508,116519,270216,11258,635746,23581,9192,1033,72586,759,10,1.45,54.0,Medium
U504199,23,Self-Employed,210938,141576,59035,635899,501104,2883620,433366,29086,4453989,581470,104297,246399,727530,608,4,1.76,48.0,Medium
U504200,26,Student,18001,13633,4368,59590,18462,0,0,2403,78052,460,554,1809,24157,528,11,0.36,50.0,Medium
U504201,19,Student,7388,5934,1454,40371,1556,0,0,128,41927,497,755,629,3256,355,2,0.47,25.0,High
U504202,23,Salaried,86247,34913,15494,237900,773292,3106349,942861,2817,5060402,98954,72425,97469,287741,564,9,4.89,50.0,Medium
U504203,54,Salaried,158094,99318,26599,92697,685904,4619548,2801528,13754,8199677,76915,48420,17011,301887,562,3,4.32,36.0,High
U504204,55,Business,147030,82644,19281,690106,996072,6845619,1566840,8996,10098637,148403,219587,197666,1348437,694,7,5.72,56.0,Medium
U504205,46,Business,25497,10398,7354,97197,43913,1132622,389632,2661,1663364,48589,52462,45847,168683,335,9,5.44,49.0,Medium
U504206,26,Salaried,22937,12959,3041,114931,22044,878190,351962,4668,1367127,4738,11960,6608,49208,735,8,4.97,51.0,Medium
U504207,47,Salaried,172117,112302,29010,117863,291154,6783843,2334994,67507,9527854,419384,270457,52392,750959,802,4,4.61,53.0,Medium
U504208,26,Student,11126,8653,2473,10346,7595,0,0,821,17941,2754,1964,1404,7976,635,2,0.13,38.0,High
U504209,35,Business,89133,46707,13699,197746,325450,715307,880107,38010,2118610,121491,89418,72137,165974,449,4,1.98,35.0,High
U504210,18,Student,15513,11252,4261,46799,18283,0,0,2149,65082,2395,535,511,15440,535,9,0.35,48.0,Medium
U504211,40,Salaried,155819,69518,37156,360897,619558,2329221,143726,36515,3453402,81610,20142,58906,256442,819,3,1.85,49.0,Medium
U504212,40,Salaried,49559,24145,7536,60991,374287,315614,807516,16551,1558408,11317,55448,51568,176626,541,10,2.62,49.0,Medium
U504213,26,Self-Employed,28480,20638,3493,60247,90071,28191,348710,10654,527219,3360,3948,3313,79769,659,2,1.54,37.0,High
U504214,24,Student,13077,10476,2601,74318,24500,0,0,1863,98818,4782,6566,3580,19749,424,5,0.63,35.0,High
U504215,37,Salaried,226916,156319,38293,1070825,900303,476869,3943707,19763,6391704,121063,99532,182946,1006516,754,5,2.35,50.0,Medium
U504216,28,Student,14167,9801,4366,7161,20533,0,0,1298,27694,1762,824,264,7239,520,4,0.16,39.0,High
U504217,27,Student,15806,10144,5662,7362,19685,0,0,2432,27047,99,158,364,3132,407,5,0.14,38.0,High
U504218,37,Self-Employed,110921,60578,23942,551788,303977,1422447,867829,8581,3146041,360644,128791,103693,416479,771,11,2.36,65.0,Medium
U504219,33,Salaried,63902,31708,17340,240226,474283,278679,956290,4906,1949478,224183,87561,90615,358442,519,1,2.54,42.0,Medium
U504220,26,Student,15642,12817,2825,26655,37335,0,0,1756,63990,1762,1419,1225,3608,702,2,0.34,39.0,High
U504221,41,Salaried,52124,26542,16869,87795,24082,1158456,700506,9006,1970839,95126,16686,54408,168269,770,3,3.15,53.0,Medium
U504222,28,Salaried,248651,173312,50600,1390167,2206184,5468247,2528033,106269,11592631,267030,352000,462940,2122287,376,2,3.89,37.0,High
U504223,35,Salaried,60078,26450,14360,356772,264927,1107528,1053645,25066,2782872,146107,20539,83571,373193,415,4,3.86,41.0,Medium
U504224,49,Self-Employed,101567,55759,33498,423910,706253,3439828,1226937,12599,5796928,48273,12671,44788,454136,392,3,4.76,37.0,High
U504225,51,Business,71863,38419,23232,289201,533785,481917,888562,3391,2193465,80479,46574,26610,591412,458,8,2.54,52.0,Medium
U504226,23,Business,47603,31899,7196,105851,408453,1934942,63972,12192,2513218,39851,4770,15494,120588,802,9,4.4,56.0,Medium
U504227,44,Business,106447,46390,29718,340607,696252,1240269,1656308,50947,3933436,374424,263746,87212,609163,741,6,3.08,61.0,Medium
U504228,26,Student,8242,5534,2708,47822,16490,0,0,65,64312,1252,93,343,2586,520,11,0.65,52.0,Medium
U504229,37,Salaried,186960,117530,51410,601911,1121919,2396160,1997537,63288,6117527,334200,163028,142079,856149,321,10,2.73,46.0,Medium
U504230,42,Salaried,69350,38785,13892,113898,653967,2838594,806462,19134,4412921,20009,138153,118468,478727,383,8,5.3,45.0,Medium
U504231,45,Salaried,205736,105238,58011,572462,269924,3609784,201382,60332,4653552,81873,128948,119893,1449682,714,8,1.88,60.0,Medium
U504232,56,Business,72921,51881,21093,332229,620912,1203165,1021080,28078,3177386,38674,98372,22655,417665,433,2,3.63,38.0,High
U504233,49,Self-Employed,196955,115829,39191,361908,718679,1903421,2804356,32996,5788364,60401,303288,31418,2241829,830,7,2.45,64.0,Medium
U504234,47,Salaried,194484,83663,56697,204930,825384,54345,2697296,14076,3781955,272390,89663,308470,1550909,564,3,1.62,48.0,Medium
U504235,29,Student,18480,14855,3625,65917,4899,0,0,79,70816,2710,3847,1614,14820,491,3,0.32,33.0,High
U504236,28,Student,14185,7269,6916,41954,17938,0,0,2369,59892,314,9254,3314,36542,466,5,0.35,47.0,Medium
U504237,40,Salaried,127068,93911,37361,98192,1117345,2090572,1741160,40734,5047269,100801,82653,32145,913902,544,11,3.31,58.0,Medium
U504238,28,Business,216726,150342,56077,217393,1011699,5758881,3399797,102020,10387770,903015,72887,74502,1425530,421,3,3.99,41.0,Medium
U504239,31,Self-Employed,117654,50212,11867,486675,683255,478204,1009811,19161,2657945,41404,100810,186551,1174075,723,7,1.88,56.0,Medium
U504240,53,Self-Employed,186563,138325,39985,318484,707635,4381132,1983313,27627,7390564,664135,335498,209113,1031560,448,10,3.3,53.0,Medium
U504241,33,Business,35919,25127,10435,150685,193563,329786,343754,9812,1017788,13068,15448,41065,259786,457,2,2.36,40.0,Medium
U504242,44,Salaried,43102,30362,14158,141345,11122,1907833,584111,2862,2644411,65546,9366,2378,167126,490,10,5.11,53.0,Medium
U504243,26,Salaried,119916,67878,37099,639327,697264,2192729,1988741,953,5518061,182887,7155,112221,274239,670,3,3.83,47.0,Medium
U504244,21,Student,11947,6331,5616,61165,24808,0,0,1317,85973,2260,6275,947,24501,525,11,0.6,59.0,Medium
U504245,51,Salaried,43182,25481,5033,195387,110671,620434,25307,20136,951799,15389,14847,19016,57776,822,10,1.84,57.0,Medium
U504246,48,Salaried,143102,85947,36552,351871,145157,710533,2210351,34078,3417912,13341,71407,75893,621520,424,8,1.99,44.0,Medium
U504247,25,Salaried,213091,110857,49585,577164,1413226,223119,2384473,87303,4597982,475605,46209,412464,1850428,687,9,1.8,62.0,Medium
U504248,24,Self-Employed,73048,48582,12014,208774,419591,3123791,1033355,13434,4785511,211815,119324,14019,354480,581,8,5.46,51.0,Medium
U504249,30,Salaried,162631,102457,40549,369987,178804,3182554,1261659,34155,4993004,108047,26377,13327,335020,311,2,2.56,27.0,High
U504250,50,Salaried,249151,106134,37881,1430606,2366597,8235107,1127301,75429,13159611,81050,157363,88353,866413,761,9,4.4,56.0,Medium
U504251,36,Self-Employed,123717,89118,24101,688939,598399,417476,127724,49848,1832538,167439,99173,84627,279343,390,9,1.23,42.0,Medium
U504252,32,Business,130696,79355,38063,667243,101867,5894539,812360,6996,7476009,570840,91675,257722,668280,458,3,4.77,44.0,Medium
U504253,44,Salaried,206359,147086,24857,586183,1455838,319577,1638601,100809,4000199,244409,336366,396192,1631722,686,5,1.62,51.0,Medium
U504254,33,Salaried,64316,39081,19625,6564,15474,2501458,958519,30263,3482015,116054,47994,78271,487446,547,7,4.51,54.0,Medium
U504255,23,Student,13928,8784,5144,9438,16606,0,0,1636,26044,14573,8222,1315,20734,463,9,0.16,50.0,Medium
U504256,25,Salaried,175142,91429,23400,137056,1598407,8057068,2018576,67658,11811107,763170,114532,36057,1505899,451,11,5.62,53.0,Medium
U504257,37,Business,100416,49552,11375,432238,622178,2836753,484428,15363,4375597,95566,267346,256346,822612,705,0,3.63,45.0,Medium
U504258,34,Salaried,161890,77284,22723,325200,1082572,6062653,244560,27409,7714985,120582,139269,280164,1032312,584,10,3.97,54.0,Medium
U504259,55,Business,83558,53624,11993,356502,341697,3453270,1138491,35492,5289960,210134,124221,100347,227057,740,6,5.28,52.0,Medium
U504260,41,Salaried,25788,12021,7958,80335,124646,621264,172041,654,998286,46465,2164,23601,49789,484,6,3.23,45.0,Medium
U504261,20,Student,5168,3668,1500,2836,10502,0,0,537,13338,4086,436,3,8817,734,7,0.22,54.0,Medium
U504262,21,Student,8390,4761,3629,37329,4578,0,0,1078,41907,303,281,316,830,584,6,0.42,49.0,Medium
U504263,28,Self-Employed,209163,125869,21544,628405,717636,3783015,1574129,100703,6703185,80150,261166,263049,2061857,541,1,2.67,38.0,High
U504264,20,Student,10076,7716,2360,48997,9508,0,0,660,58505,18,2,34,217,700,3,0.48,42.0,Medium
U504265,44,Self-Employed,159399,116162,21194,747473,514972,6266835,1762381,46575,9291661,49866,98195,129583,663441,661,7,4.86,48.0,Medium
U504266,39,Self-Employed,167304,93586,37188,604870,1298707,3033773,502456,27942,5439806,3499,10544,68011,388235,492,1,2.71,32.0,High
U504267,47,Self-Employed,80781,44908,27466,241025,262053,2298559,66754,4799,2868391,70925,614,8115,286597,431,10,2.96,50.0,Medium
U504268,22,Student,10128,7095,3033,39031,14398,0,0,943,53429,954,4090,2369,28910,563,0,0.44,37.0,High
U504269,59,Salaried,39614,22704,4481,126227,349968,1586367,530105,5594,2592667,102433,1113,71354,228523,583,10,5.45,53.0,Medium
U504270,32,Salaried,205220,88501,55797,486737,1939199,9677564,2423403,55884,14526903,269985,114606,209620,559813,357,3,5.9,34.0,High
U504271,25,Student,19259,15343,3916,77708,34939,0,0,2862,112647,6354,3494,620,13235,354,5,0.49,31.0,High
U504272,28,Salaried,86232,43804,25489,352253,715261,3561556,588929,41013,5217999,338555,102866,79639,611328,474,11,5.04,59.0,Medium
U504273,57,Salaried,56102,28515,6211,249341,533164,1259616,676373,24342,2718494,103395,341,46389,136917,359,3,4.04,28.0,High
U504274,21,Student,13533,7876,5657,83335,21471,0,0,1663,104806,5476,888,1226,9180,695,1,0.65,46.0,Medium
U504275,25,Student,12700,10058,2642,22202,10052,0,0,444,32254,730,482,503,1503,644,8,0.21,47.0,Medium
U504276,26,Salaried,61134,39681,13265,286155,533217,2418980,26279,27190,3264631,201180,127600,69207,444458,642,0,4.45,46.0,Medium
U504277,31,Self-Employed,217926,150634,71984,681919,1080063,4674572,630447,39841,7067001,151469,445532,72868,2357132,698,7,2.7,64.0,Medium
U504278,20,Student,13181,7557,5624,5850,23785,0,0,1568,29635,3476,2883,1123,8252,308,8,0.19,42.0,Medium
U504279,46,Salaried,55747,22424,8906,4421,477021,2465089,715375,13992,3661906,63222,104143,21396,467659,319,7,5.47,40.0,Medium
U504280,29,Student,11609,9688,1921,45915,20722,0,0,2297,66637,1939,744,1011,3068,457,2,0.48,28.0,High
U504281,56,Salaried,29059,17236,10096,49498,99947,262516,36088,11278,448049,19918,13032,22451,117764,318,2,1.28,34.0,High
U504282,56,Salaried,231624,124399,64308,876771,67751,7836903,2079728,112778,10861153,440759,288596,348820,697619,610,0,3.91,41.0,Medium
U504283,30,Self-Employed,113123,60692,29369,560597,294137,1133814,1723229,11567,3711777,280255,78749,200311,530028,777,0,2.73,49.0,Medium
U504284,29,Student,15422,9872,5550,109952,6017,0,0,1946,115969,9400,318,2193,13355,787,11,0.63,65.0,Medium
U504285,28,Salaried,127981,94918,15108,659286,717108,2295516,1269163,55794,4941073,131902,40350,78157,713711,319,2,3.22,27.0,High
U504286,35,Business,191943,81535,20967,1049022,986520,1521844,567203,84071,4124589,524635,451119,224717,1323464,636,8,1.79,54.0,Medium
U504287,24,Self-Employed,238704,106289,75833,447562,420229,11166086,1387079,75812,13420956,229601,608899,471744,1778005,395,0,4.69,38.0,High
U504288,59,Self-Employed,214962,103897,66889,1188251,429622,8860016,1891711,9345,12369600,170398,447235,85587,2309385,779,11,4.8,73.0,Low
U504289,25,Salaried,45278,29207,7508,47115,163978,829050,189843,15269,1229986,19917,1381,2801,118624,664,6,2.26,46.0,Medium
U504290,50,Self-Employed,187067,115277,51464,388146,1652266,22022,222352,63664,2284786,11682,57743,131843,577680,669,8,1.02,54.0,Medium
U504291,52,Self-Employed,60391,40636,12326,224372,259635,2242092,477913,19289,3204012,239807,24580,26627,438864,440,7,4.42,47.0,Medium
U504292,43,Business,140662,73598,27527,38096,740282,5437062,213862,8759,6429302,348015,320808,48177,1177738,348,8,3.81,46.0,Medium
U504293,21,Student,11722,8749,2973,27200,2334,0,0,1733,29534,4308,1914,1820,7877,627,10,0.21,52.0,Medium
U504294,57,Self-Employed,217210,113212,52360,511278,1986761,3622760,1953355,21673,8074154,639284,419221,44482,1839990,479,11,3.1,58.0,Medium
U504295,20,Student,19072,14225,4847,71666,13481,0,0,2319,85147,2253,1150,125,3142,653,3,0.37,41.0,Medium
U504296,22,Salaried,28634,12693,8137,99925,122674,703751,302509,9350,1228859,59800,36997,25556,133378,313,5,3.58,39.0,High
U504297,29,Student,18166,15222,2944,116809,17551,0,0,2965,134360,4568,7929,6757,24583,327,0,0.62,21.0,High
U504298,53,Salaried,90951,67163,16088,207069,442524,2523773,563779,11429,3737145,40883,47292,29704,147639,515,8,3.42,43.0,Medium
U504299,35,Self-Employed,187285,137144,22082,924296,792682,2056495,1703871,70829,5477344,197991,24748,45372,810543,411,10,2.44,43.0,Medium
U504300,44,Salaried,95575,45338,16940,150040,622173,213657,289097,36532,1274967,294195,109337,131823,408386,407,7,1.11,43.0,Medium
U504301,57,Business,60745,43768,10818,114142,289782,2836382,885802,11862,4126108,179080,90082,156553,402039,593,5,5.66,50.0,Medium
U504302,46,Self-Employed,136159,57223,18277,459255,327919,2371532,1692543,35999,4851249,182808,73835,80320,637271,314,3,2.97,29.0,High
U504303,40,Self-Employed,216054,160237,71321,1283090,1902874,8947573,3067735,81357,15201272,981291,422195,26928,1391978,423,8,5.86,53.0,Medium
U504304,31,Self-Employed,51279,32379,10782,102902,135150,1939386,331922,548,2509360,122133,26545,72468,161418,498,2,4.08,37.0,High
U504305,21,Student,15965,9425,6540,22841,11719,0,0,1831,34560,6388,1198,2796,23927,306,7,0.18,40.0,Medium
U504306,36,Business,24029,15533,4517,27134,47985,638263,361166,10717,1074548,1752,12907,31020,139581,633,4,3.73,46.0,Medium
U504307,55,Self-Employed,89202,37499,17189,119710,100932,3311901,498870,21213,4031413,88949,53441,37204,92672,823,9,3.77,58.0,Medium
U504308,53,Self-Employed,129827,87405,39604,174525,593594,2465227,1043285,28004,4276631,176392,61514,59288,552118,733,3,2.75,51.0,Medium
U504309,55,Self-Employed,207456,127290,65051,153563,553562,5847973,1511421,70979,8066519,380784,128741,67196,2135278,366,9,3.24,52.0,Medium
U504310,46,Self-Employed,136666,56796,43232,221645,305410,2851738,370964,64293,3749757,137966,224617,1263,858241,488,8,2.29,52.0,Medium
U504311,46,Salaried,177677,86610,32235,971304,523025,3244713,510315,46999,5249357,454866,21330,45082,1446783,666,11,2.46,61.0,Medium
U504312,47,Business,30565,12910,3338,130748,220520,1418580,339299,9859,2109147,159,42900,3747,269194,778,4,5.75,51.0,Medium
U504313,23,Student,7056,5744,1312,47752,12374,0,0,371,60126,29,9,7,30,551,11,0.71,48.0,Medium
U504314,46,Self-Employed,232002,164137,37593,151924,948940,2762518,2787599,34799,6650981,825383,394112,97138,884085,637,7,2.39,51.0,Medium
U504315,47,Business,45307,23454,15412,124411,261977,479961,703848,14774,1570197,4187,65691,10657,314591,449,9,2.89,53.0,Medium
U504316,29,Student,17593,14558,3035,54642,30162,0,0,1391,84804,4252,6044,8228,33598,768,2,0.4,43.0,Medium
U504317,24,Student,18460,14852,3608,56884,7056,0,0,106,63940,19754,5130,9518,24416,663,0,0.29,37.0,High
U504318,30,Self-Employed,156589,71228,17396,184657,1039567,883936,308322,34127,2416482,67788,87044,23082,738856,665,9,1.29,51.0,Medium
U504319,29,Student,6398,3796,2602,27968,6777,0,0,961,34745,793,2594,2213,9587,433,10,0.45,51.0,Medium
U504320,59,Salaried,121621,91045,15320,559144,918357,1357345,376873,4953,3211719,222767,254480,21895,1029976,352,0,2.2,29.0,High
U504321,22,Student,6886,4911,1975,5140,9436,0,0,1042,14576,4882,2077,2872,4975,311,8,0.18,38.0,High
U504322,26,Salaried,45313,31063,12806,135539,202254,2027557,266441,10299,2631791,152227,72131,90857,143193,448,4,4.84,43.0,Medium
U504323,44,Salaried,247566,185423,72413,39036,1661198,9497510,2228871,69825,13426615,260495,214260,222112,462568,352,6,4.52,39.0,High
U504324,37,Salaried,242677,102517,72021,1079237,1207570,4300778,1252056,49635,7839641,594766,427886,227730,1541990,758,3,2.69,56.0,Medium
U504325,42,Salaried,74762,54461,10213,1642,389412,919861,149719,28034,1460634,162002,51487,61614,373916,606,4,1.63,44.0,Medium
U504326,43,Salaried,124787,66503,15994,40796,397082,1856961,531658,21768,2826497,106363,71019,74493,289396,554,8,1.89,44.0,Medium
U504327,33,Self-Employed,68357,34002,23046,364033,106811,3059934,1157382,17390,4688160,138788,47891,10221,356437,440,2,5.72,40.0,Medium
U504328,28,Student,17467,9856,7611,86625,7610,0,0,1632,94235,7925,7625,9992,36855,639,8,0.45,58.0,Medium
U504329,50,Business,184113,96206,61141,281887,1426668,2346823,47441,82829,4102819,51187,117488,133564,407331,771,1,1.86,48.0,Medium
U504330,47,Self-Employed,123851,75312,32990,504929,130619,570480,904326,47439,2110354,103883,122050,9808,1335296,604,6,1.42,55.0,Medium
U504331,31,Salaried,100571,50927,31969,68603,907026,3913584,1209520,8064,6098733,105645,14437,90471,389552,390,10,5.05,49.0,Medium
U504332,22,Salaried,248475,99552,43291,718527,2083186,10376543,3043475,7643,16221731,113704,335925,365761,1668401,741,5,5.44,53.0,Medium
U504333,28,Student,5600,4297,1303,13931,2588,0,0,1043,16519,1871,2210,266,15726,523,4,0.25,39.0,High
U504334,24,Salaried,122440,57565,41352,483052,131215,2046017,1189353,4164,3849637,46264,134937,117480,484893,602,2,2.62,45.0,Medium
U504335,54,Salaried,170782,77366,30790,803870,1598756,5997858,18624,24074,8419108,151506,229486,184669,959282,472,11,4.11,52.0,Medium
U504336,32,Business,29892,16498,10148,176952,187273,706171,48496,3506,1118892,1263,35233,2086,149117,740,0,3.12,48.0,Medium
U504337,22,Student,18995,15157,3838,104866,38478,0,0,1941,143344,1786,10075,7463,44542,582,4,0.63,41.0,Medium
U504338,31,Business,177095,94408,22649,403280,744534,7584195,203743,79231,8935752,77772,90102,90509,301377,377,6,4.2,33.0,High
U504339,51,Self-Employed,248475,106747,80741,6961,1142211,11866205,1694189,36427,14709566,92951,68383,38323,444215,361,7,4.93,40.0,Medium
U504340,57,Salaried,110586,58637,11196,33164,793370,3027246,1292517,49678,5146297,223280,141241,587,460987,353,4,3.88,31.0,High
U504341,44,Business,27551,17709,8307,790,210005,192710,237436,2945,640941,15019,30804,3488,184511,793,10,1.94,67.0,Medium
U504342,54,Self-Employed,51241,23645,13537,155045,240716,2091684,825680,8666,3313125,68251,38799,2538,91057,408,6,5.39,39.0,High
U504343,37,Salaried,31732,22572,7717,138003,296491,469975,54071,4604,958540,15835,11401,374,50467,460,4,2.52,36.0,High
U504344,30,Student,13377,8162,5215,465,16825,0,0,1302,17290,760,54,546,1719,718,1,0.11,45.0,Medium
U504345,55,Self-Employed,134351,99656,27464,427444,192678,5712249,2041503,45717,8373874,305349,180873,115733,425638,344,7,5.19,39.0,High
U504346,24,Self-Employed,74200,35476,16425,29859,467948,281150,156541,34253,935498,276636,24034,72959,390259,531,0,1.05,38.0,High
U504347,21,Student,6636,5376,1260,28824,14572,0,0,249,43396,4574,482,2300,9732,672,3,0.54,41.0,Medium
U504348,19,Student,10957,8431,2526,63258,8288,0,0,725,71546,11420,2929,4643,18593,572,8,0.54,48.0,Medium
U504349,33,Salaried,213530,152091,36460,327360,1822132,9188211,2081258,50583,13418961,436128,540936,499604,1317979,461,9,5.24,51.0,Medium
U504350,38,Salaried,70562,40009,10425,3972,15543,2531168,916864,9308,3467547,323222,35676,58629,393494,492,1,4.1,37.0,High
U504351,49,Business,57608,33951,13249,173695,19204,1456535,390485,20179,2039919,244059,144535,3665,380146,555,10,2.95,59.0,Medium
U504352,29,Salaried,186301,122006,39738,390823,1317476,2783543,900662,64529,5392504,570178,50959,23454,1787054,352,5,2.41,41.0,Medium
U504353,35,Salaried,161776,114661,23783,46687,58653,6672831,324537,5793,7102708,741152,93527,367675,668680,662,11,3.66,60.0,Medium
U504354,30,Self-Employed,46794,31968,14853,173755,111419,1538780,546314,5497,2370268,77084,2976,26745,119706,336,11,4.22,47.0,Medium
U504355,58,Self-Employed,94051,55663,14740,247796,900528,1862824,120871,42306,3132019,144939,27475,48222,355320,710,7,2.78,51.0,Medium
U504356,40,Self-Employed,72378,31938,22391,358712,126161,781235,779923,20996,2046031,166859,90525,111489,623858,804,11,2.36,74.0,Low
U504357,59,Self-Employed,49478,27522,7063,117455,58245,2290637,472654,3334,2938991,96792,33736,24559,150259,493,1,4.95,32.0,High
U504358,30,Student,5717,3782,1935,106,1549,0,0,343,1655,4322,294,2716,9043,707,10,0.02,60.0,Medium
U504359,38,Self-Employed,149954,66270,46806,456839,123503,2146095,545920,62074,3272357,396805,27664,137827,562210,316,9,1.82,45.0,Medium
U504360,30,Business,31140,13097,7305,126308,8492,1426120,459592,5139,2020512,56614,4021,30799,100251,592,3,5.41,43.0,Medium
U504361,41,Self-Employed,124101,85999,17291,728582,291413,5584410,461105,12819,7065510,319166,168352,208835,372537,603,1,4.74,39.0,High
U504362,38,Self-Employed,122274,81568,41572,147677,442959,4491202,1739171,54291,6821009,125822,51749,19742,548789,673,11,4.65,63.0,Medium
U504363,48,Business,151122,66778,37199,518423,239166,147410,2342136,48231,3247135,245723,361472,304253,967020,573,1,1.79,44.0,Medium
U504364,57,Salaried,235631,95097,32110,873214,2143706,7031152,205671,56578,10253743,106562,477643,540891,1629051,410,7,3.63,43.0,Medium
U504365,26,Business,176282,100711,29750,719586,1687580,4124861,2048533,40570,8580560,55497,30456,35975,301739,300,8,4.06,34.0,High
U504366,25,Student,10044,8249,1795,15804,15350,0,0,2006,31154,10522,4105,1861,15184,403,8,0.26,39.0,High
U504367,27,Student,16505,8484,8021,35965,29694,0,0,315,65659,741,1460,1041,8951,760,5,0.33,57.0,Medium
U504368,22,Salaried,151792,64362,18912,627184,275071,714091,1371142,44859,2987488,453850,213322,124779,826815,837,2,1.64,51.0,Medium
U504369,35,Self-Employed,115368,49371,31199,536849,976645,3677992,188817,55654,5380303,263049,47107,39797,406060,326,10,3.89,45.0,Medium
U504370,38,Salaried,35008,17780,7405,6593,313353,878518,66295,11528,1264759,6018,21274,9336,167329,636,0,3.01,38.0,High
U504371,36,Business,231212,118582,73566,1128394,943960,9200515,2734745,100239,14007614,722902,16530,164866,1105380,794,0,5.05,51.0,Medium
U504372,27,Self-Employed,60017,34590,13996,303702,9069,331919,289980,22235,934670,8182,124629,77234,486340,675,3,1.3,51.0,Medium
U504373,55,Salaried,155668,112797,39441,153671,1124621,6870046,1787447,33718,9935785,408166,163741,189654,726492,314,5,5.32,38.0,High
U504374,44,Business,197331,88751,35235,424186,786532,3163909,734852,33857,5109479,90033,252927,115690,1297686,403,11,2.16,49.0,Medium
U504375,23,Business,146169,96722,49308,417464,532683,2675744,558867,25359,4184758,51744,319256,57675,1663559,767,5,2.39,64.0,Medium
U504376,53,Self-Employed,226278,165899,57975,1260514,1635713,10016235,2310584,39950,15223046,574196,21011,197021,885975,766,5,5.61,55.0,Medium
U504377,32,Self-Employed,38829,25929,4505,157512,110311,1173179,443197,17034,1884199,86081,29405,28530,208771,714,10,4.04,58.0,Medium
U504378,19,Student,14549,8913,5636,90085,114,0,0,98,90199,2433,786,1956,7297,843,8,0.52,62.0,Medium
U504379,37,Self-Employed,127646,71085,17777,518886,788490,5357329,1956049,20142,8620754,714560,99675,18006,963831,719,6,5.63,56.0,Medium
U504380,20,Student,6265,3971,2294,11068,11015,0,0,937,22083,5180,4063,3485,9330,399,5,0.29,41.0,Medium
U504381,42,Business,98822,73071,20143,496401,913819,1011672,1439318,25718,3861210,85833,44678,20118,199801,325,0,3.26,23.0,High
U504382,39,Self-Employed,178391,95226,27516,259602,1031810,1722886,1177903,83391,4192201,208401,72087,30192,601306,609,4,1.96,41.0,Medium
U504383,46,Salaried,58204,28303,12729,304710,307138,412918,350787,12942,1375553,119342,88773,121630,376235,367,3,1.97,38.0,High
U504384,27,Salaried,89113,43041,11564,53786,590609,3659792,941709,7985,5245896,5152,22762,5739,333189,623,6,4.91,44.0,Medium
U504385,24,Salaried,179921,109274,26829,663380,52770,3550350,1975931,8803,6242431,18576,286345,154833,1159516,564,3,2.89,41.0,Medium
U504386,51,Self-Employed,55201,38945,7942,141440,7212,1108083,30722,25677,1287457,126833,135591,91174,382243,681,7,1.94,56.0,Medium
U504387,38,Self-Employed,76388,33802,24273,207398,200032,2768868,94717,17219,3271015,209525,68658,112945,298821,838,0,3.57,53.0,Medium
U504388,55,Self-Employed,174201,91397,37147,264764,1509799,7118393,2680816,54918,11573772,137263,157961,128907,1135097,572,3,5.54,43.0,Medium
U504389,22,Self-Employed,47244,30860,8664,107401,273131,2245627,25054,12804,2651213,8964,33876,51127,235936,324,6,4.68,36.0,High
U504390,51,Salaried,58929,36117,9436,277067,541366,558992,337685,13219,1715110,82857,59743,25253,217778,315,1,2.43,26.0,High
U504391,28,Salaried,39580,24169,13091,134125,12983,240736,611988,11680,999832,27924,62127,19679,305136,507,5,2.11,50.0,Medium
U504392,35,Business,211449,87297,48052,646831,1774547,8259659,801464,100200,11482501,751384,455565,104307,1700310,525,10,4.53,58.0,Medium
U504393,24,Salaried,69398,41820,10544,62865,350279,2331516,168305,28473,2912965,9747,37221,6251,212066,549,0,3.5,31.0,High
U504394,41,Self-Employed,48517,31965,13146,201400,2549,1957927,767813,20836,2929689,55976,36643,42798,124738,400,8,5.03,44.0,Medium
U504395,53,Salaried,228419,109030,57456,1344260,404134,4412452,231088,89449,6391934,274260,535746,485439,1625404,783,1,2.33,53.0,Medium
U504396,53,Self-Employed,115852,72303,11761,620557,14663,2419085,47264,57816,3101569,47771,3434,186801,726697,794,6,2.23,53.0,Medium
U504397,33,Salaried,172630,111787,49111,861138,707480,1630812,2923354,39048,6122784,199706,106978,62550,1293402,798,5,2.96,59.0,Medium
U504398,28,Student,6484,4808,1676,25764,9941,0,0,1287,35705,106,162,204,595,533,8,0.46,44.0,Medium
U504399,30,Salaried,71699,52202,12414,89902,390267,2852176,208990,4847,3541335,164617,70121,67442,234643,323,5,4.12,34.0,High
U504400,25,Student,13687,8681,5006,6560,3284,0,0,650,9844,793,349,331,7251,650,0,0.06,40.0,Medium
U504401,23,Student,11624,6726,4898,16718,25461,0,0,1182,42179,11519,5713,1201,10775,773,7,0.3,60.0,Medium
U504402,26,Student,10711,7823,2888,68608,22336,0,0,940,90944,539,1517,2557,10181,814,2,0.71,47.0,Medium
U504403,40,Salaried,215467,130330,58988,210904,21305,3803782,2745554,69710,6781545,257437,6256,123191,315699,383,9,2.62,43.0,Medium
U504404,21,Student,5500,3949,1551,29796,5952,0,0,417,35748,292,134,243,736,665,10,0.54,54.0,Medium
U504405,44,Salaried,204974,99210,35219,678501,304138,5510007,2587447,49887,9080093,416983,168884,93870,1962605,570,5,3.69,49.0,Medium
U504406,59,Business,26102,16222,4266,82521,87846,795556,97528,10464,1063451,29765,16087,3345,237859,770,3,3.4,52.0,Medium
U504407,18,Student,19092,11115,7977,84661,18951,0,0,1572,103612,62,911,2503,13287,818,9,0.45,64.0,Medium
U504408,48,Self-Employed,242524,130963,32638,687282,294270,9077798,1034485,109544,11093835,906168,443435,344346,1435127,404,8,3.81,45.0,Medium
U504409,26,Business,205853,83148,37308,23551,1901678,2643931,2599893,12277,7169053,298716,332129,21381,1153490,614,8,2.9,52.0,Medium
U504410,52,Business,168718,73953,49372,378964,55656,5910272,1111123,1350,7456015,625288,38510,267106,1238855,331,10,3.68,51.0,Medium
U504411,19,Student,7902,4575,3327,21738,14701,0,0,1083,36439,1474,155,153,4610,617,7,0.38,52.0,Medium
U504412,53,Salaried,182108,87495,56166,265612,68176,8589597,1475095,41832,10398480,699771,101890,408081,1068470,624,5,4.76,55.0,Medium
U504413,51,Salaried,233917,174032,64321,570481,382726,6002501,4106696,66418,11062404,344460,139407,168997,908650,489,6,3.94,45.0,Medium
U504414,32,Salaried,106313,52481,20556,232535,726065,670311,1226355,46527,2855266,373241,214847,183695,404627,780,1,2.24,50.0,Medium
U504415,35,Salaried,135981,78693,19376,79430,560838,1002718,384342,13187,2027328,94016,8985,16868,347635,392,10,1.24,41.0,Medium
U504416,22,Student,16199,11911,4288,44291,33565,0,0,1164,77856,4364,3223,4927,12296,676,10,0.4,55.0,Medium
U504417,32,Self-Employed,215149,146976,27457,437596,1613326,6234389,1419856,104859,9705167,469484,243056,8590,2087855,826,1,3.76,51.0,Medium
U504418,58,Salaried,173572,89858,45610,551323,1356661,7059710,2714430,85630,11682124,500463,54225,241080,866314,307,1,5.61,31.0,High
U504419,26,Student,12278,8763,3515,44066,14093,0,0,897,58159,2459,4715,5772,21457,693,6,0.39,51.0,Medium
U504420,26,Self-Employed,64086,26671,9869,248551,19121,1871150,368836,20568,2507658,128770,153910,22282,560129,332,8,3.26,44.0,Medium
U504421,34,Self-Employed,153261,88482,46202,507437,217948,3029998,470872,10994,4226255,570587,85880,58993,1237857,358,8,2.3,49.0,Medium
U504422,55,Business,64395,32878,10543,61139,158370,1460457,421794,9426,2101760,143066,88448,103162,182010,595,5,2.72,45.0,Medium
U504423,29,Self-Employed,132395,68974,43696,541567,263970,5444105,2163930,58282,8413572,79590,43023,45983,441686,452,2,5.3,37.0,High
U504424,26,Student,17632,13704,3928,31109,12496,0,0,2891,43605,8082,2150,2381,35583,778,1,0.21,44.0,Medium
U504425,28,Salaried,196175,131125,19661,478127,524317,4891016,1535797,91107,7429257,409055,32157,22370,1186890,718,4,3.16,47.0,Medium
U504426,18,Student,18603,10807,7796,46206,43018,0,0,1218,89224,1602,917,461,1973,579,1,0.4,40.0,Medium
U504427,32,Business,204024,91911,46648,1124188,1870735,2278047,830294,54252,6103264,63850,267199,128070,1344595,653,7,2.49,54.0,Medium
U504428,34,Salaried,174678,109104,24342,802000,181411,4019790,1811466,65662,6814667,224943,2036,56746,900432,577,8,3.25,48.0,Medium
U504429,19,Student,10929,6457,4472,52984,15200,0,0,23,68184,4035,1944,1455,3276,814,11,0.52,67.0,Medium
U504430,21,Student,6362,3943,2419,29590,12306,0,0,999,41896,5874,763,522,7914,783,3,0.55,53.0,Medium
U504431,43,Salaried,32671,23753,6394,116385,16261,40106,285257,3522,458009,150584,44783,47856,156349,796,3,1.17,55.0,Medium
U504432,23,Student,11310,7986,3324,11346,1429,0,0,2165,12775,3760,797,1942,7350,547,9,0.09,49.0,Medium
U504433,31,Self-Employed,23909,15960,8286,78629,30432,775441,272395,1613,1156897,46633,26856,31625,53551,548,3,4.03,45.0,Medium
U504434,28,Student,15977,10244,5733,89287,26312,0,0,2419,115599,3566,1736,1097,9447,743,10,0.6,61.0,Medium
U504435,42,Self-Employed,164758,86315,17056,689948,1466479,7279726,2818985,29901,12255138,416763,121504,181572,472539,505,4,6.2,37.0,High
U504436,32,Salaried,91724,36970,18242,175468,547343,2263280,67896,13638,3053987,341604,132716,25825,411099,456,1,2.77,36.0,High
U504437,44,Salaried,126444,51332,43792,445364,238924,5366375,2059292,8744,8109955,193440,116525,252666,796679,671,6,5.34,59.0,Medium
U504438,24,Self-Employed,164347,120808,25259,695792,1018360,7710451,2514489,51945,11939092,301000,185918,26452,1613316,828,11,6.05,69.0,Medium
U504439,25,Salaried,143760,71107,46849,453027,1176431,1051530,870781,55485,3551769,297926,113859,66879,271838,743,9,2.06,61.0,Medium
U504440,26,Student,5639,4167,1472,13300,3231,0,0,1010,16531,4401,1472,2587,5049,511,10,0.24,49.0,Medium
U504441,24,Salaried,204058,114599,59238,565460,1117586,9289517,2810308,45025,13782871,219501,70015,8880,1678515,735,1,5.63,50.0,Medium
U504442,57,Self-Employed,82985,50313,9677,317003,510854,686926,1149200,3743,2663983,424505,204058,21784,472644,799,1,2.68,50.0,Medium
U504443,24,Student,18994,14908,4086,96033,3837,0,0,3739,99870,8463,2797,4979,13232,804,5,0.44,50.0,Medium
U504444,28,Business,55157,25478,16534,95267,52897,831484,258820,9930,1238468,48593,21665,53746,224041,460,2,1.87,38.0,High
U504445,50,Salaried,125533,52411,21576,419934,1001301,3113729,626596,16773,5161560,628439,392,15969,1159773,670,7,3.43,57.0,Medium
U504446,58,Salaried,201441,115950,54800,534847,942457,5964373,3514723,38356,10956400,727786,270866,201941,1274782,570,7,4.53,55.0,Medium
U504447,54,Salaried,198234,120821,42832,1111240,314872,1627989,726379,23303,3780480,360528,127140,342240,1588405,498,7,1.59,50.0,Medium
U504448,54,Self-Employed,73028,47634,16574,177648,336023,205819,631055,15806,1350545,4558,10196,25750,414147,643,11,1.54,58.0,Medium
U504449,57,Salaried,54130,30042,11838,123372,269061,2296371,44420,8551,2733224,125313,47735,142156,431757,409,5,4.21,44.0,Medium
U504450,59,Business,209628,140287,69262,339153,1124016,3227469,437152,8650,5127790,507256,136138,279919,688332,372,0,2.04,33.0,High
U504451,54,Self-Employed,67798,40219,23170,248587,232536,636990,699056,7337,1817169,94479,10793,211,168887,370,7,2.23,42.0,Medium
U504452,32,Salaried,231278,172957,51634,331672,1496324,8260460,2937692,59472,13026148,20077,152471,107073,607295,833,2,4.69,49.0,Medium
U504453,18,Student,5947,3884,2063,15526,1521,0,0,953,17047,3902,554,1256,9973,733,11,0.24,63.0,Medium
U504454,37,Self-Employed,190845,133315,62502,923886,691971,3614917,589257,52408,5820031,199107,7262,6640,623633,605,6,2.54,50.0,Medium
U504455,22,Student,8757,5612,3145,57101,3353,0,0,1566,60454,39,123,47,420,538,6,0.58,45.0,Medium
U504456,36,Self-Employed,66396,31662,16393,276914,30641,1155825,34046,29336,1497426,1807,32806,421,213964,592,8,1.88,49.0,Medium
U504457,27,Self-Employed,166245,123101,35454,996577,1357304,1808359,2201521,39486,6363761,8125,396395,121878,1534535,579,5,3.19,50.0,Medium
U504458,41,Business,145772,70513,25321,77404,93920,4447708,1377287,71815,5996319,140048,140410,263435,1145965,513,10,3.43,54.0,Medium
U504459,30,Student,7340,4473,2867,30062,5267,0,0,1152,35329,1175,1389,1273,6341,306,9,0.4,42.0,Medium
U504460,52,Salaried,153782,108886,19358,339133,1263495,5732738,2710598,71724,10045964,13867,305282,136858,1674008,399,5,5.44,41.0,Medium
U504461,30,Student,17181,9206,7975,46508,23079,0,0,2169,69587,4898,1660,3164,7981,426,11,0.34,53.0,Medium
U504462,39,Self-Employed,121049,55768,25589,505230,1071069,735910,2106667,44303,4418876,42374,1727,45361,786886,367,9,3.04,44.0,Medium
U504463,38,Business,132840,79608,32359,769045,139113,4522323,1569540,59520,7000021,83493,92981,48223,612501,311,1,4.39,28.0,High
U504464,40,Self-Employed,143604,91294,44547,431227,1277107,4367023,949621,28351,7024978,322796,156953,132973,607879,471,9,4.08,52.0,Medium
U504465,48,Salaried,62279,31965,20490,269500,359708,2361114,871953,27580,3862275,28916,60985,106056,414526,733,9,5.17,65.0,Medium
U504466,48,Salaried,85205,58150,16883,497064,8849,1446819,575128,6605,2527860,64402,73950,4743,324791,781,6,2.47,54.0,Medium
U504467,54,Salaried,89388,64536,10470,362117,690188,776194,1558207,11075,3386706,98543,20776,6927,128033,525,9,3.16,43.0,Medium
U504468,41,Self-Employed,44421,23785,9210,157221,357490,1933697,284737,4589,2733145,61060,13300,9940,379772,344,10,5.13,47.0,Medium
U504469,53,Business,46431,20821,8619,156707,42431,982880,501617,10360,1683635,2273,25899,10554,136488,797,11,3.02,61.0,Medium
U504470,38,Salaried,137617,80855,19274,271329,555381,5576422,1847814,11786,8250946,81275,6391,9791,748894,397,8,5.0,40.0,Medium
U504471,35,Salaried,102312,42603,19241,244539,700521,1818121,1498857,37456,4262038,141414,65372,204673,893850,806,6,3.47,60.0,Medium
U504472,37,Self-Employed,58569,43405,15008,15849,362353,2020883,900491,14836,3299576,122644,104108,129160,445937,838,6,4.69,65.0,Medium
U504473,48,Business,168451,72413,58689,762290,278582,3409757,1932386,79168,6383015,316471,194145,22477,997352,320,11,3.16,51.0,Medium
U504474,57,Business,227188,120652,46925,408100,974810,7262085,1690486,33666,10335481,956648,386620,156297,1342486,309,1,3.79,32.0,High
U504475,59,Business,130105,88005,41728,750839,227323,1784519,243841,6320,3006522,42415,145274,69430,500744,484,6,1.93,46.0,Medium
U504476,23,Salaried,57432,35365,9076,38787,176334,1683129,373097,11683,2271347,29884,1853,34205,173702,622,3,3.3,40.0,Medium
U504477,49,Business,53282,24675,15332,77080,1155,663633,778013,8547,1519881,5227,15879,3106,133122,814,11,2.38,64.0,Medium
U504478,42,Salaried,174286,99476,52227,318731,112436,7248510,2345264,64418,10024941,2064,28040,176971,929567,350,8,4.79,44.0,Medium
U504479,26,Salaried,145858,71212,33621,563092,1278072,4544343,1908292,30073,8293799,17006,73486,86560,401133,499,8,4.74,45.0,Medium
U504480,21,Student,13183,6946,6237,1549,23976,0,0,28,25525,2698,201,1385,3452,678,9,0.16,60.0,Medium
U504481,52,Salaried,144476,75997,40479,466904,381288,4079955,1148485,26335,6076632,76212,59538,110556,551943,412,10,3.5,48.0,Medium
U504482,29,Student,18061,9362,8699,19393,27982,0,0,2483,47375,19864,6455,8619,20228,736,5,0.22,58.0,Medium
U504483,25,Self-Employed,193399,94515,45732,428367,162594,7225253,1303206,51869,9119420,44731,309385,130770,1363764,649,2,3.93,46.0,Medium
U504484,22,Student,15494,8326,7168,3575,5956,0,0,1078,9531,5248,318,8393,39299,470,2,0.05,42.0,Medium
U504485,29,Salaried,45834,19706,12395,162797,311568,371545,196003,1268,1041913,5457,19323,20388,113590,627,5,1.89,47.0,Medium
U504486,52,Self-Employed,199354,115182,44656,1116646,396038,8151869,1410309,81064,11074862,32645,5532,110430,566177,545,2,4.63,37.0,High
U504487,28,Student,9560,7220,2340,14451,507,0,0,1889,14958,8556,3878,2368,10328,630,9,0.13,52.0,Medium
U504488,49,Business,57432,31490,8747,259478,234275,533228,310285,2431,1337266,206394,73567,4578,349227,488,5,1.94,43.0,Medium
U504489,47,Business,141394,57956,39722,615713,993278,5238937,2136292,16156,8984220,559173,154352,197492,685300,392,0,5.3,35.0,High
U504490,54,Salaried,27441,15735,3008,7584,174223,842339,45600,9846,1069746,9817,5709,2349,267430,446,8,3.25,44.0,Medium
U504491,35,Salaried,87686,51388,10236,7173,423451,1147783,702414,22786,2280821,179227,33601,103056,398404,730,4,2.17,48.0,Medium
U504492,35,Salaried,153171,91196,29923,558535,149262,6205467,705140,49766,7618404,506869,73887,121437,593217,427,6,4.14,41.0,Medium
U504493,53,Self-Employed,107583,48446,20794,60310,512388,2143878,1238607,16751,3955183,129553,79595,39026,951126,487,8,3.06,49.0,Medium
U504494,53,Salaried,56746,33576,13614,304411,101500,142945,217671,21727,766527,116174,87479,5089,258507,463,1,1.13,36.0,High
U504495,34,Business,199203,85520,33474,408703,967080,9241715,2339264,60399,12956762,672294,431746,201653,1269360,481,3,5.42,41.0,Medium
U504496,59,Business,143758,64336,33117,95688,752765,5534401,2114934,9838,8497788,1729,47754,16123,380945,604,8,4.93,49.0,Medium
U504497,20,Student,14787,10431,4356,32692,9682,0,0,1044,42374,4166,931,4714,37164,801,3,0.24,51.0,Medium
U504498,25,Salaried,65411,48196,8052,32916,521840,1153990,671464,16627,2380210,130431,101442,130514,327353,477,9,3.03,48.0,Medium
U504499,56,Business,59667,26830,12754,231709,216010,221668,580936,28091,1250323,27808,90897,86617,386133,332,3,1.75,34.0,High
U504500,55,Self-Employed,38065,18565,7751,184965,111030,817885,347554,15200,1461434,46712,60689,55387,356380,471,11,3.2,56.0,Medium
U504501,43,Business,47827,22258,9140,258626,307125,212966,669715,17040,1448432,138174,26682,55103,315654,812,9,2.52,64.0,Medium
U504502,35,Salaried,89214,66668,10606,7942,711591,3421157,1383130,16841,5523820,20810,28015,15153,179156,674,9,5.16,49.0,Medium
U504503,52,Business,132376,68244,34273,650698,529965,1551157,1843774,64095,4575594,75736,184405,218013,997812,495,3,2.88,44.0,Medium
U504504,26,Student,9453,6173,3280,67853,22224,0,0,1334,90077,6941,1717,3153,10126,355,7,0.79,40.0,Medium
U504505,53,Salaried,34521,18427,10733,158522,105201,1529352,43694,7587,1836769,67197,34290,13154,58674,592,0,4.43,39.0,High
U504506,23,Salaried,211084,85738,38696,411168,711994,5145190,475530,27685,6743882,269038,176056,178984,1067429,820,11,2.66,65.0,Medium
U504507,30,Student,17539,11895,5644,102548,8124,0,0,2693,110672,3015,3079,1549,9865,761,8,0.53,57.0,Medium
U504508,49,Self-Employed,233451,173136,70043,119871,159477,7124411,2628844,74127,10032603,201900,284519,289757,1661490,344,9,3.58,48.0,Medium
U504509,52,Self-Employed,196845,95062,22375,86785,290817,6272613,2469729,91342,9119944,162640,163562,415517,1702629,367,6,3.86,39.0,High
U504510,32,Business,40078,20757,4326,9695,173078,769238,604024,7657,1556035,13124,30584,12689,139659,727,5,3.24,46.0,Medium
U504511,30,Student,15176,9646,5530,64553,26366,0,0,2406,90919,6372,202,2319,11470,324,2,0.5,31.0,High
U504512,58,Salaried,197978,86568,30241,763949,1186906,1702795,359994,10255,4013644,753667,200908,172368,978089,514,4,1.69,42.0,Medium
U504513,48,Salaried,154253,91245,45880,729984,87040,4707045,1232606,43696,6756675,102151,110946,127775,1085205,739,10,3.65,65.0,Medium
U504514,46,Self-Employed,76550,55919,26707,14897,253692,1175133,376642,22694,1820364,403103,77581,81086,532354,425,9,1.98,57.0,Medium
U504515,53,Salaried,169904,115677,42153,164695,252359,2079547,2103666,55299,4600267,185424,51002,70934,252582,475,9,2.26,46.0,Medium
U504516,53,Salaried,160490,80531,19011,67262,840455,5800419,2068595,13964,8776731,118121,267099,182847,1275801,763,0,4.56,45.0,Medium
U504517,27,Student,15739,11002,4737,95443,10238,0,0,2340,105681,16975,1938,9720,22356,411,1,0.56,32.0,High
U504518,53,Business,23055,15015,3215,97756,36991,1050208,210793,10048,1395748,65169,49252,9096,144976,548,8,5.04,50.0,Medium
U504519,29,Student,17771,13464,4307,57860,23282,0,0,3315,81142,1259,7866,5898,28146,801,0,0.38,43.0,Medium
U504520,44,Business,105206,45417,17620,192212,528512,712027,840657,28543,2273408,261263,1341,152004,374926,699,7,1.8,53.0,Medium
U504521,42,Self-Employed,64717,33031,6765,384448,341062,1404342,963725,24709,3093577,351643,165575,52387,332240,734,6,3.98,55.0,Medium
U504522,22,Salaried,219614,96183,26778,1007100,1837174,3850712,3097595,26042,9792581,635612,249444,99558,722105,621,9,3.72,51.0,Medium
U504523,45,Salaried,158705,92068,32462,437286,1417221,281905,1806167,58180,3942579,354861,105703,160243,1490575,594,11,2.07,61.0,Medium
U504524,19,Student,11786,9464,2322,43748,14833,0,0,558,58581,673,494,375,2283,702,7,0.41,48.0,Medium
U504525,34,Business,59408,24477,20489,122648,323262,1870516,1063,19540,2317489,47803,30499,8029,79791,812,4,3.25,55.0,Medium
U504526,30,Student,11120,8436,2684,45451,1995,0,0,1293,47446,431,606,901,4073,645,6,0.36,45.0,Medium
U504527,37,Salaried,212614,128559,44000,605429,2032942,206205,957562,54385,3802138,533955,349048,62071,1117735,586,3,1.49,44.0,Medium
U504528,37,Business,101395,52903,31601,344596,375328,1250383,907419,4937,2877726,164608,82237,203966,691199,698,0,2.37,49.0,Medium
U504529,40,Business,133198,98780,16023,210980,1245956,4442699,302538,12434,6202173,234157,86242,21859,348567,480,3,3.88,33.0,High
U504530,45,Business,202477,83754,31194,798209,550819,4125329,2715831,29080,8190188,634325,184570,447020,1308793,628,11,3.37,60.0,Medium
U504531,58,Business,163707,97147,57211,298901,20596,4912308,1597360,24661,6829165,479790,215862,360354,800301,642,10,3.48,65.0,Medium
U504532,59,Business,115976,59042,36297,556705,281587,2073102,1126689,38911,4038083,44528,125826,111905,472377,529,9,2.9,53.0,Medium
U504533,46,Self-Employed,158657,80336,53268,745240,55336,3807062,1431260,13322,6038898,266603,146235,88864,832920,592,0,3.17,43.0,Medium
U504534,42,Salaried,158579,86201,30350,347985,269539,3314422,879048,6860,4810994,4933,238121,98229,903512,679,10,2.53,58.0,Medium
U504535,27,Student,12227,6153,6074,71459,3134,0,0,1490,74593,1157,746,831,2694,529,10,0.51,56.0,Medium
U504536,19,Student,17415,13130,4285,53185,22675,0,0,2123,75860,3244,1274,4428,48218,790,1,0.36,46.0,Medium
U504537,31,Salaried,71074,40599,24230,188017,52023,853512,457537,27145,1551089,168203,66662,72577,353033,390,3,1.82,41.0,Medium
U504538,45,Salaried,173424,116454,41735,380572,1293837,1683304,2911754,9084,6269467,46116,43226,67977,482500,788,0,3.01,44.0,Medium
U504539,32,Business,151885,99566,32093,796256,1447283,7057246,1873824,5959,11174609,497705,93453,85682,1249899,524,6,6.13,50.0,Medium
U504540,41,Business,179211,112493,18326,18649,805608,659885,537878,82802,2022020,97909,21795,113583,361142,810,0,0.94,40.0,Medium
U504541,24,Self-Employed,130735,54646,32929,773803,1073771,1765671,1666542,52798,5279787,309972,184308,81273,795477,668,8,3.37,58.0,Medium
U504542,38,Salaried,34269,16810,4608,176487,291828,108316,141793,5461,718424,47248,3751,23469,82910,755,3,1.75,45.0,Medium
U504543,20,Student,18991,13564,5427,2297,32147,0,0,1610,34444,13545,5215,5186,35799,774,3,0.15,49.0,Medium
U504544,56,Self-Employed,150436,69691,20018,319872,350481,6397899,899600,59986,7967852,359033,144866,95674,1486941,720,8,4.41,59.0,Medium
U504545,31,Salaried,122993,60668,14894,153983,603964,674045,32820,43120,1464812,2216,54341,8318,320170,773,0,0.99,39.0,High
U504546,24,Salaried,50344,21556,9641,63312,78638,669878,17570,8205,829398,33954,25179,14824,85956,737,7,1.37,51.0,Medium
U504547,55,Salaried,99170,59809,27026,588531,499702,566326,1736016,47770,3390575,221539,73087,148902,473724,453,0,2.85,36.0,High
U504548,27,Salaried,145461,93988,35738,391611,426093,6342195,1128684,39445,8288583,208552,47907,49338,1405613,409,0,4.75,35.0,High
U504549,54,Self-Employed,167702,122429,26800,733930,1595368,5789554,2969406,36259,11088258,8814,216079,98916,1189328,347,9,5.51,42.0,Medium
U504550,24,Student,5630,3052,2578,25201,1085,0,0,376,26286,448,1897,1082,9596,572,3,0.39,47.0,Medium
U504551,53,Business,182038,135768,33262,633111,419893,5733542,403401,26057,7189947,282635,15663,29444,757331,367,11,3.29,45.0,Medium
U504552,55,Business,241947,126200,48421,1053881,1984377,5938963,2465150,76323,11442371,701112,52263,28314,1301990,468,10,3.94,50.0,Medium
U504553,32,Salaried,74954,37427,7916,187720,547125,3457603,1097292,3562,5289740,302371,24591,129948,515602,508,2,5.88,39.0,High
U504554,35,Self-Employed,81357,52015,23261,459018,462463,3762568,94211,9003,4778260,2058,92022,110438,833076,619,6,4.89,56.0,Medium
U504555,28,Student,5249,3464,1785,37059,3639,0,0,331,40698,731,2436,1042,10006,310,5,0.65,35.0,High
U504556,44,Business,109468,72520,30305,471375,7901,3198912,1531203,6421,5209391,86334,13776,92649,1275898,357,10,3.97,52.0,Medium
U504557,30,Salaried,191080,124163,38272,1061463,1684136,4158306,3195580,6026,10099485,126139,127478,84870,303638,399,5,4.4,35.0,High
U504558,49,Salaried,106519,51030,13085,213114,644072,2660230,1911202,43137,5428618,4247,111017,111223,425757,786,5,4.25,50.0,Medium
U504559,42,Self-Employed,146849,78888,26939,345984,228430,843459,59995,45432,1477868,150226,211065,392942,1269803,368,2,0.84,36.0,High
U504560,48,Salaried,135270,63207,32453,399796,491199,48710,1425717,31640,2365422,14173,109506,45786,427523,701,4,1.46,48.0,Medium
U504561,23,Salaried,212325,149851,70967,97707,1282514,5491195,756874,38761,7628290,254604,244980,860,1314934,551,0,2.99,42.0,Medium
U504562,58,Salaried,164272,66046,21997,112912,12303,5152993,1750389,19856,7028597,521532,187099,243507,1398625,630,6,3.57,53.0,Medium
U504563,41,Self-Employed,77289,54380,23701,384186,411745,1316962,993188,27428,3106081,113487,1019,27015,399614,304,0,3.35,29.0,High
U504564,30,Self-Employed,91862,45204,22256,522837,729896,2588193,1202529,19135,5043455,16691,66144,47877,504662,444,7,4.58,44.0,Medium
U504565,23,Self-Employed,112719,76584,20245,174545,991879,563922,1450397,54621,3180743,216363,130905,21598,534441,722,11,2.35,61.0,Medium
U504566,29,Business,30648,20093,7611,98837,288306,722882,345870,917,1455895,102914,49753,8664,162199,838,5,3.96,60.0,Medium
U504567,47,Self-Employed,125312,80831,32195,55499,605541,3597840,823956,59668,5082836,201584,131085,24547,489634,730,3,3.38,50.0,Medium
U504568,31,Salaried,150736,109139,49247,256989,630072,5503074,1551183,9519,7941318,505304,93091,207122,654599,524,10,4.39,58.0,Medium
U504569,27,Student,5327,2931,2396,24686,1616,0,0,1051,26302,247,153,86,311,462,7,0.41,47.0,Medium
U504570,27,Self-Employed,106248,68302,21453,27229,489852,4711496,1690871,46929,6919448,65851,87423,19555,278062,583,7,5.43,46.0,Medium
U504571,23,Salaried,22058,13733,2353,77451,154907,837712,163385,6564,1233455,16481,12800,5578,91698,322,8,4.66,35.0,High
U504572,56,Self-Employed,65412,46020,16931,231533,212149,2728689,179494,28094,3351865,297901,56139,87310,497499,449,4,4.27,46.0,Medium
U504573,30,Student,12846,10750,2096,40512,23860,0,0,1749,64372,1912,2218,2548,23632,675,3,0.42,40.0,Medium
U504574,38,Business,140048,71039,31149,779598,1116973,394790,562110,33042,2853471,238517,24490,297980,948186,551,5,1.7,48.0,Medium
U504575,38,Salaried,221116,162918,38382,1312666,186185,7761423,85225,70845,9345499,145286,68413,59919,579716,762,1,3.52,42.0,Medium
U504576,42,Salaried,115630,62166,12721,156737,611136,2655145,843655,22963,4266673,75062,83073,175851,606233,309,8,3.07,37.0,High
U504577,32,Salaried,217491,128587,54410,1119782,882675,4810564,1674748,1089,8487769,455672,404242,246508,1054995,498,1,3.25,39.0,High
U504578,28,Salaried,186462,78949,65077,1075956,76985,5445459,460857,30725,7059257,195597,119112,362235,1679391,657,8,3.15,63.0,Medium
U504579,35,Salaried,24325,12456,7013,109628,166515,1024920,80923,1411,1381986,72869,54117,46555,176486,725,9,4.73,67.0,Medium
U504580,46,Salaried,225483,153879,40180,25446,811383,9412324,2194227,101721,12443380,49289,10970,66172,997127,408,0,4.6,27.0,High
U504581,22,Salaried,127952,57281,36438,376713,418002,1536249,1844818,40462,4175782,289373,218124,148220,795468,552,8,2.72,55.0,Medium
U504582,37,Salaried,90629,45100,13979,183662,327639,2811586,1010448,4652,4333335,267017,13315,154901,524055,324,2,3.98,31.0,High
U504583,30,Salaried,154269,93538,35782,255244,939916,4128465,1656172,3908,6979797,471813,162838,86590,1220043,674,9,3.77,61.0,Medium
U504584,33,Self-Employed,221716,101668,48168,186314,1717188,8129398,2711496,59417,12744396,54062,367661,350673,1399618,373,11,4.79,49.0,Medium
U504585,40,Business,206123,85904,45726,295526,1333751,7914472,1405006,47634,10948755,314066,227971,148355,643829,771,2,4.43,48.0,Medium
U504586,42,Self-Employed,209340,112356,58851,225909,157539,5954733,1079463,10303,7417644,398680,285337,226442,665666,692,7,2.95,56.0,Medium
U504587,27,Self-Employed,141267,83107,34772,303260,235892,1919205,1103182,31636,3561539,23273,172975,37162,897272,331,8,2.1,42.0,Medium
U504588,31,Salaried,229853,128426,71662,576109,1719450,5056321,14872,98512,7366752,542254,268496,206779,1556539,319,2,2.67,37.0,High
U504589,18,Student,17709,9067,8642,96854,806,0,0,740,97660,19340,2117,57,27034,301,1,0.46,33.0,High
U504590,44,Salaried,46890,33954,6314,12743,32708,1697855,736446,9007,2479752,635,32216,457,324974,568,7,4.41,46.0,Medium
U504591,24,Business,234419,108225,27577,1115758,973937,4958518,4156484,41808,11204697,159105,179022,199960,604306,830,0,3.98,42.0,Medium
U504592,43,Business,124811,56378,27919,504270,55184,2538585,2066670,52627,5164709,159673,20628,31231,189357,569,8,3.45,47.0,Medium
U504593,51,Salaried,231501,160331,66765,792488,173158,4362760,3285561,76028,8613967,881749,160593,285735,1678029,464,7,3.1,52.0,Medium
U504594,28,Self-Employed,165281,88324,36300,327534,809500,4899099,1401354,55294,7437487,151193,42516,40721,413710,512,11,3.75,50.0,Medium
U504595,24,Business,70478,45197,9389,310139,441021,2302734,58702,34455,3112596,48664,45372,9906,152914,382,11,3.68,42.0,Medium
U504596,30,Self-Employed,43599,21671,13182,187290,191443,317414,305692,2665,1001839,112122,45624,18686,394566,328,6,1.91,45.0,Medium
U504597,37,Self-Employed,65151,26904,22711,266358,521855,1657857,562912,13829,3008982,243147,31953,68558,495612,460,8,3.85,55.0,Medium
U504598,39,Self-Employed,195147,117740,60015,926710,1565876,8720887,213196,39945,11426669,307534,99691,197366,552717,409,9,4.88,48.0,Medium
U504599,36,Self-Employed,230975,159293,48374,288739,619221,1715996,724541,75812,3348497,101388,327466,74953,1184604,792,6,1.21,56.0,Medium
U504600,48,Business,103824,68134,33789,389551,976075,2521852,387751,1287,4275229,244364,19568,35969,515237,660,11,3.43,63.0,Medium
U504601,45,Salaried,242834,128928,81919,741071,936965,11589102,3617456,113255,16884594,496703,188698,202290,491351,351,5,5.79,39.0,High
U504602,48,Salaried,204885,86710,42813,1049795,285967,570594,1300532,99581,3206888,218632,356802,317798,1205721,751,7,1.3,58.0,Medium
U504603,30,Student,13225,8675,4550,60547,25171,0,0,769,85718,15443,1860,8436,20895,779,1,0.54,49.0,Medium
U504604,29,Student,5652,4310,1342,31798,10119,0,0,59,41917,885,33,433,1472,566,8,0.62,45.0,Medium
U504605,48,Salaried,42962,30642,9988,176708,161729,363249,2956,7449,704642,78919,95559,43345,348321,791,8,1.37,65.0,Medium
U504606,25,Salaried,188422,94877,59987,316577,165014,8669395,2361130,4533,11512116,602026,289323,305776,367560,742,5,5.09,57.0,Medium
U504607,56,Salaried,21399,15445,5273,88816,156076,595266,139680,9555,979838,2264,17684,7387,162842,839,10,3.82,67.0,Medium
U504608,41,Salaried,59093,30341,15901,343194,254684,2420942,753104,22106,3771924,2493,44578,38186,139899,551,2,5.32,39.0,High
U504609,58,Self-Employed,164281,104952,41599,888189,1348476,692002,578269,5336,3506936,226163,22280,130420,778116,336,7,1.78,40.0,Medium
U504610,40,Business,147505,101586,48560,330106,624117,5137882,670142,42283,6762247,50347,100896,82265,363362,754,9,3.82,61.0,Medium
U504611,26,Salaried,109350,76661,30631,381028,55549,4101994,909831,18895,5448402,271277,37593,15827,406077,607,6,4.15,50.0,Medium
U504612,28,Salaried,88999,37159,11293,129534,43177,3760872,1384100,5154,5317683,36085,14268,57829,220301,434,5,4.98,34.0,High
U504613,42,Salaried,231782,150090,39319,787204,228566,1281994,886713,102508,3184477,997759,311968,526196,953337,333,1,1.14,31.0,High
U504614,59,Salaried,220323,161470,62594,378877,1331715,1860934,2842144,5814,6413670,245774,109352,484357,1968366,612,9,2.43,61.0,Medium
U504615,57,Salaried,241095,115660,40320,358734,1606663,9733455,1196551,53383,12895403,1213042,569012,420550,1253900,537,7,4.46,52.0,Medium
U504616,28,Self-Employed,114712,63807,18076,138867,888960,1502091,756584,20017,3286502,113626,9647,226154,981179,509,6,2.39,46.0,Medium
U504617,19,Student,7689,6355,1334,38133,18250,0,0,1250,56383,3433,321,1111,22562,767,5,0.61,49.0,Medium
U504618,43,Salaried,59033,25218,7234,223925,223034,2036658,1013181,2149,3496798,28394,53879,25068,388040,712,11,4.94,59.0,Medium
U504619,52,Self-Employed,219847,91356,41030,893972,1823720,6641812,1145956,105805,10505460,539321,601967,262473,1628451,732,6,3.98,58.0,Medium
U504620,41,Self-Employed,196960,143377,43541,1089581,510113,4748912,1077236,5628,7425842,588955,50026,211202,1077344,772,10,3.14,64.0,Medium
U504621,51,Business,219735,118296,32938,954115,1981960,281486,2003220,9816,5220781,680526,149656,253489,1171402,417,8,1.98,44.0,Medium
U504622,59,Business,156885,79722,33797,659279,92642,1497102,2559850,36058,4808873,118439,38958,299334,1318937,719,11,2.55,65.0,Medium
U504623,27,Student,16692,9029,7663,42471,1863,0,0,726,44334,3970,4822,6846,25147,556,0,0.22,41.0,Medium
U504624,48,Self-Employed,126290,53277,22948,634720,79156,2424556,1690705,10649,4829137,110845,667,45844,254973,752,9,3.19,55.0,Medium
U504625,31,Self-Employed,120066,54241,32741,235302,129213,5213734,243416,4257,5821665,224967,225405,212724,793229,775,3,4.04,57.0,Medium
U504626,55,Self-Employed,226579,117326,63623,453131,1850780,10146682,1457246,80763,13907839,51442,390630,6104,1514807,504,3,5.12,43.0,Medium
U504627,39,Business,73571,29975,14591,291911,518235,2817160,428772,32960,4056078,77526,37776,463,579084,412,10,4.59,48.0,Medium
U504628,27,Salaried,154568,75442,27298,112604,843630,2066582,1949317,44824,4972133,131886,88232,179061,632677,428,0,2.68,29.0,High
U504629,53,Self-Employed,216274,121072,28454,1007284,428601,1261956,1564583,55369,4262424,286002,156132,64389,771174,364,1,1.64,26.0,High
U504630,46,Salaried,133737,86155,46581,559586,496588,2412221,1507708,22211,4976103,432575,17336,33622,802838,822,5,3.1,62.0,Medium
U504631,29,Student,14369,11359,3010,84336,4751,0,0,397,89087,9627,12,2950,12118,619,3,0.52,39.0,High
U504632,30,Salaried,55512,26071,11047,66454,365020,1301849,980553,26376,2713876,37945,22174,10976,178542,628,5,4.07,45.0,Medium
U504633,30,Salaried,185550,111701,59850,1051750,659441,4058059,1745515,15099,7514765,166189,348824,214045,1244098,528,6,3.37,52.0,Medium
U504634,56,Self-Employed,78037,35243,9094,233828,615238,3269941,874357,6803,4993364,20770,37032,13965,367979,585,6,5.33,43.0,Medium
U504635,40,Salaried,77481,43375,21627,208792,485503,1985796,877023,11914,3557114,222547,63823,47416,305889,501,6,3.83,47.0,Medium
U504636,51,Salaried,170605,118906,55360,451900,967190,7294687,2342172,33378,11055949,341015,93536,125744,640019,655,6,5.4,54.0,Medium
U504637,23,Salaried,233095,110433,32075,461041,1785253,8246625,1119212,4361,11612131,57518,52214,46639,676421,367,8,4.15,36.0,High
U504638,25,Salaried,80550,34879,10049,188591,640736,270011,37156,19562,1136494,278547,163402,3420,501275,552,4,1.18,44.0,Medium
U504639,33,Self-Employed,189156,81723,48188,820514,268989,6141725,3129230,47973,10360458,618773,204228,287507,1537426,503,2,4.56,45.0,Medium
U504640,26,Self-Employed,206356,84144,61371,567703,1711365,7678687,2415359,41410,12373114,134219,16958,55548,604980,628,4,5.0,46.0,Medium
U504641,23,Student,10664,7804,2860,29918,17014,0,0,336,46932,1148,515,707,1403,553,10,0.37,49.0,Medium
U504642,49,Salaried,47151,21777,7715,273589,112569,1026916,247485,5377,1660559,47965,26029,12958,86228,525,9,2.93,45.0,Medium
U504643,25,Business,196085,117416,30137,93629,775322,3610049,567496,219,5046496,242352,193131,125022,686326,648,10,2.14,54.0,Medium
U504644,58,Self-Employed,95930,50523,32895,492708,395124,1096335,1340987,6964,3325154,182896,50641,4121,281591,364,10,2.89,48.0,Medium
U504645,30,Salaried,31764,20718,8462,134970,43804,587918,549063,5250,1315755,37138,1915,17429,141618,668,5,3.45,50.0,Medium
U504646,38,Self-Employed,120936,62557,16467,332460,1033691,2612197,319952,33066,4298300,150731,137085,167490,676912,316,2,2.96,29.0,High
U504647,34,Self-Employed,95349,44072,12487,566012,630105,902898,441472,32480,2540487,341751,231711,248967,453440,436,5,2.22,42.0,Medium
U504648,40,Self-Employed,188042,87741,65165,381566,492901,6678927,570750,90963,8124144,713577,401291,348474,969628,577,4,3.6,53.0,Medium
U504649,58,Self-Employed,156517,66454,39033,511557,100956,7379191,712419,40238,8704123,515265,168092,149599,468036,641,0,4.63,42.0,Medium
U504650,26,Salaried,234769,163841,57789,1371467,1977614,10022530,2641769,4759,16013380,311180,124642,79247,792691,548,10,5.68,52.0,Medium
U504651,45,Self-Employed,58675,26703,8838,162501,446881,1553021,687629,1591,2850032,111793,57646,71445,232044,474,7,4.05,43.0,Medium
U504652,44,Salaried,65941,33341,11926,157133,390878,1785094,541025,32864,2874130,165235,12218,120350,367441,412,5,3.63,40.0,Medium
U504653,53,Salaried,236246,119357,50098,148665,1570395,10054404,2851039,94899,14624503,885429,339676,298473,1424311,309,7,5.16,42.0,Medium
U504654,47,Salaried,129920,86589,43859,653375,322639,3334904,157482,41464,4468400,169871,77364,799,972459,510,7,2.87,52.0,Medium
U504655,48,Salaried,96604,68490,22574,307670,98278,4084820,1064808,38260,5555576,316747,128802,262309,610279,780,0,4.79,52.0,Medium
U504656,39,Business,240079,176686,82056,607727,210772,9939309,4044274,106915,14802082,524508,89895,238072,1794555,592,11,5.14,64.0,Medium
U504657,45,Salaried,199611,123294,40761,24093,1541544,1458306,3528783,48426,6552726,560782,110479,361281,1470820,771,4,2.74,56.0,Medium
U504658,27,Student,12783,9552,3231,24373,6974,0,0,2304,31347,315,332,1338,18906,349,8,0.2,38.0,High
U504659,48,Self-Employed,134756,99370,16464,799760,56408,5832245,1814843,64403,8503256,130151,26317,111375,722612,474,6,5.26,40.0,Medium
U504660,33,Salaried,23725,13654,5833,115437,217718,1099098,220235,7254,1652488,42608,29293,29929,139701,476,8,5.8,50.0,Medium
U504661,41,Salaried,68140,51047,23555,67823,492945,58745,724364,14867,1343877,27939,15869,4992,131404,449,6,1.64,43.0,Medium
U504662,36,Self-Employed,108989,55322,18238,424224,879749,122818,1893757,18013,3320548,141442,82117,50456,306797,502,0,2.54,31.0,High
U504663,58,Salaried,26146,13905,2677,94937,86285,685682,201153,5079,1068057,80739,49241,6327,218945,435,4,3.4,39.0,High
U504664,44,Salaried,175623,100617,27079,355526,425752,3968008,208766,66132,4958052,244919,301557,256,1161744,415,8,2.35,44.0,Medium
U504665,26,Salaried,215110,88900,66177,220303,166829,2826073,1161049,11478,4374254,37520,196091,139143,806791,463,2,1.69,38.0,High
U504666,32,Salaried,55139,26375,9865,299155,277838,1245396,321360,26840,2143749,44116,78515,52539,414536,483,8,3.24,48.0,Medium
U504667,27,Salaried,59971,34008,6679,339761,495816,416256,935020,15849,2186853,66164,10736,51945,199752,443,3,3.04,32.0,High
U504668,41,Self-Employed,155474,99287,16752,595026,1418555,41800,1593541,21513,3648922,59655,105416,10271,353209,741,5,1.96,45.0,Medium
U504669,22,Student,6140,4855,1285,38974,8814,0,0,601,47788,3758,1161,2668,6099,760,6,0.65,50.0,Medium
U504670,44,Salaried,243615,103465,47504,511521,1664426,2868120,2774973,114158,7819040,993847,350155,73147,1206202,752,3,2.67,52.0,Medium
U504671,52,Self-Employed,99261,45775,30843,560591,923151,847096,55261,6883,2386099,87838,191653,223336,771000,773,0,2.0,53.0,Medium
U504672,51,Salaried,48338,31379,16094,8968,375149,961967,319474,22925,1665558,175541,74762,64522,130190,668,6,2.87,57.0,Medium
U504673,38,Business,232825,151970,60592,506787,1602150,2875537,3265463,53935,8249937,154488,421492,35312,2162055,768,0,2.95,51.0,Medium
U504674,26,Salaried,118576,78507,26651,117730,104669,1637762,849442,26916,2709603,43142,30782,56598,452941,550,1,1.9,36.0,High
U504675,47,Self-Employed,86700,41754,25835,58204,71990,3903423,1285721,38937,5319338,166536,81540,107833,627170,574,11,5.11,62.0,Medium
U504676,51,Self-Employed,233444,95524,33882,301516,1083089,11171583,2681527,8338,15237715,17453,244289,16784,1784566,457,2,5.44,35.0,High
U504677,27,Salaried,124055,71292,35277,469385,999833,4168151,268715,31609,5906084,100300,184555,237925,701284,661,3,3.97,50.0,Medium
U504678,20,Student,17210,12700,4510,112907,10563,0,0,2624,123470,9578,6950,5309,39395,814,4,0.6,52.0,Medium
U504679,26,Salaried,47484,32591,12706,179370,91177,429173,103276,17464,802996,32909,7371,10348,115290,731,2,1.41,46.0,Medium
U504680,35,Self-Employed,177055,128154,53753,91460,1034580,539475,3022983,50408,4688498,239745,77520,121654,200396,525,2,2.21,39.0,High
U504681,40,Self-Employed,205957,95829,38400,6800,1748717,1964431,2818840,66548,6538788,362007,44180,21870,483191,503,10,2.65,48.0,Medium
U504682,29,Salaried,165024,120501,49061,762974,1499742,2003956,2092209,9422,6358881,259966,20011,92982,723526,846,0,3.21,51.0,Medium
U504683,29,Self-Employed,28279,18810,8992,11052,111682,810802,464515,4672,1398051,121271,36276,39123,141252,369,8,4.12,50.0,Medium
U504684,31,Self-Employed,135657,55411,33410,468670,115881,5930249,1405207,16487,7920007,169730,130330,31265,475259,624,4,4.87,46.0,Medium
U504685,29,Salaried,80730,48810,13174,302026,465504,439178,397795,11100,1604503,61167,8961,34697,105210,381,2,1.66,27.0,High
U504686,36,Business,95202,48435,11658,366083,365228,752709,1460086,41178,2944106,15068,114131,17069,629064,777,7,2.58,55.0,Medium
U504687,25,Salaried,143010,75525,28561,482405,864739,4789305,1272592,515,7409041,88336,89072,292239,1570118,355,5,4.32,42.0,Medium
U504688,25,Salaried,67326,36051,18504,152540,136901,125146,859624,22403,1274211,127271,18091,48222,206529,506,7,1.58,47.0,Medium
U504689,58,Business,72353,53909,20221,156165,352955,3421993,249665,14948,4180778,118358,60491,56664,90299,617,3,4.82,44.0,Medium
U504690,33,Salaried,139554,93425,41634,375858,1225466,925733,177996,46475,2705053,19791,89261,98640,308241,602,7,1.62,50.0,Medium
U504691,48,Business,82987,40313,23479,54613,410391,116846,1157334,125,1739184,148405,19706,51279,394200,643,3,1.75,48.0,Medium
U504692,29,Salaried,133776,81038,44779,280782,549552,2873501,35266,37170,3739101,498304,302806,120194,700203,505,4,2.33,49.0,Medium
U504693,30,Self-Employed,239353,160208,74786,970963,656243,913751,359076,111770,2900033,98564,194729,175367,2706447,653,7,1.01,61.0,Medium
U504694,47,Business,61781,42324,17237,320912,471662,101454,99313,6137,993341,81078,43642,27007,139745,753,2,1.34,48.0,Medium
U504695,22,Student,10669,7881,2788,21636,4644,0,0,489,26280,4332,1568,2759,12266,725,6,0.21,51.0,Medium
U504696,35,Business,119269,85246,13275,634929,408387,3883833,1326969,2423,6254118,259563,244857,204343,673873,540,9,4.37,51.0,Medium
U504697,29,Business,57291,42339,8632,34615,94434,1912112,1027959,18137,3069120,279657,130291,60648,338633,553,9,4.46,55.0,Medium
U504698,43,Salaried,52046,22933,14729,305704,189321,163792,534712,12232,1193529,15189,32884,28371,223829,582,1,1.91,40.0,Medium
U504699,29,Salaried,193845,86187,54081,100485,1060979,7769519,922342,459,9853325,600578,28687,258969,807936,799,11,4.24,68.0,Medium
U504700,43,Self-Employed,112149,81613,19187,40723,262708,5171276,533852,2136,6008559,303151,269174,191063,665593,429,7,4.46,46.0,Medium
U504701,19,Student,6256,4089,2167,20878,2400,0,0,1103,23278,2924,751,841,5198,615,5,0.31,47.0,Medium
U504702,57,Business,119891,48571,33884,713132,711185,2806341,290378,5434,4521036,91355,14975,107421,693937,538,2,3.14,42.0,Medium
U504703,38,Self-Employed,54835,36139,6002,45838,348331,494174,132719,6636,1021062,1901,32924,15458,276271,725,6,1.55,49.0,Medium
U504704,43,Self-Employed,156845,98314,27478,394174,484934,5010324,2602430,11967,8491862,182199,177543,52846,1033928,623,10,4.51,56.0,Medium
U504705,20,Student,9323,5322,4001,59486,21700,0,0,594,81186,82,372,6,2787,416,3,0.73,37.0,High
U504706,22,Salaried,23895,12509,2655,125849,84674,1059080,184353,2998,1453956,27244,10510,10008,38119,328,7,5.07,32.0,High
U504707,38,Business,78667,56218,20822,236631,131631,1273444,396512,32995,2038218,44866,76689,107295,690626,843,2,2.16,57.0,Medium
U504708,30,Self-Employed,243693,180648,32488,1212383,2169992,1730428,1396014,105754,6508817,137498,40796,99118,361626,727,2,2.23,40.0,Medium
U504709,27,Self-Employed,94368,59588,30099,176036,902387,707209,1460207,18013,3245839,72010,49129,38395,345444,379,2,2.87,35.0,High
U504710,56,Self-Employed,241294,108095,48849,1038571,2220508,2834331,2299491,27077,8392901,795594,278012,511050,1502063,390,1,2.9,35.0,High
U504711,30,Business,234670,142112,27313,906177,284393,8260960,1948202,14881,11399732,910160,44397,452300,1753971,340,7,4.05,41.0,Medium
U504712,25,Salaried,106472,59544,18745,115978,445047,3785809,1687812,38,6034646,24604,113846,77438,453083,699,5,4.72,49.0,Medium
U504713,46,Business,89925,54041,13012,381114,459605,2542382,587662,22594,3970763,476868,197534,225001,390031,779,2,3.68,52.0,Medium
U504714,29,Self-Employed,110053,74440,16019,633766,874083,3517052,1885489,20961,6910390,309606,107647,108358,376559,334,0,5.23,26.0,High
U504715,33,Salaried,116718,50617,18038,453669,896925,3714814,1885889,25820,6951297,411574,135216,104965,399750,436,0,4.96,31.0,High
U504716,30,Student,12015,6054,5961,7114,12935,0,0,150,20049,164,35,32,266,638,6,0.14,54.0,Medium
U504717,39,Business,204396,103062,60347,386433,686826,1922297,1802829,56219,4798385,144193,26030,18708,620784,805,5,1.96,55.0,Medium
U504718,34,Salaried,134073,75860,26839,275571,242582,3998271,259230,14775,4775654,27960,14551,72196,1011882,425,3,2.97,37.0,High
U504719,35,Business,55837,30552,9391,179911,142373,2394320,946083,917,3662687,55786,36302,81923,236365,704,4,5.47,48.0,Medium
U504720,32,Salaried,125920,73470,14926,751695,368353,4261741,1966019,57712,7347808,80879,237391,266250,1071591,544,8,4.86,51.0,Medium
U504721,27,Student,11161,6276,4885,7760,450,0,0,1662,8210,11521,6791,7572,14130,788,8,0.06,64.0,Medium
U504722,28,Self-Employed,82159,60622,22788,173436,501431,40717,330208,9629,1045792,120160,4204,16664,245770,724,9,1.06,58.0,Medium
U504723,21,Student,18254,11416,6838,38473,39217,0,0,1729,77690,16506,1977,7987,19328,440,2,0.35,37.0,High
U504724,40,Self-Employed,189168,141248,40999,334777,1577682,6167677,1750649,70166,9830785,16223,17545,103705,696157,763,7,4.33,54.0,Medium
U504725,46,Self-Employed,159273,93375,38840,528315,1093884,2045827,1579935,11432,5247961,497308,250397,213823,375493,535,8,2.75,51.0,Medium
U504726,30,Salaried,48946,26559,8564,173185,214346,849786,489704,5795,1727021,219007,28986,48895,317489,609,3,2.94,47.0,Medium
U504727,22,Salaried,240735,148748,45981,274191,212547,10267142,3194603,83847,13948483,114782,187453,295993,928512,799,6,4.83,55.0,Medium
U504728,43,Salaried,37585,22744,7477,39120,113894,1475633,364150,12754,1992797,19414,3991,26317,126328,345,2,4.42,28.0,High
U504729,48,Self-Employed,41151,25969,6236,90051,174867,1409672,740308,16824,2414898,14318,3545,5832,188831,685,3,4.89,43.0,Medium
U504730,47,Salaried,148365,83585,23152,98679,757844,6732294,2554426,320,10143243,58433,110650,29884,609096,849,1,5.7,47.0,Medium
U504731,26,Business,175728,76679,56476,610938,1070176,2772046,906349,49394,5359509,45996,211773,177540,973562,425,5,2.54,44.0,Medium
U504732,28,Salaried,117817,72115,24082,581026,683843,5111082,429904,48132,6805855,198305,214749,123356,617861,444,3,4.81,39.0,High
U504733,23,Student,19623,13333,6290,111798,46025,0,0,2764,157823,5550,4309,3077,22773,562,6,0.67,46.0,Medium
U504734,31,Business,146341,106297,30542,395097,23181,3517511,1892620,23991,5828409,62160,169346,98821,1537448,387,1,3.32,36.0,High
U504735,37,Salaried,220431,130012,34770,395832,217772,6512463,2730328,6105,9856395,198086,83942,102009,148876,596,0,3.73,32.0,High
U504736,50,Business,46279,22650,15042,251098,97850,1126334,508197,19935,1983479,212691,56850,105637,250188,673,4,3.57,57.0,Medium
U504737,57,Self-Employed,152313,78280,35374,261682,1343926,2438836,732181,38282,4776625,284424,171808,171648,1120345,683,6,2.61,56.0,Medium
U504738,34,Salaried,98377,43655,21609,89654,608943,1391738,375655,43514,2465990,157509,168805,170979,544230,442,7,2.09,46.0,Medium
U504739,30,Self-Employed,246927,109478,71985,527863,375239,4783955,3584386,58636,9271443,982755,302262,623595,1421407,659,7,3.13,60.0,Medium
U504740,41,Business,134220,76456,41280,674307,132332,3040060,1037659,40052,4884358,228003,73530,104101,601319,476,0,3.03,37.0,High
U504741,22,Business,234531,115424,59437,795668,102134,11123397,197978,55867,12219177,83071,43032,54958,498973,550,1,4.34,36.0,High
U504742,42,Salaried,146715,96515,42283,673818,540012,1689393,2524752,32000,5427975,288196,200769,132074,651131,774,8,3.08,63.0,Medium
U504743,46,Salaried,40068,24728,6585,93012,5675,296299,482131,19668,877117,85555,25462,42167,270093,516,3,1.82,41.0,Medium
U504744,28,Student,5447,3994,1453,27271,7565,0,0,132,34836,1332,43,145,4944,477,11,0.53,48.0,Medium
U504745,53,Business,70573,45920,15391,423252,28366,2570583,845815,7373,3868016,160685,74281,82142,171205,765,10,4.57,62.0,Medium
U504746,45,Self-Employed,111908,78188,29057,133720,568030,1496907,1448810,20082,3647467,68333,29223,41616,183139,384,7,2.72,39.0,High
U504747,20,Student,15556,9609,5947,66333,4053,0,0,2820,70386,4907,9886,8598,28742,458,2,0.38,38.0,High
U504748,41,Self-Employed,197056,107569,51858,668358,1582751,2186927,1267481,11506,5705517,510352,448023,366731,1075237,835,7,2.41,65.0,Medium
U504749,27,Student,15005,9985,5020,29195,30529,0,0,2869,59724,1121,5948,5864,33431,695,4,0.33,50.0,Medium
U504750,46,Salaried,44995,29358,5033,64414,260474,1752864,516319,7467,2594071,44559,17887,27922,75563,572,2,4.8,34.0,High
U504751,32,Business,122438,51770,19275,335785,841049,1697176,609640,3340,3483650,325882,96962,72539,576477,319,5,2.37,34.0,High
U504752,50,Salaried,169197,89068,39378,899548,305397,4456149,2987102,51327,8648196,370217,65829,204158,539296,541,2,4.26,40.0,Medium
U504753,24,Salaried,53230,36252,10199,238399,316460,2196184,68472,12922,2819515,95951,29251,52031,126921,385,10,4.41,44.0,Medium
U504754,37,Salaried,175593,80383,43338,473782,1243819,6731099,2528657,35341,10977357,609606,203854,146820,576106,544,7,5.21,50.0,Medium
U504755,37,Salaried,133867,53666,45516,158087,1271709,2054414,573406,33064,4057616,274057,158216,37278,908160,534,9,2.53,57.0,Medium
U504756,27,Business,60995,38989,17251,304682,431581,509618,385737,14786,1631618,98468,65968,41382,215440,357,2,2.23,34.0,High
U504757,49,Self-Employed,146481,86794,32737,772530,1244305,2021818,1966312,47478,6004965,284283,181650,51022,754468,307,4,3.42,34.0,High
U504758,29,Self-Employed,61518,25999,18157,188606,280057,2272142,188490,26058,2929295,4851,11066,5413,140998,315,9,3.97,40.0,Medium
U504759,52,Business,58497,27995,14397,31139,336062,448488,697121,5302,1512810,172271,103484,14592,397730,609,5,2.16,52.0,Medium
U504760,36,Business,56426,36332,14653,203651,192753,1600883,138042,15162,2135329,21420,18362,28946,218531,681,1,3.15,43.0,Medium
U504761,42,Self-Employed,216094,120772,53661,1104009,253915,924943,2740163,49847,5023030,569102,51491,40307,878118,465,0,1.94,34.0,High
U504762,22,Self-Employed,156660,85888,51407,283464,1103348,3428301,1125869,10100,5940982,16139,134514,222832,1198906,394,0,3.16,36.0,High
U504763,43,Salaried,112834,62989,13464,579456,520488,4356465,744416,50102,6200825,234671,284880,161024,849615,629,1,4.58,43.0,Medium
U504764,45,Self-Employed,20253,8811,3390,50856,73939,763007,307219,5664,1195021,25966,5412,10214,64105,831,11,4.92,63.0,Medium
U504765,57,Salaried,139445,66662,26049,622266,482347,3087521,1346974,7992,5539108,47930,164869,146118,1461475,331,9,3.31,46.0,Medium
U504766,27,Self-Employed,136056,95734,34333,734962,991403,6515087,353625,38519,8595077,117728,305535,317764,878871,777,6,5.26,61.0,Medium
U504767,26,Salaried,179064,129988,39588,158553,445729,4215696,1735856,89529,6555834,411612,95877,197210,1341643,724,7,3.05,59.0,Medium
U504768,28,Salaried,47625,28677,11022,50175,325597,224791,217603,9723,818166,2207,25452,108827,459886,692,3,1.43,52.0,Medium
U504769,48,Salaried,180724,97650,27268,75453,930004,8271955,1710027,82961,10987439,196939,3140,11462,298197,334,2,5.07,25.0,High
U504770,40,Salaried,90501,56554,9252,529297,816129,1530989,1295449,37486,4171864,266168,125139,137396,184893,848,8,3.84,58.0,Medium
U504771,18,Student,11222,8200,3022,77692,4116,0,0,1697,81808,6384,2586,5120,11613,405,10,0.61,45.0,Medium
U504772,30,Student,18339,9440,8899,38812,15695,0,0,1311,54507,2466,2071,2144,12409,305,5,0.25,39.0,High
U504773,30,Student,13812,11550,2262,55039,11686,0,0,145,66725,9269,1752,803,19878,479,1,0.4,29.0,High
U504774,37,Salaried,32632,13817,10090,124773,219754,1059342,275602,5590,1679471,29721,55192,2164,371157,566,5,4.29,54.0,Medium
U504775,29,Business,235641,165079,72555,853053,1008162,2142355,393827,63064,4397397,129432,87438,91877,1215041,311,6,1.56,39.0,High
U504776,48,Self-Employed,148936,94775,36777,31843,554475,6105881,2154341,198,8846540,270026,175552,165265,355653,587,1,4.95,40.0,Medium
U504777,56,Salaried,33211,19367,8274,3748,201996,742025,181464,5376,1129233,25456,70526,72190,246407,404,7,2.83,47.0,Medium
U504778,18,Student,16597,13049,3548,40064,19622,0,0,1647,59686,9449,9688,1763,30971,304,11,0.3,41.0,Medium
U504779,44,Salaried,66042,47109,19586,2016,319200,1650726,390321,4215,2362263,101901,174176,39136,613528,355,0,2.98,37.0,High
U504780,33,Salaried,169106,108309,19892,651472,770581,2999407,1369027,29450,5790487,148387,15798,50668,218456,662,5,2.85,42.0,Medium
U504781,35,Self-Employed,213198,99662,57425,83869,1748629,7243846,193012,67119,9269356,146331,16990,88193,369591,444,10,3.62,47.0,Medium
U504782,42,Salaried,29670,17825,7137,146136,11836,881139,89123,287,1128234,105044,10081,71642,236927,579,11,3.17,62.0,Medium
U504783,30,Salaried,229154,167745,60420,384149,663993,4272301,124488,61008,5444931,167863,98859,215741,1423566,554,11,1.98,57.0,Medium
U504784,56,Salaried,97829,65385,28030,372628,92577,2915441,991095,31000,4371741,97008,105591,77890,253149,404,1,3.72,33.0,High
U504785,49,Self-Employed,125308,79881,31472,201096,975483,5634351,1782373,18034,8593303,219890,137978,108014,372911,464,7,5.71,45.0,Medium
U504786,21,Student,17905,13951,3954,97718,604,0,0,1786,98322,3897,9466,4876,30871,380,1,0.46,27.0,High
U504787,59,Self-Employed,24655,16881,2936,39692,118893,111744,162570,3809,432899,87571,21911,37247,198715,522,3,1.46,42.0,Medium
U504788,30,Student,19223,15494,3729,88060,33531,0,0,1151,121591,2181,1378,5203,21952,747,9,0.53,54.0,Medium
U504789,35,Business,146447,96253,22908,594592,1224197,6475253,2242044,49082,10536086,423764,210108,174222,638112,410,5,6.0,39.0,High
U504790,42,Self-Employed,194153,81406,24581,510523,1380081,2589708,1004549,64300,5484861,523619,102759,33737,1382936,446,4,2.35,38.0,High
U504791,31,Salaried,38755,21671,8196,37952,218412,1245693,687127,19016,2189184,84318,47005,69920,281335,633,4,4.71,51.0,Medium
U504792,30,Student,18891,12299,6592,65534,12132,0,0,3254,77666,21019,5349,1944,33012,346,1,0.34,31.0,High
U504793,41,Salaried,71735,30729,10842,140905,516825,2116767,626377,14255,3400874,70479,21809,22460,508750,676,7,3.95,52.0,Medium
U504794,26,Student,13777,9217,4560,90684,28964,0,0,430,119648,7307,4065,3160,12972,824,1,0.72,49.0,Medium
U504795,37,Self-Employed,130429,80031,22559,282707,324845,5243120,18155,19770,5868827,213188,180262,171586,977859,813,5,3.75,58.0,Medium
U504796,25,Salaried,213721,107258,52878,89041,837553,3397189,1826778,54360,6150561,63195,136962,345742,1854426,445,4,2.4,43.0,Medium
U504797,29,Student,18111,10211,7900,24554,20765,0,0,2046,45319,703,66,872,2853,363,7,0.21,42.0,Medium
U504798,26,Student,13767,11165,2602,86380,9718,0,0,2066,96098,34,89,33,352,345,11,0.58,39.0,High
U504799,42,Self-Employed,156409,109963,42872,282776,498825,1943956,1647983,381,4373540,240453,231391,25083,751137,542,6,2.33,49.0,Medium
U504800,47,Self-Employed,106402,70781,35679,631228,413465,423260,542742,36039,2010695,36268,125127,21438,1136001,351,8,1.57,50.0,Medium
U504801,43,Salaried,25650,10368,4178,74181,208618,381438,254908,4906,919145,27322,15494,25820,149861,464,7,2.99,44.0,Medium
U504802,35,Salaried,141187,86941,27819,559816,673229,5017060,55824,56406,6305929,358815,130086,87800,806255,708,4,3.72,51.0,Medium
U504803,50,Salaried,206961,127397,27006,1148324,773698,1961312,3563507,32482,7446841,20562,335170,378219,1678325,421,5,3.0,40.0,Medium
U504804,48,Self-Employed,147513,63364,27900,69979,1043352,1486381,972578,56594,3572290,463663,131855,163725,1080941,566,1,2.02,42.0,Medium
U504805,34,Business,140570,59118,45532,13221,951989,3779655,486965,36463,5231830,261172,335252,127827,1030082,537,4,3.1,51.0,Medium
U504806,22,Student,11383,7577,3806,21235,9767,0,0,589,31002,614,1378,1199,4750,791,7,0.23,57.0,Medium
U504807,56,Self-Employed,202646,143266,26118,460740,1600510,2714997,2234763,61161,7011010,3760,19214,20060,508154,487,5,2.88,35.0,High
U504808,32,Business,156980,70752,43117,477144,895720,7019108,1227174,40142,9619146,792,8860,35126,354594,838,7,5.11,58.0,Medium
U504809,35,Salaried,135229,70137,19367,165768,733202,1556621,842861,63492,3298452,219433,131681,124447,1440149,807,4,2.03,57.0,Medium
U504810,47,Self-Employed,62346,30452,13215,301590,345656,1369859,939957,23678,2957062,83152,6392,44414,294547,671,5,3.95,49.0,Medium
U504811,27,Student,5997,3357,2640,21963,1362,0,0,948,23325,1873,1118,861,3976,560,0,0.32,40.0,Medium
U504812,23,Student,9482,5829,3653,42197,10497,0,0,55,52694,2167,3068,1707,11101,328,1,0.46,30.0,High
U504813,29,Student,9432,8011,1421,65648,1732,0,0,782,67380,2289,3111,5846,20345,369,11,0.6,42.0,Medium
U504814,37,Salaried,122778,83195,27004,152435,287624,5044055,1874411,46873,7358525,202147,72735,23236,1293461,802,9,4.99,67.0,Medium
U504815,37,Salaried,152957,65915,44090,510118,271450,4864279,556611,66551,6202458,33896,116105,44995,483238,667,10,3.38,58.0,Medium
U504816,28,Salaried,208504,104642,46722,243118,680025,3802918,1907866,72413,6633927,128188,185245,207560,707879,841,2,2.65,51.0,Medium
U504817,30,Salaried,139447,88981,44280,531396,164853,4444013,1556061,36480,6696323,170948,156163,294390,906667,403,11,4.0,55.0,Medium
U504818,30,Business,190854,120699,25172,382649,817634,5270386,67575,48942,6538244,286291,79118,21803,1331936,484,1,2.85,34.0,High
U504819,56,Self-Employed,238868,176200,79694,380355,1426127,3629243,1814825,34410,7250550,211883,470468,331645,2359157,324,2,2.53,40.0,Medium
U504820,36,Self-Employed,224113,122075,73038,649345,1703997,7532814,2140887,63752,12027043,405770,260557,184652,538479,800,5,4.47,58.0,Medium
U504821,27,Student,19323,15999,3324,26377,8948,0,0,1744,35325,2362,533,1055,6250,599,6,0.15,41.0,Medium
U504822,58,Self-Employed,194672,109546,23079,432234,1515589,736000,1411420,71127,4095243,818124,403505,279156,651535,472,7,1.75,44.0,Medium
U504823,21,Student,16805,9945,6860,93147,32920,0,0,369,126067,12367,4631,7650,20826,422,3,0.63,39.0,High
U504824,22,Self-Employed,127881,95625,30032,260664,344133,2816978,742300,13009,4164075,7982,36241,74194,413521,617,10,2.71,54.0,Medium
U504825,26,Salaried,89854,53560,17571,17226,740695,3309037,496581,36755,4563539,81387,665,13638,770261,818,11,4.23,67.0,Medium
U504826,43,Salaried,59497,43551,18076,281167,178188,1106728,577365,3100,2143448,40514,9497,5292,163732,696,7,3.0,54.0,Medium
U504827,50,Salaried,103982,50067,27945,602262,743274,2741037,559944,33566,4646517,72722,69416,1352,328731,728,7,3.72,55.0,Medium
U504828,27,Salaried,112996,83513,18406,534941,334010,2434596,356375,9760,3659922,301263,28395,117018,1117308,486,8,2.7,51.0,Medium
U504829,28,Student,16359,13423,2936,63389,15045,0,0,52,78434,6152,3177,1507,13366,451,2,0.4,29.0,High
U504830,47,Salaried,224361,113275,62070,1171822,1460930,6282007,3871404,47098,12786163,213653,34680,152813,563265,774,8,4.75,58.0,Medium
U504831,30,Student,14365,11890,2475,60560,24111,0,0,781,84671,2579,796,2799,11508,599,10,0.49,48.0,Medium
U504832,26,Salaried,243751,177449,34195,1436014,1133932,10971345,2617663,119502,16158954,524720,159411,345790,2061434,340,1,5.52,31.0,High
U504833,53,Salaried,213187,130511,45791,711464,873286,5267239,252585,80673,7104574,602539,200260,390184,1350141,614,8,2.78,56.0,Medium
U504834,58,Business,119918,84703,17027,640542,210020,1580598,45891,56207,2477051,176640,131207,50053,1011115,733,11,1.72,63.0,Medium
U504835,32,Business,153171,83586,29891,126850,880087,3862179,1789342,67617,6658458,337980,146172,249881,1186292,377,4,3.62,39.0,High
U504836,58,Salaried,89818,61426,17605,510093,556636,493459,1385223,27849,2945411,118148,89485,136754,356525,620,3,2.73,44.0,Medium
U504837,50,Self-Employed,102051,53405,19249,340277,363078,2221043,182563,35995,3106961,298320,59330,125813,608956,466,3,2.54,40.0,Medium
U504838,26,Student,14905,8176,6729,57466,34131,0,0,1973,91597,6182,3947,7772,24637,646,11,0.51,63.0,Medium
U504839,27,Student,6960,4837,2123,23861,15751,0,0,1319,39612,6247,661,1521,13419,843,8,0.47,61.0,Medium
U504840,54,Salaried,35362,23358,4545,80420,269597,235662,341638,9853,927317,124954,35039,13919,141812,360,4,2.19,33.0,High
U504841,40,Salaried,25886,15338,8542,31701,159640,182474,411076,9939,784891,1987,19481,9907,82449,689,7,2.53,55.0,Medium
U504842,51,Salaried,27261,11301,7590,27388,34024,236722,318916,11839,617050,1466,6986,9978,177347,598,10,1.89,57.0,Medium
U504843,27,Student,13623,8051,5572,88630,25722,0,0,2552,114352,237,4602,5976,22624,455,5,0.7,43.0,Medium
U504844,24,Student,10447,8784,1663,10828,19555,0,0,2002,30383,936,2807,1664,13162,387,0,0.24,23.0,High
U504845,22,Student,11476,6856,4620,53456,25999,0,0,474,79455,226,509,6,2331,619,2,0.58,43.0,Medium
U504846,25,Salaried,111406,52436,24342,554438,67316,3184732,692951,54199,4499437,7185,33819,44831,783524,450,1,3.37,34.0,High
U504847,25,Student,8228,5100,3128,45563,13799,0,0,1162,59362,2612,466,587,6001,467,4,0.6,40.0,Medium
U504848,27,Student,7585,4594,2991,32645,16960,0,0,1255,49605,3545,1423,2369,18924,663,4,0.54,51.0,Medium
U504849,49,Self-Employed,201105,87248,52788,292014,262107,2521297,1243880,64387,4319298,214714,79667,213494,685073,488,10,1.79,51.0,Medium
U504850,56,Salaried,218847,99528,74653,587367,1904944,8073865,3330964,23621,13897140,303474,53118,160419,845772,401,3,5.29,39.0,High
U504851,36,Salaried,152526,99578,53183,155001,1423478,7249956,596515,57526,9424950,606488,111903,252785,861047,691,10,5.15,67.0,Medium
U504852,57,Salaried,100536,70021,30215,201715,959844,1472509,1119697,48015,3753765,45262,36572,14038,146467,497,5,3.11,41.0,Medium
U504853,39,Self-Employed,183198,90262,36048,495829,990385,3889848,772007,812,6148069,67967,64892,103891,400165,691,5,2.8,47.0,Medium
U504854,35,Salaried,236720,171103,40271,200983,1685908,6073769,871146,25696,8831806,142912,113060,98517,2329626,578,1,3.11,41.0,Medium
U504855,25,Salaried,28897,18787,8539,16373,173297,351680,140031,11682,681381,79785,42193,39598,138181,582,5,1.96,51.0,Medium
U504856,34,Salaried,85390,40973,15146,174244,516063,3671450,1418436,27042,5780193,19936,10000,9493,217071,478,7,5.64,40.0,Medium
U504857,41,Self-Employed,59896,44143,17073,95685,464609,2485482,116441,2602,3162217,215133,84145,19394,489182,369,0,4.4,36.0,High
U504858,22,Salaried,246390,99328,48823,551054,638795,2597230,721421,78337,4508500,62838,324773,113542,1764906,656,2,1.52,45.0,Medium
U504859,48,Salaried,46531,19147,15944,275011,54204,1584757,179548,15006,2093520,14575,78546,39379,295995,825,5,3.75,62.0,Medium
U504860,51,Salaried,56817,33311,7366,187875,341193,2522806,873948,16896,3925822,110772,23639,27384,315026,346,6,5.76,36.0,High
U504861,26,Student,5520,3902,1618,383,5819,0,0,901,6202,1020,648,903,2941,778,11,0.09,61.0,Medium
U504862,41,Self-Employed,81219,45199,18092,389564,199102,1602890,381471,10001,2573027,103813,96608,109675,272740,333,8,2.64,41.0,Medium
U504863,41,Salaried,77243,42737,21998,387105,726835,2018147,1221281,33342,4353368,15129,57035,50701,181875,386,6,4.7,39.0,High
U504864,23,Salaried,108351,77722,22049,444338,887902,5042619,1883063,27570,8257922,250032,83295,142652,460979,560,5,6.35,46.0,Medium
U504865,19,Student,15398,9321,6077,83606,28818,0,0,2314,112424,5105,4441,1337,12538,708,11,0.61,63.0,Medium
U504866,32,Salaried,230524,149411,23207,12874,439177,7455235,3859507,98852,11766793,167746,150640,278841,1595661,468,6,4.25,41.0,Medium
U504867,22,Business,78038,47567,25007,63568,570424,2473693,537250,9991,3644935,79344,9643,21038,93371,831,5,3.89,56.0,Medium
U504868,24,Student,14502,12054,2448,67786,21478,0,0,1067,89264,266,5850,5320,28372,684,9,0.51,51.0,Medium
U504869,44,Salaried,131795,60673,18889,459179,880149,5371402,1891115,12009,8601845,103554,125021,1861,500223,833,5,5.44,52.0,Medium
U504870,45,Self-Employed,245253,136603,27769,1286819,1772514,631404,1483696,96874,5174433,80119,563927,603339,2171329,454,9,1.76,49.0,Medium
U504871,24,Student,15435,8119,7316,32889,30965,0,0,1616,63854,4857,228,1283,18934,615,6,0.34,53.0,Medium
U504872,26,Salaried,79325,45884,21290,195196,254702,2702874,771549,26836,3924321,54608,479,42112,179704,512,1,4.12,35.0,High
U504873,19,Student,10590,8405,2185,1736,1567,0,0,1300,3303,5396,2234,1854,17900,487,9,0.03,44.0,Medium
U504874,22,Student,19722,12244,7478,94106,30961,0,0,1820,125067,24669,13828,12008,18706,727,3,0.53,51.0,Medium
U504875,44,Salaried,172297,112160,36113,759533,1111656,633266,2684763,49324,5189218,482245,97687,133090,939715,461,10,2.51,51.0,Medium
U504876,59,Salaried,55169,38915,9086,303273,119213,2516769,592728,12071,3531983,46583,49769,41659,159107,842,4,5.34,52.0,Medium
U504877,49,Business,198181,146935,39666,435343,23491,5469781,2356579,68854,8285194,290454,29410,147502,378708,752,0,3.48,42.0,Medium
U504878,22,Salaried,101855,71747,26678,115033,778436,1285689,837886,21408,3017044,7906,153372,108109,516052,602,6,2.47,50.0,Medium
U504879,39,Self-Employed,196146,106964,48331,167359,1626811,3796580,3073687,30817,8664437,312009,190519,26491,1148522,389,2,3.68,35.0,High
U504880,25,Student,19985,15361,4624,85723,34464,0,0,2026,120187,2457,3578,737,28211,466,6,0.5,39.0,High
U504881,45,Business,65141,38619,12786,49247,592712,2971362,205018,32312,3818339,62139,38641,12319,98174,829,5,4.88,52.0,Medium
U504882,45,Self-Employed,188275,130210,35237,14410,1084063,7923212,1591263,33492,10612948,630836,24907,164922,785899,841,5,4.7,57.0,Medium
U504883,37,Self-Employed,34805,15987,8960,110935,111212,158559,576759,13748,957465,34705,208,17110,54928,825,9,2.29,61.0,Medium
U504884,25,Self-Employed,124089,70574,35367,616653,457861,4058004,630651,37483,5763169,54158,63149,57943,716875,527,0,3.87,38.0,High
U504885,27,Business,195229,96827,23516,1130386,705681,7137693,2077595,33098,11051355,790229,15536,26714,1752880,755,6,4.72,56.0,Medium
U504886,51,Salaried,56822,39824,15590,51804,31444,2206621,389700,27978,2679569,62026,78640,109145,461350,644,6,3.93,57.0,Medium
U504887,43,Business,75983,34061,24003,60713,299736,1301008,639902,4161,2301359,257323,137524,1345,477843,391,1,2.52,38.0,High
U504888,42,Business,49296,26248,14531,89312,22389,1564360,732190,20710,2408251,17070,12062,53188,213941,703,11,4.07,63.0,Medium
U504889,39,Salaried,50627,27861,14488,124364,45769,989264,240380,19779,1399777,1114,27620,46038,182919,565,7,2.3,49.0,Medium
U504890,48,Self-Employed,221956,93604,52447,1090944,1277977,9021782,1578672,59281,12969375,743018,221148,260317,633109,735,7,4.87,57.0,Medium
U504891,24,Student,16890,9464,7426,90107,27919,0,0,1852,118026,11117,3132,4203,11132,362,6,0.58,42.0,Medium
U504892,50,Salaried,148541,91066,18146,758217,1277013,5957153,925330,45766,8917713,12629,164458,150439,852165,780,8,5.0,56.0,Medium
U504893,52,Salaried,244014,161757,54184,901010,769140,9448120,923965,57781,12042235,794509,489990,247175,1523944,683,6,4.11,56.0,Medium
U504894,41,Self-Employed,128370,92464,39003,596628,490572,5349133,2154746,7869,8591079,180747,72073,60412,143326,550,4,5.58,43.0,Medium
U504895,23,Student,18699,9830,8869,99312,22274,0,0,2568,121586,17512,8110,4679,23406,711,8,0.54,62.0,Medium
U504896,40,Salaried,56162,31730,16424,47870,114433,1645315,464675,15935,2272293,39283,25316,65703,244747,436,7,3.37,45.0,Medium
U504897,23,Student,17858,13370,4488,5397,6801,0,0,353,12198,2865,190,581,4946,781,6,0.06,51.0,Medium
U504898,35,Salaried,114798,55647,13283,59333,648159,1546843,205806,41779,2460141,58536,144638,106888,476803,844,3,1.79,50.0,Medium
U504899,53,Self-Employed,33597,18101,3513,190530,194600,29191,548384,14650,962705,97905,34744,35034,125792,344,3,2.39,30.0,High
U504900,25,Salaried,161371,117189,50365,736060,1175458,2467351,1003448,64394,5382317,380515,106071,99342,503053,795,8,2.78,63.0,Medium
U504901,34,Self-Employed,173297,81344,39985,783801,652560,5683793,185365,59171,7305519,557849,56342,333006,1204857,594,3,3.51,48.0,Medium
U504902,57,Salaried,140575,81679,28996,111948,292226,1022048,2187397,40146,3613619,46347,48953,272007,1402963,532,7,2.14,51.0,Medium
U504903,23,Student,8119,5921,2198,4209,3019,0,0,25,7228,564,99,310,1653,576,0,0.07,33.0,High
U504904,26,Business,133097,53924,29565,15521,300311,6309593,2294092,32966,8919517,21438,187394,68735,1116542,736,5,5.58,55.0,Medium
U504905,19,Student,19712,14533,5179,96846,29238,0,0,2598,126084,18,65,57,578,505,6,0.53,40.0,Medium
U504906,25,Salaried,117708,72109,17755,31944,764861,691993,52156,46378,1540954,82376,32073,120083,502722,472,3,1.09,35.0,High
U504907,46,Salaried,99037,57772,28481,377221,791870,1810400,507264,6471,3486755,16449,70797,2029,555253,843,9,2.93,65.0,Medium
U504908,26,Student,19752,14845,4907,114740,10964,0,0,702,125704,4367,2242,2150,8736,405,10,0.53,43.0,Medium
U504909,46,Salaried,209226,126851,30420,509459,188239,5291109,1837314,44662,7826121,159365,52016,17863,412114,623,6,3.12,43.0,Medium
U504910,41,Self-Employed,122426,72798,26458,399202,351212,1325086,984885,54098,3060385,161208,33094,180614,808236,793,8,2.08,62.0,Medium
U504911,32,Self-Employed,144213,84697,16507,717244,412882,3595088,951269,33742,5676483,127733,10177,79072,275791,338,0,3.28,21.0,High
U504912,24,Salaried,131758,74689,44028,222046,875780,5760054,1633278,1460,8491158,508615,205099,66539,573309,673,5,5.37,56.0,Medium
U504913,37,Self-Employed,104427,53302,24935,327114,734591,235043,977719,32299,2274467,74118,105434,24759,354388,660,0,1.82,40.0,Medium
U504914,28,Student,12392,6584,5808,48497,6326,0,0,2254,54823,1681,1121,1365,3103,673,3,0.37,50.0,Medium
U504915,29,Student,13632,9675,3957,7263,3406,0,0,519,10669,10269,1521,2368,17204,602,7,0.07,49.0,Medium
U504916,28,Student,9812,8145,1667,64635,21901,0,0,1157,86536,6270,2772,3165,5753,763,5,0.73,47.0,Medium
U504917,42,Self-Employed,168999,91366,35681,691399,1054784,2575988,2945719,42975,7267890,27178,24451,579,558313,727,4,3.58,47.0,Medium
U504918,33,Salaried,42892,17573,13923,43430,314953,1335323,710583,7757,2404289,50189,1698,30314,123080,723,7,4.67,57.0,Medium
U504919,59,Salaried,198281,110885,33410,105459,1289587,1679601,3336841,74079,6411488,241174,55661,35790,362099,812,6,2.69,52.0,Medium
U504920,25,Self-Employed,167398,81681,48856,207775,379343,3311389,905406,66505,4803913,373756,255032,229343,1438397,547,8,2.39,58.0,Medium
U504921,28,Self-Employed,120533,74983,14047,397171,463304,4997729,812067,18544,6670271,367799,128427,186765,300448,724,3,4.61,46.0,Medium
U504922,23,Salaried,106016,69441,14809,211705,285389,4778312,1793975,24736,7069381,49979,62663,9632,203101,334,2,5.56,25.0,High
U504923,36,Salaried,242526,127314,63314,113571,1764423,2392125,4198339,89345,8468458,415117,93631,72577,1192898,364,7,2.91,42.0,Medium
U504924,28,Self-Employed,249994,138160,31028,1012745,807923,10714891,3758718,77436,16294277,181050,326279,169097,2437554,730,11,5.43,63.0,Medium
U504925,48,Self-Employed,133737,59472,40984,117660,1159203,3708447,77679,48777,5062989,30642,53947,6114,1178284,373,2,3.15,37.0,High
U504926,39,Self-Employed,151772,101594,27614,904474,1075899,1307368,1386268,53176,4674009,31153,89204,96370,1833569,340,3,2.57,37.0,High
U504927,31,Salaried,135715,73117,25340,77521,1060040,1095136,695604,12573,2928301,340465,67074,128385,605568,629,11,1.8,58.0,Medium
U504928,29,Self-Employed,94292,54930,18595,103530,760108,522960,259802,8849,1646400,126696,60721,162440,512047,445,2,1.46,36.0,High
U504929,53,Business,156716,100378,50026,13522,377979,1931071,543903,50785,2866475,322565,20676,7780,507778,847,11,1.52,69.0,Medium
U504930,38,Self-Employed,97265,49946,10816,438792,908634,3584226,96657,14083,5028309,361250,21431,51287,867458,519,6,4.31,46.0,Medium
U504931,18,Student,19187,10986,8201,127623,36043,0,0,605,163666,14364,445,3742,32236,404,10,0.71,50.0,Medium
U504932,18,Student,17540,9373,8167,79052,10374,0,0,1243,89426,1664,2246,3435,15090,836,5,0.42,60.0,Medium
U504933,23,Salaried,156114,92322,43480,76313,1025739,2897594,519737,30312,4519383,184941,80261,99292,266007,655,9,2.41,55.0,Medium
U504934,37,Self-Employed,246735,151561,64892,255476,1286065,10611739,67970,21742,12221250,324131,187325,29032,1159606,432,11,4.13,51.0,Medium
U504935,44,Self-Employed,41188,18372,8631,163559,276457,135397,638804,7570,1214217,43518,16605,1981,57171,813,8,2.46,57.0,Medium
U504936,55,Business,47727,30818,14403,173353,39821,1207389,355903,5619,1776466,111444,65073,17910,410964,429,2,3.1,42.0,Medium
U504937,28,Salaried,96656,41329,28451,338371,83343,271610,336375,48168,1029699,173920,19668,107570,253680,589,2,0.89,43.0,Medium
U504938,58,Salaried,24986,18661,4788,100344,62321,553466,35129,11994,751260,34479,33533,39108,243627,762,4,2.51,56.0,Medium
U504939,53,Self-Employed,243566,140644,32167,249812,1061630,6594509,2259639,40447,10165590,158489,167270,160098,376223,832,11,3.48,60.0,Medium
U504940,48,Salaried,222659,121172,32389,1188089,1883263,6160457,1169183,110208,10400992,372540,272983,227052,1296417,503,7,3.89,46.0,Medium
U504941,28,Student,18202,15405,2797,12192,3120,0,0,1597,15312,706,5046,8595,32606,347,4,0.07,28.0,High
U504942,44,Salaried,42770,21798,5125,140375,17449,1826314,515783,6473,2499921,88608,69301,27877,313322,369,0,4.87,29.0,High
U504943,32,Salaried,249080,114452,36387,1194406,641781,7572883,447731,1169,9856801,1123254,374106,203412,1878657,479,1,3.3,38.0,High
U504944,22,Business,190593,123952,26235,679618,1087596,5495568,2883041,12716,10145823,295474,86868,157799,260370,311,1,4.44,23.0,High
U504945,27,Student,18334,11057,7277,126169,43714,0,0,2232,169883,1569,398,2162,52985,381,10,0.77,49.0,Medium
U504946,59,Salaried,64683,35993,11807,314544,434832,961047,60126,13157,1770549,210525,133696,132275,201663,502,8,2.28,49.0,Medium
U504947,52,Salaried,161026,109302,23592,812543,628828,6549751,2688176,64624,10679298,261301,98363,126905,262662,583,4,5.53,40.0,Medium
U504948,29,Salaried,78709,57940,22040,469799,439753,2294069,1399547,22881,4603168,53634,41313,3761,257928,436,1,4.87,33.0,High
U504949,22,Salaried,166391,84847,40393,95563,999718,5041976,1901570,1727,8038827,681780,419247,181794,912027,667,6,4.03,57.0,Medium
U504950,24,Student,11249,7870,3379,71035,17902,0,0,1720,88937,3308,3783,6302,24559,310,4,0.66,33.0,High
U504951,19,Student,16413,11308,5105,67157,13004,0,0,1007,80161,280,872,668,4351,691,3,0.41,45.0,Medium
U504952,24,Student,13261,9134,4127,24989,31110,0,0,721,56099,6647,438,4048,27613,535,5,0.35,44.0,Medium
U504953,55,Salaried,169683,71673,27164,688469,62720,3499092,132233,21897,4382514,200688,99931,57795,484347,533,9,2.15,47.0,Medium
U504954,20,Student,18677,11930,6747,56818,43271,0,0,468,100089,85,672,640,5267,480,0,0.45,33.0,High
U504955,26,Salaried,74121,44405,18543,233713,530888,2822156,367370,26323,3954127,144220,18164,13548,228623,607,1,4.45,40.0,Medium
U504956,40,Salaried,114873,53942,11539,633925,571959,2089373,104531,12933,3399788,247028,39725,161335,704671,400,3,2.47,33.0,High
U504957,49,Business,216875,115611,39929,612628,102549,5614336,2885316,97528,9214829,116572,44873,156969,550598,660,4,3.54,44.0,Medium
U504958,29,Student,9638,5373,4265,49710,19592,0,0,111,69302,505,44,3,854,640,2,0.6,45.0,Medium
U504959,44,Business,121134,89830,39374,16831,1128270,925131,787680,4302,2857912,398010,45514,266317,902847,373,10,1.97,54.0,Medium
U504960,57,Salaried,139702,80287,27878,172779,748140,5449355,580229,33004,6950503,326977,92995,98778,540574,741,5,4.15,52.0,Medium
U504961,26,Student,9493,6607,2886,66507,1237,0,0,997,67744,5519,1918,2073,9991,319,7,0.59,37.0,High
U504962,23,Student,12329,9703,2626,68561,25692,0,0,676,94253,5258,883,2811,8812,672,7,0.64,48.0,Medium
U504963,50,Self-Employed,222275,125444,34057,1018357,1577096,6414706,3270425,47390,12280584,181917,78779,112417,1018785,486,5,4.6,39.0,High
U504964,47,Salaried,229843,124007,57270,695936,1624039,4092827,3223083,26860,9635885,246618,60355,109955,228377,757,10,3.49,59.0,Medium
U504965,40,Salaried,120582,64271,26046,239390,320083,2796840,1356809,19809,4713122,214974,44692,88691,621079,628,2,3.26,43.0,Medium
U504966,51,Salaried,195861,139978,65395,228616,1077557,6028076,1494671,77174,8828920,161069,72205,297633,2086726,398,8,3.76,53.0,Medium
U504967,22,Self-Employed,234883,173346,72078,684992,1006426,3472624,1609666,13609,6773708,725216,334855,427303,1392827,463,9,2.4,55.0,Medium
U504968,55,Salaried,28787,18255,4115,164958,235116,1056405,344233,6025,1800712,122455,17931,46196,202922,567,3,5.21,45.0,Medium
U504969,54,Salaried,80368,54811,21416,370447,184410,1232017,24280,31517,1811154,77916,65992,8136,355500,723,7,1.88,56.0,Medium
U504970,25,Self-Employed,33007,14781,10696,181076,60049,334860,335644,15350,911629,15536,42823,79452,263401,614,7,2.3,58.0,Medium
U504971,22,Self-Employed,232142,152975,73478,35847,1762150,970808,2570807,22693,5339612,457914,287636,148931,787630,321,5,1.92,39.0,High
U504972,30,Salaried,47114,34697,12897,256215,10796,401106,784355,18425,1452472,211990,73366,100649,200086,689,8,2.57,62.0,Medium
U504973,42,Business,123717,50810,34061,338010,662238,3541880,1292311,3250,5834439,69463,104240,148487,733877,718,10,3.93,63.0,Medium
U504974,44,Self-Employed,27383,11266,4269,160459,256582,119400,395998,6311,932439,121751,43995,30196,122993,513,8,2.84,50.0,Medium
U504975,20,Student,7393,5285,2108,15787,13222,0,0,210,29009,358,162,251,2475,648,2,0.33,40.0,Medium
U504976,28,Self-Employed,76927,31865,13581,55098,651237,85387,128292,404,920014,214913,8169,118957,326616,504,3,1.0,39.0,High
U504977,48,Salaried,137173,63643,18709,346343,85663,5560030,1394929,40634,7386965,105462,61697,104281,265070,431,11,4.49,44.0,Medium
U504978,45,Salaried,129180,85652,17583,176446,1151654,4783154,192125,44237,6303379,613227,259588,305686,574488,713,10,4.07,62.0,Medium
U504979,40,Salaried,198575,83842,60828,922720,1120529,4694608,1559268,19418,8297125,112264,66016,108474,1548376,626,5,3.48,53.0,Medium
U504980,38,Salaried,244171,151934,24464,655340,1400556,3578570,3626656,45845,9261122,559344,469855,74633,1634865,602,4,3.16,44.0,Medium
U504981,28,Salaried,98134,58040,31686,122413,305068,2124242,33129,40799,2584852,285906,177044,19509,478678,811,0,2.2,53.0,Medium
U504982,53,Business,63827,25627,16620,83848,138348,1228598,729255,27600,2180049,294311,155186,25521,343470,724,4,2.85,56.0,Medium
U504983,27,Student,15257,9179,6078,23231,1039,0,0,564,24270,12135,4404,3000,20057,398,4,0.13,39.0,High
U504984,30,Student,19106,12962,6144,123779,10456,0,0,3034,134235,1405,6656,5361,40675,389,6,0.59,40.0,Medium
U504985,29,Student,15765,12740,3025,87464,15462,0,0,525,102926,312,104,485,3111,402,8,0.54,37.0,High
U504986,52,Self-Employed,82930,33744,25631,459775,516793,3140834,1195303,28590,5312705,42296,32653,37786,105503,797,0,5.34,46.0,Medium
U504987,20,Student,15906,11678,4228,4849,20374,0,0,1014,25223,5361,3314,5092,19952,604,1,0.13,38.0,High
U504988,25,Student,19899,12516,7383,37540,15029,0,0,2625,52569,11639,4484,3991,39739,601,6,0.22,50.0,Medium
U504989,58,Salaried,86066,52277,12524,477444,571420,2926168,1514282,34790,5489314,6244,5734,23648,383299,619,11,5.32,53.0,Medium
U504990,25,Business,223548,141847,75235,15575,1266403,1373677,2542106,98099,5197761,126859,96494,161582,500072,312,9,1.94,43.0,Medium
U504991,50,Salaried,209240,91292,22846,109809,1029330,6600544,216010,78677,7955693,558823,133353,3934,1026221,713,9,3.17,55.0,Medium
U504992,28,Student,16484,12613,3871,57960,11578,0,0,876,69538,5046,2729,1799,5870,709,6,0.35,48.0,Medium
U504993,26,Salaried,129764,73614,23347,162373,1175292,1402775,2053946,55368,4794386,107775,60569,100598,513111,445,4,3.08,36.0,High
U504994,35,Salaried,248730,175892,81223,1291751,249959,10889902,3834785,18559,16266397,121561,436170,416505,2231758,784,4,5.45,61.0,Medium
U504995,45,Salaried,65219,40814,11771,199120,43558,2638076,446185,1848,3326939,72010,77810,46771,198375,569,11,4.25,53.0,Medium
U504996,57,Salaried,84302,38067,25482,165464,311099,1559279,837062,14675,2872904,64591,48105,23664,456683,612,9,2.84,57.0,Medium
U504997,34,Self-Employed,54607,24651,7854,28001,19240,318486,746598,10107,1112325,59132,33681,7177,515019,306,8,1.7,40.0,Medium
U504998,59,Self-Employed,102817,58003,32211,227415,6599,3008120,1032458,5933,4274592,567178,81235,17749,806753,493,3,3.46,48.0,Medium
U504999,37,Business,67352,41839,8068,184301,37216,556281,386937,3467,1164735,198823,41665,13815,646147,695,2,1.44,47.0,Medium
U505000,54,Salaried,49604,34568,12075,104789,12381,1724508,22064,23859,1863742,17459,68095,26997,251404,457,8,3.13,47.0,Medium
U505001,46,Salaried,176305,122008,31745,978628,1537713,1265166,909119,61153,4690626,704600,52676,88006,1398925,774,1,2.22,50.0,Medium
U505002,42,Salaried,172384,116067,25133,593923,743408,5600225,376860,34329,7314416,115637,30232,31571,321675,654,6,3.54,44.0,Medium
U505003,50,Salaried,248163,136447,60906,22282,136613,8283382,1974056,71057,10416333,1073857,387056,297537,1375382,593,6,3.5,54.0,Medium
U505004,28,Business,218036,158900,27092,783322,26704,9000901,1828339,96382,11639266,503474,249111,258014,422113,728,9,4.45,55.0,Medium
U505005,51,Salaried,195224,128322,42118,120782,4756,5652324,337937,55932,6115799,193957,36095,7677,1355181,534,7,2.61,48.0,Medium
U505006,27,Business,101009,59769,19493,284295,713114,121859,628819,6620,1748087,187084,24061,220927,983904,695,5,1.44,55.0,Medium
U505007,45,Self-Employed,36966,21889,4219,87624,19797,24397,20618,14657,152436,50456,23467,21942,38653,586,0,0.34,31.0,High
U505008,52,Salaried,83128,53274,22864,422138,346874,3025937,693552,2141,4488501,57500,1858,10879,170385,423,3,4.5,34.0,High
U505009,42,Salaried,168764,114377,40628,65991,867062,651635,672662,33462,2257350,168280,177407,299682,1448263,473,8,1.11,52.0,Medium
U505010,59,Salaried,163615,99257,22610,235347,475314,7203159,941862,42425,8855682,148690,60420,19707,1006114,543,7,4.51,45.0,Medium
U505011,33,Salaried,36793,17573,6713,141778,333960,475551,438087,6995,1389376,65907,33732,50119,208808,631,2,3.15,44.0,Medium
U505012,37,Salaried,50909,34121,5150,131119,267161,1994382,595771,23544,2988433,41182,31913,75660,242387,843,11,4.89,63.0,Medium
U505013,23,Student,14721,11032,3689,73540,15833,0,0,690,89373,6895,3339,2650,32800,658,5,0.51,47.0,Medium
U505014,39,Self-Employed,63774,41691,10904,103507,514747,989882,857714,8632,2465850,31677,71555,9616,804149,732,4,3.22,55.0,Medium
U505015,21,Student,10597,7105,3492,73959,3172,0,0,929,77131,7020,4613,1238,24291,838,11,0.61,67.0,Medium
U505016,40,Business,149861,75336,44194,606477,1380080,5064998,93035,58323,7144590,91313,125121,29658,1798993,739,3,3.97,57.0,Medium
U505017,47,Self-Employed,58382,36655,12197,211749,146472,2319518,1013721,16152,3691460,43644,925,53442,219259,485,5,5.27,40.0,Medium
U505018,25,Student,7652,5399,2253,15587,7574,0,0,725,23161,3005,1218,851,7072,834,1,0.25,48.0,Medium
U505019,34,Salaried,20275,14922,4788,74697,148556,942857,74216,7273,1240326,8094,2769,9266,34569,763,1,5.1,44.0,Medium
U505020,22,Salaried,198332,125447,59998,80539,181985,2618269,489448,85787,3370241,826113,190998,240627,946450,609,4,1.42,52.0,Medium
U505021,23,Student,11015,8919,2096,65530,2533,0,0,1095,68063,1074,2012,573,25895,436,8,0.51,40.0,Medium
U505022,23,Student,7253,4615,2638,9038,2551,0,0,1176,11589,1236,714,592,6303,565,2,0.13,40.0,Medium
U505023,37,Self-Employed,171670,75270,18175,1017077,1171102,4478053,2755337,44955,9421569,264211,86584,79673,346710,834,3,4.57,47.0,Medium
U505024,43,Salaried,26639,18617,9113,6647,248553,812080,425238,7932,1492518,22894,4311,22416,75575,327,10,4.67,46.0,Medium
U505025,22,Salaried,29331,14807,4027,119709,112112,498753,62414,5503,792988,69399,35836,14303,160996,650,7,2.25,51.0,Medium
U505026,21,Student,6365,3977,2388,6426,278,0,0,3,6704,5578,555,3243,8595,459,0,0.09,34.0,High
U505027,21,Student,18836,10037,8799,52644,43455,0,0,3587,96099,19408,1895,298,29228,520,11,0.43,58.0,Medium
U505028,48,Self-Employed,178035,109492,20519,550600,157459,8125957,1015322,9222,9849338,237723,15234,73732,353780,741,6,4.61,48.0,Medium
U505029,40,Salaried,139872,97539,22384,500332,1267960,475499,1634648,47498,3878439,210006,200900,108946,707874,770,4,2.31,51.0,Medium
U505030,24,Salaried,208530,138671,47692,1184716,1919392,9991583,1349041,19629,14444732,80057,10155,54074,1207998,441,8,5.77,45.0,Medium
U505031,36,Salaried,99961,48518,14990,286862,846737,4556023,1794941,48224,7484563,186092,85457,71854,176338,319,10,6.24,39.0,High
U505032,41,Salaried,36837,17933,8300,193060,153282,169785,584234,17877,1100361,70382,23451,1571,143050,567,5,2.49,45.0,Medium
U505033,34,Salaried,75363,40133,9097,365939,641123,3522530,350991,36174,4880583,66997,27940,1555,292299,451,8,5.4,40.0,Medium
U505034,39,Salaried,233633,104396,59156,456370,895366,4223752,3176021,77126,8751509,284013,15111,304571,2186592,348,1,3.12,35.0,High
U505035,46,Business,169472,126876,23034,251202,1169190,2907605,2313767,61631,6641764,43601,9367,49960,517259,506,0,3.27,29.0,High
U505036,45,Self-Employed,134134,57482,21079,508135,379284,3823069,1600135,26746,6310623,31308,197948,162081,1011706,422,6,3.92,42.0,Medium
U505037,38,Self-Employed,86235,41309,12025,275079,166273,1284815,830842,28348,2557009,42185,62688,31598,213189,545,7,2.47,42.0,Medium
U505038,57,Salaried,60260,43789,6690,202210,279525,2010677,952839,3270,3445251,27022,25961,50732,202028,565,6,4.76,41.0,Medium
U505039,46,Business,95178,46846,23511,420253,344512,2567168,1297114,41963,4629047,59644,42359,62272,236677,616,8,4.05,51.0,Medium
U505040,25,Salaried,226126,130828,61334,53103,640856,4868279,315561,89829,5877799,815783,80602,359068,1092256,389,2,2.17,37.0,High
U505041,32,Salaried,75574,41843,18367,444949,708944,1046343,1215522,17918,3415758,267943,94034,148082,302139,525,9,3.77,54.0,Medium
U505042,32,Salaried,140126,99203,42295,546372,1127715,2963249,2197604,3043,6834940,405718,314524,5707,932232,462,2,4.06,43.0,Medium
U505043,54,Salaried,231749,110013,51302,414694,2093167,7276805,3660457,12652,13445123,230075,142524,194471,1499509,718,11,4.83,63.0,Medium
U505044,36,Salaried,174536,79397,48445,777731,1426739,661861,891918,34348,3758249,520902,255580,285773,514303,607,10,1.79,59.0,Medium
U505045,22,Self-Employed,61977,39943,16602,289876,229158,1574618,330572,12753,2424224,54046,26657,25627,69896,599,2,3.26,40.0,Medium
U505046,46,Self-Employed,126203,69942,30454,276865,60770,1259063,852710,13822,2449408,146414,86305,138249,392423,764,9,1.62,60.0,Medium
U505047,30,Business,117510,56320,38094,177699,482530,1353365,958360,31815,2971954,418581,151550,32307,490122,477,1,2.11,40.0,Medium
U505048,51,Salaried,39385,25244,11829,167155,277516,1627083,704243,9440,2775997,63459,41787,11755,128343,420,2,5.87,36.0,High
U505049,50,Salaried,114478,66723,23978,81799,153394,3527111,1018436,20250,4780740,5733,74175,61897,276435,679,2,3.48,42.0,Medium
U505050,34,Self-Employed,80363,34346,8393,161985,419508,1939472,159674,763,2680639,211542,88314,76318,210336,501,6,2.78,40.0,Medium
U505051,40,Self-Employed,51932,27967,6738,184029,363674,1934889,912451,14451,3395043,120374,12312,50930,324635,419,8,5.45,43.0,Medium
U505052,41,Business,112100,56138,33071,436512,409604,4938158,1418201,35183,7202475,168945,15262,19877,505498,574,8,5.35,53.0,Medium
U505053,45,Business,68068,38557,12269,91947,80279,1079153,300146,31130,1551525,34850,25727,42000,218482,376,9,1.9,41.0,Medium
U505054,43,Business,100262,66099,18890,497781,572909,3843046,1604573,37057,6518309,147282,64362,58704,134286,322,1,5.42,25.0,High
U505055,26,Student,6250,3803,2447,5254,1422,0,0,1087,6676,873,203,778,2631,314,9,0.09,42.0,Medium
U505056,29,Student,7077,5394,1683,14025,15213,0,0,949,29238,1737,539,550,1757,798,2,0.34,45.0,Medium
U505057,54,Self-Employed,53349,29483,7439,143481,366648,1778688,907164,117,3195981,140731,64742,29526,189607,482,1,4.99,33.0,High
U505058,32,Business,178213,75128,23908,466007,1614826,1231983,1760139,4080,5072955,610720,283131,380119,1018899,483,8,2.37,49.0,Medium
U505059,44,Self-Employed,100663,45569,31136,397250,669022,330963,1358172,10486,2755407,91347,71821,84644,975024,557,8,2.28,57.0,Medium
U505060,45,Salaried,215952,138587,36844,818209,790119,2756235,1726829,103277,6091392,616058,181702,188416,1512942,714,10,2.35,62.0,Medium
U505061,54,Salaried,77073,43252,8473,257929,217911,1066684,36486,11645,1579010,333383,117737,176493,264080,350,5,1.71,36.0,High
U505062,18,Student,12086,8679,3407,39702,19886,0,0,2304,59588,3816,43,127,6298,330,5,0.41,32.0,High
U505063,32,Self-Employed,137070,94560,21415,792787,546690,416168,1842224,44397,3597869,73871,225010,155724,726277,402,5,2.19,38.0,High
U505064,38,Salaried,160844,90283,37142,275496,1280555,4115815,1665543,45559,7337409,64502,237073,178086,944407,663,3,3.8,48.0,Medium
U505065,31,Salaried,246153,111757,26989,1416654,1648883,1422064,1191775,82359,5679376,98670,40201,79000,388121,695,8,1.92,48.0,Medium
U505066,56,Business,167785,120667,38702,346630,710416,1791498,472467,27521,3321011,598171,459761,436492,824970,431,1,1.65,39.0,High
U505067,55,Self-Employed,140139,80912,26664,407260,340779,2379815,87357,42776,3215211,48260,17922,48070,434490,322,2,1.91,27.0,High
U505068,21,Student,15502,11454,4048,106014,29812,0,0,305,135826,7933,503,4275,25893,765,7,0.73,54.0,Medium
U505069,37,Salaried,153675,100587,23435,460157,222351,1744039,163651,54894,2590198,204800,16018,100058,505870,703,11,1.4,57.0,Medium
U505070,19,Student,19479,14372,5107,37030,8407,0,0,711,45437,5698,1346,4548,12635,592,4,0.19,41.0,Medium
U505071,24,Business,35540,14915,10691,39430,134968,222592,20032,14758,417022,40722,21593,13940,138761,339,8,0.98,43.0,Medium
U505072,34,Salaried,36970,26503,5112,24552,271756,227670,354393,7306,878371,107093,38757,79569,235135,682,11,1.98,62.0,Medium
U505073,40,Self-Employed,247528,134837,26542,1357869,1259178,9589472,237663,87193,12444182,164365,152945,11208,722733,526,2,4.19,32.0,High
U505074,43,Salaried,44452,30779,14193,70372,377075,994451,36553,17644,1478451,13028,18959,52337,189438,815,4,2.77,57.0,Medium
U505075,22,Student,11220,6164,5056,49954,15968,0,0,1782,65922,8258,2664,1316,10836,410,4,0.49,41.0,Medium
U505076,55,Salaried,88122,48976,28812,85487,71206,3405833,8615,10143,3571141,60193,22322,15732,171047,616,5,3.38,48.0,Medium
U505077,30,Self-Employed,139210,92910,40315,568091,705918,6314758,874654,38383,8463421,98385,146783,51678,1688210,764,3,5.07,58.0,Medium
U505078,57,Business,40743,20808,11119,57130,105793,1032893,210339,17859,1406155,166441,4626,45802,257266,848,7,2.88,66.0,Medium
U505079,53,Self-Employed,71853,29992,20602,406707,252779,2040298,643415,3672,3343199,125854,138046,1538,560470,651,3,3.88,51.0,Medium
U505080,37,Business,244357,143675,33444,803769,2111998,6180366,3650800,16122,12746933,1177027,36807,224377,1674689,427,3,4.35,38.0,High
U505081,44,Self-Employed,243781,119244,26258,296037,1640198,3530674,4037985,100568,9504894,1224298,606205,110059,1252112,334,9,3.25,43.0,Medium
U505082,28,Salaried,164682,99420,33445,780528,814501,7479536,1460680,35465,10535245,273621,197338,268053,611072,779,11,5.33,64.0,Medium
U505083,23,Business,169324,121404,29298,476453,834089,584320,2303949,2003,4198811,90139,206086,105699,950227,512,9,2.07,49.0,Medium
U505084,24,Student,12427,7953,4474,72946,19300,0,0,215,92246,6510,490,975,17532,558,7,0.62,49.0,Medium
U505085,37,Salaried,56997,27783,15195,67290,275710,2287832,364803,20515,2995635,246439,87645,78874,243508,598,9,4.38,59.0,Medium
U505086,29,Business,21203,13372,5081,5375,51915,446759,348595,2092,852644,49793,3172,3604,97020,832,7,3.35,60.0,Medium
U505087,44,Business,166127,107702,45293,433030,452889,2311001,2292895,22607,5489815,111868,1695,150833,1622416,561,0,2.75,42.0,Medium
U505088,27,Salaried,160186,82914,20016,233002,1034596,203613,1907543,31588,3378754,541605,224785,337754,879830,576,1,1.76,40.0,Medium
U505089,28,Student,10213,6660,3553,52050,1033,0,0,828,53083,8406,1408,4251,18398,465,4,0.43,41.0,Medium
U505090,26,Business,228736,139271,43565,805983,504040,4230990,260608,36388,5801621,252752,258231,303592,2131801,602,1,2.11,44.0,Medium
U505091,26,Salaried,102397,61895,28904,583518,92423,1865097,1305006,22138,3846044,261357,159002,89260,695943,627,10,3.13,62.0,Medium
U505092,26,Self-Employed,108587,78673,24539,422252,802259,2640715,1534257,8225,5399483,84553,93091,68423,457220,429,4,4.14,38.0,High
U505093,30,Salaried,80295,45409,22317,453595,710380,2775910,1110824,10288,5050709,179359,81289,22546,201692,325,6,5.24,38.0,High
U505094,22,Business,225530,110521,24239,187640,1462051,9546056,3793590,97258,14989337,219766,123989,352227,1503715,682,1,5.54,42.0,Medium
U505095,28,Self-Employed,192983,139579,32964,675593,1500023,2089400,1226313,31286,5491329,273919,120388,246411,724224,441,11,2.37,48.0,Medium
U505096,24,Student,15900,13492,2408,99140,14954,0,0,2536,114094,3149,1179,1204,9686,388,7,0.6,34.0,High
U505097,23,Self-Employed,71228,33766,22570,337838,48263,2424650,1251092,33041,4061843,79387,81873,80811,338138,683,0,4.75,46.0,Medium
U505098,18,Student,8250,4585,3665,4860,8151,0,0,735,13011,7755,2816,5565,12818,760,10,0.13,66.0,Medium
U505099,41,Self-Employed,236973,109454,57854,983035,1912138,5211479,3580533,57151,11687185,106397,181588,322838,1386333,706,5,4.11,53.0,Medium
U505100,24,Self-Employed,180562,94036,44253,1049347,229005,5183603,511308,63256,6973263,661540,153675,181574,1046719,625,6,3.22,54.0,Medium
U505101,37,Salaried,98145,70556,26843,350356,429864,691147,539406,39222,2010773,364768,199297,146329,465274,719,4,1.71,56.0,Medium
U505102,54,Salaried,24272,13597,8155,76909,80623,1081254,235894,4441,1474680,90677,10015,8324,237220,514,0,5.06,45.0,Medium
U505103,45,Self-Employed,133801,79774,18005,150793,556112,4175914,822065,39719,5704884,362926,156789,81119,511831,465,10,3.55,47.0,Medium
U505104,37,Business,202005,93072,38784,848974,1039732,3829333,3128621,66871,8846660,174450,467734,352119,1414430,748,5,3.65,56.0,Medium
U505105,37,Salaried,105764,63483,29409,315192,30035,4096547,1384104,9740,5825878,57759,11431,46502,623730,360,1,4.59,32.0,High
U505106,49,Salaried,84922,54714,18361,16626,523273,2348911,1235430,28778,4124240,80029,59742,12146,164783,318,5,4.05,32.0,High
U505107,44,Business,100784,68502,29406,430845,282993,3197045,856040,1019,4766923,27515,130026,101615,629788,674,1,3.94,47.0,Medium
U505108,53,Business,122095,84003,25742,537548,818235,395822,1781653,27787,3533258,314673,31766,120377,1259267,436,2,2.41,40.0,Medium
U505109,20,Student,16046,10164,5882,1629,1748,0,0,2053,3377,119,958,145,5246,366,9,0.02,43.0,Medium
U505110,52,Salaried,227288,106066,44055,652470,1596524,419715,790924,102513,3459633,131622,163721,243737,1287929,821,11,1.27,66.0,Medium
U505111,28,Self-Employed,57149,33164,12853,308171,321178,1238479,220580,21190,2088408,265620,82287,91793,321145,397,9,3.05,50.0,Medium
U505112,59,Self-Employed,206743,90308,57397,441897,847591,3162120,2305525,88911,6757133,623549,277344,294513,1351102,450,11,2.72,57.0,Medium
U505113,31,Self-Employed,55081,22217,6631,261892,440915,2604482,569983,10427,3877272,39064,29076,2691,429486,787,10,5.87,61.0,Medium
U505114,53,Salaried,216795,125238,29832,266840,775300,7924107,2462296,44472,11428543,756159,251606,522657,1336902,572,1,4.39,41.0,Medium
U505115,27,Business,150416,85662,43512,197376,1094933,3666853,1216370,28193,6175532,32779,190498,33986,1803162,308,7,3.42,46.0,Medium
U505116,55,Salaried,34874,16349,3967,128938,90633,1061983,105045,4489,1386599,23633,53558,74744,255717,440,1,3.31,34.0,High
U505117,28,Self-Employed,132046,71329,24090,250451,298769,3451378,1195572,16007,5196170,179520,106445,175834,827078,696,11,3.28,62.0,Medium
U505118,39,Self-Employed,241322,170142,52036,499993,2057374,1616406,2355024,33057,6528797,483676,69661,236677,1672012,635,11,2.25,61.0,Medium
U505119,49,Salaried,45378,18683,15693,212033,33101,293945,489956,16984,1029035,207400,14429,44895,353706,702,6,1.89,62.0,Medium
U505120,22,Salaried,205393,139801,65047,765428,978248,496446,704666,99832,2944788,194579,53488,314965,1140566,696,2,1.19,50.0,Medium
U505121,24,Self-Employed,157648,97404,26660,20081,442012,1913036,2097612,47513,4472741,302885,33046,103725,586149,500,9,2.36,47.0,Medium
U505122,26,Salaried,40563,30053,13693,56402,257609,826392,284238,7895,1424641,129638,17688,50846,324068,659,0,2.93,50.0,Medium
U505123,43,Self-Employed,181844,115495,41606,499145,565633,4661558,2914266,56377,8640602,4945,202229,195579,1055800,322,4,3.96,35.0,High
U505124,26,Salaried,21590,14103,3695,41371,137675,127853,345854,4755,652753,18306,8733,2388,91179,752,1,2.52,43.0,Medium
U505125,21,Student,7220,3833,3387,16427,16485,0,0,907,32912,893,305,569,6546,557,9,0.38,55.0,Medium
U505126,34,Salaried,88036,57726,16275,87130,181218,1887042,1044394,42360,3199784,102519,55255,183471,651888,498,9,3.03,51.0,Medium
U505127,35,Business,63901,31494,14797,142199,248815,3045141,458712,13118,3894867,147675,25515,145553,495163,488,9,5.08,54.0,Medium
U505128,36,Business,219235,144783,23046,334169,779929,6151233,2075926,38003,9341257,994623,15169,175100,1824158,490,11,3.55,54.0,Medium
U505129,23,Student,17885,9158,8727,21262,15199,0,0,2925,36461,13707,8612,1199,25570,318,0,0.17,32.0,High
U505130,51,Business,233013,170105,27175,522496,625006,3192160,747494,39125,5087156,425896,249174,154586,432329,340,0,1.82,23.0,High
U505131,19,Student,6796,4957,1839,34237,12720,0,0,611,46957,3917,837,1660,4813,840,0,0.58,45.0,Medium
U505132,45,Self-Employed,157082,72156,27396,655317,451056,2514499,738394,62145,4359266,319436,182753,97409,507206,479,2,2.31,35.0,High
U505133,26,Student,6511,4244,2267,30849,1371,0,0,1113,32220,795,385,435,1342,325,1,0.41,28.0,High
U505134,57,Salaried,44218,27729,9806,242411,196260,208158,661071,14534,1307900,39075,31855,64694,268038,381,4,2.46,38.0,High
U505135,44,Salaried,138117,77416,17391,218654,1098576,904165,1203278,12802,3424673,335127,161532,68835,1059732,666,11,2.07,60.0,Medium
U505136,54,Self-Employed,239819,133008,28769,524115,2134560,4894244,3787845,35424,11340764,86503,143565,226088,1217465,829,1,3.94,46.0,Medium
U505137,28,Student,6016,4883,1133,32285,10710,0,0,860,42995,589,1300,1135,8821,744,0,0.6,39.0,High
U505138,43,Self-Employed,84404,38242,14043,140473,46753,3264178,1505168,8073,4956572,132496,41658,37582,169220,598,1,4.89,36.0,High
U505139,46,Salaried,179024,78894,50888,146637,1652157,227291,3200252,27012,5226337,100338,128916,35452,395436,554,3,2.43,41.0,Medium
U505140,34,Salaried,199497,94407,23698,293836,1185504,419743,714647,70130,2613730,299986,113084,198300,543764,547,1,1.09,33.0,High
U505141,23,Self-Employed,242445,123253,38734,1321213,1637249,10034653,2936334,107190,15929449,377062,121141,234382,1584459,370,2,5.48,32.0,High
U505142,22,Student,12965,10732,2233,11143,30095,0,0,1589,41238,1320,7191,1546,27422,418,8,0.27,39.0,High
U505143,47,Salaried,62317,41891,7015,191275,98074,2570811,721910,8606,3582070,93903,38276,47223,117710,728,5,4.79,46.0,Medium
U505144,27,Salaried,215107,148735,50300,705027,955267,7772023,250784,46352,9683101,373185,402212,481807,1460683,360,2,3.75,37.0,High
U505145,53,Self-Employed,25381,15111,4557,30163,12218,190162,123235,3556,355778,2125,25245,1328,178935,494,6,1.17,43.0,Medium
U505146,28,Self-Employed,81599,51074,17914,428007,57850,605310,350321,23713,1441488,88524,13538,18805,383585,317,11,1.47,44.0,Medium
U505147,18,Student,11126,6665,4461,12029,23669,0,0,128,35698,490,125,16,981,612,0,0.27,39.0,High
U505148,24,Salaried,174170,71584,28169,151931,573970,5634662,481046,23202,6841609,190114,44007,49549,536122,575,8,3.27,47.0,Medium
U505149,24,Student,6658,3415,3243,34281,15939,0,0,878,50220,923,1330,2979,14894,798,4,0.63,59.0,Medium
U505150,23,Self-Employed,97349,50777,16771,367384,839473,1210124,718255,45104,3135236,223960,161996,100133,504888,343,9,2.68,44.0,Medium
U505151,42,Self-Employed,105426,67316,34883,202777,548810,156706,994929,7129,1903222,42376,141540,125594,861103,621,8,1.5,60.0,Medium
U505152,45,Self-Employed,241246,165661,34383,1264430,2169503,8290575,1279612,3213,13004120,544603,280939,37345,820702,627,0,4.49,37.0,High
U505153,19,Student,14515,9715,4800,31918,10506,0,0,2321,42424,4930,1940,4116,11606,646,10,0.24,56.0,Medium
U505154,19,Student,7687,4297,3390,24116,9424,0,0,1440,33540,296,953,1040,4570,515,0,0.36,37.0,High
U505155,30,Student,7869,4544,3325,23745,5446,0,0,1258,29191,1218,207,404,7349,817,1,0.31,51.0,Medium
U505156,28,Self-Employed,207374,114200,26570,1206217,217821,4799912,1123861,12598,7347811,284705,141433,61344,325709,347,11,2.95,40.0,Medium
U505157,54,Business,84874,35740,18703,72883,74418,3743145,765462,13064,4655908,191153,10607,98598,333948,313,4,4.57,33.0,High
U505158,44,Salaried,105294,50218,11717,374813,112371,4185118,1880512,7611,6552814,1481,14027,8870,247275,418,4,5.19,30.0,High
U505159,30,Business,62090,34183,20565,293240,371679,151749,892480,9203,1709148,21731,8886,40290,136726,707,9,2.29,58.0,Medium
U505160,44,Business,218703,158995,33589,54621,428119,8617135,2431682,20721,11531557,51247,130336,39206,436118,450,10,4.39,43.0,Medium
U505161,25,Student,12301,8225,4076,79287,23136,0,0,1712,102423,6935,5471,1807,15433,801,0,0.69,47.0,Medium
U505162,49,Business,75092,39275,19772,437383,188965,2511006,384114,23312,3521468,113150,5203,14,345276,680,6,3.91,52.0,Medium
U505163,18,Student,11021,7027,3994,67640,20797,0,0,587,88437,2249,778,1106,2945,705,4,0.67,49.0,Medium
U505164,54,Salaried,222309,99848,52800,1149463,1433231,5697896,852343,45333,9132933,1159025,499403,301755,940806,655,1,3.42,48.0,Medium
U505165,59,Self-Employed,133081,81864,24022,598353,355196,2644051,108727,41080,3706327,377623,26328,17314,752371,748,8,2.32,58.0,Medium
U505166,51,Self-Employed,147127,70254,43450,588414,751575,4611010,1322677,60566,7273676,535797,93962,241233,758428,687,10,4.12,65.0,Medium
U505167,36,Self-Employed,172576,97585,32199,195673,1043505,5036906,2631603,25829,8907687,496839,374160,55750,1326868,559,0,4.3,40.0,Medium
U505168,26,Student,12812,7623,5189,68982,21390,0,0,801,90372,11943,4935,5990,12100,642,0,0.59,43.0,Medium
U505169,22,Student,6762,4990,1772,12547,1719,0,0,1048,14266,261,751,51,3706,788,3,0.18,47.0,Medium
U505170,48,Salaried,125926,59883,17611,565930,521729,4189075,743127,45301,6019861,253451,236236,259072,680111,335,0,3.98,28.0,High
U505171,45,Salaried,22512,13722,4210,84915,169732,166071,212963,5130,633681,64468,33132,20209,48623,463,2,2.35,35.0,High
U505172,32,Business,67203,31312,11784,63559,130664,3119216,201246,22415,3514685,153627,115194,47646,324640,488,8,4.36,48.0,Medium
U505173,58,Self-Employed,192078,92364,60176,816035,1391347,4043907,3311376,39674,9562665,894019,452343,36167,955113,536,2,4.15,47.0,Medium
U505174,54,Self-Employed,77520,57972,16831,238489,411129,2316409,574596,1417,3540623,37292,122787,116991,415485,601,5,3.81,48.0,Medium
U505175,58,Self-Employed,126386,80951,31786,29940,764539,5252391,2062735,12778,8109605,545521,281066,32051,671428,730,5,5.35,57.0,Medium
U505176,44,Salaried,31259,16791,5785,21526,227810,1039299,374953,15329,1663588,51876,10492,55759,237205,796,7,4.43,60.0,Medium
U505177,56,Self-Employed,147814,108715,49054,883133,311772,3998462,2393804,15689,7587171,248273,32297,161176,905231,608,10,4.28,61.0,Medium
U505178,41,Salaried,102439,41030,13545,89335,547754,4003065,1004193,35592,5644347,89380,25461,148225,1168360,576,10,4.59,57.0,Medium
U505179,29,Student,6332,5242,1090,3451,7673,0,0,1210,11124,6886,357,3022,11503,825,2,0.15,46.0,Medium
U505180,47,Self-Employed,132521,71714,39224,10138,859632,1306033,2190085,11323,4365888,521447,44773,62247,844595,386,1,2.75,37.0,High
U505181,28,Self-Employed,189409,84825,33309,1102409,1125856,2577597,2984936,91415,7790798,506811,246070,85653,642542,642,10,3.43,56.0,Medium
U505182,38,Self-Employed,55668,26955,8405,226890,366025,471705,266216,14090,1330836,100985,30975,36368,183725,757,9,1.99,57.0,Medium
U505183,58,Business,125243,84062,24350,681739,218874,2836921,1450701,54542,5188235,272728,6016,99971,1185837,507,6,3.45,48.0,Medium
U505184,34,Salaried,199755,142108,23083,325747,919479,4351551,2731496,58590,8328273,216043,113079,18690,341930,428,7,3.47,36.0,High
U505185,22,Business,83007,54917,14254,428325,201457,2396196,485922,19748,3511900,242540,10477,139989,346621,604,4,3.53,45.0,Medium
U505186,44,Salaried,35824,15811,10617,127672,147834,681789,225272,11282,1182567,69266,12787,24225,130652,529,6,2.75,48.0,Medium
U505187,28,Business,124079,67960,19572,273281,523086,2638324,9704,16159,3444395,6383,262803,163561,1112129,717,11,2.31,64.0,Medium
U505188,40,Salaried,178860,103171,55160,587152,551113,2082199,1336173,51010,4556637,113328,165382,46394,596363,775,11,2.12,65.0,Medium
U505189,41,Business,163093,108320,36052,432893,1409122,4687995,2634334,4633,9164344,159308,1081,9372,248994,304,4,4.68,29.0,High
U505190,30,Salaried,97636,48100,21703,557461,896242,2067397,1677372,4064,5198472,56544,104416,77801,646532,808,7,4.44,60.0,Medium
U505191,23,Student,5088,3591,1497,11970,6323,0,0,434,18293,972,401,2269,9705,376,3,0.3,33.0,High
U505192,51,Salaried,154001,102615,25684,599847,1176980,1360100,2055979,3332,5192906,182738,98775,54448,209760,593,9,2.81,48.0,Medium
U505193,43,Business,141310,76245,47071,711627,998813,2894477,1079736,25476,5684653,173686,85120,30232,189214,737,8,3.35,58.0,Medium
U505194,56,Salaried,50300,31965,12208,241618,390924,2014699,810015,6134,3457256,76493,33747,31551,97015,347,1,5.73,28.0,High
U505195,31,Salaried,245175,112426,82178,950757,58378,10714045,3383916,45400,15107096,164665,247864,403995,1875287,530,4,5.13,49.0,Medium
U505196,27,Student,8312,5022,3290,19605,5783,0,0,125,25388,9711,4301,5398,8338,382,3,0.25,37.0,High
U505197,40,Salaried,146255,73483,45723,366588,582100,6132287,2345918,56323,9426893,395780,27967,202470,677374,794,8,5.37,64.0,Medium
U505198,53,Salaried,139835,74118,19168,48183,993116,4454180,2284957,35382,7780436,3204,39745,44706,271663,645,11,4.64,52.0,Medium
U505199,43,Salaried,164951,105622,41474,250367,741652,4734244,2720591,77261,8446854,488661,44339,269476,670287,540,1,4.27,40.0,Medium
U505200,22,Student,6301,5284,1017,36140,10170,0,0,189,46310,3203,3259,797,11709,502,8,0.61,42.0,Medium
U505201,59,Business,142690,99533,39918,765039,1122632,5597959,2280680,11455,9766310,84667,13684,46034,318204,566,11,5.7,54.0,Medium
U505202,33,Self-Employed,215480,144301,47478,835657,65351,1287730,1579689,40771,3768427,118340,135829,32341,569592,570,9,1.46,49.0,Medium
U505203,29,Salaried,167634,87850,39586,206948,1122694,266142,2128807,5750,3724591,239917,75801,28219,430609,601,7,1.85,49.0,Medium
U505204,54,Self-Employed,182215,94701,37591,99263,1515362,2280822,379840,62456,4275287,277435,273327,351947,918140,522,7,1.96,49.0,Medium
U505205,30,Student,8981,5869,3112,3907,12805,0,0,1449,16712,830,3416,1703,14753,471,11,0.16,52.0,Medium
U505206,18,Student,5415,3709,1706,14180,8896,0,0,854,23076,4024,476,1965,5063,542,10,0.36,52.0,Medium
U505207,25,Salaried,193562,131943,32163,1103355,207774,1520347,2305646,14297,5137122,335869,171975,190453,1346527,439,11,2.21,51.0,Medium
U505208,57,Self-Employed,107049,77019,13591,26139,856089,3327283,1893703,37060,6103214,182833,207239,116934,531391,755,8,4.75,57.0,Medium
U505209,40,Self-Employed,24308,16893,2808,59486,228779,417173,24577,10858,730015,20233,44943,47513,172840,477,6,2.5,43.0,Medium
U505210,26,Student,11504,8375,3129,22596,7368,0,0,720,29964,1235,1242,1246,3648,341,8,0.22,37.0,High
U505211,30,Student,10906,6732,4174,33850,4912,0,0,631,38762,144,1229,2461,15256,331,2,0.3,32.0,High
U505212,47,Salaried,198041,142633,57573,1187073,1132546,5064822,977914,10882,8362355,426078,94149,366673,1268516,727,4,3.52,56.0,Medium
U505213,51,Salaried,226667,134692,42458,1124232,832423,4193124,1773028,63776,7922807,176425,286885,414969,1268776,354,9,2.91,44.0,Medium
U505214,46,Business,104900,51382,32877,532717,104907,1698722,1038162,29332,3374508,225048,46950,242842,735433,560,4,2.68,51.0,Medium
U505215,50,Salaried,77738,39226,8651,10418,452132,2087197,930707,5362,3480454,252162,23508,29598,444446,729,4,3.73,49.0,Medium
U505216,47,Self-Employed,123775,61877,15392,456287,133492,625106,1631001,33949,2845886,467,46190,51024,608222,555,10,1.92,49.0,Medium
U505217,25,Salaried,41914,26546,5182,90140,120599,1989633,619033,12877,2819405,30975,8137,45243,157593,364,0,5.61,24.0,High
U505218,41,Self-Employed,101815,54906,16517,349661,964999,1459486,1254370,1548,4028516,519345,186073,219416,390280,585,8,3.3,54.0,Medium
U505219,29,Self-Employed,226403,123385,66339,830370,2157993,5854113,1053179,105809,9895655,26014,124360,45763,561881,584,8,3.64,50.0,Medium
U505220,34,Self-Employed,139010,80529,43955,714978,882419,1254315,881563,44918,3733275,123755,34909,330749,1335968,589,6,2.24,56.0,Medium
U505221,21,Student,19434,15091,4343,105663,18122,0,0,1690,123785,6189,2344,174,21191,302,6,0.53,32.0,High
U505222,41,Salaried,239955,108477,44342,920092,568275,696143,3833210,34162,6017720,264339,150315,263738,1395361,840,11,2.09,67.0,Medium
U505223,40,Self-Employed,20354,9676,2984,71619,83819,216781,89999,4504,462218,62212,40437,6620,135383,691,2,1.89,47.0,Medium
U505224,50,Salaried,27344,11665,3385,58797,34688,1258573,227357,362,1579415,72655,6030,46988,186711,666,5,4.81,50.0,Medium
U505225,33,Salaried,174853,103661,42132,508038,1591315,1429880,899761,62204,4428994,720805,325162,105458,966980,355,0,2.11,33.0,High
U505226,45,Salaried,145503,83702,20813,812029,287955,2223018,689177,514,4012179,228764,114009,112600,128628,644,1,2.3,37.0,High
U505227,23,Student,13368,7738,5630,78889,28511,0,0,2127,107400,13560,7986,3006,22254,603,3,0.67,47.0,Medium
U505228,48,Self-Employed,247925,185600,67612,518127,2025908,5323049,4029449,107142,11896533,436856,78760,19972,1489072,393,11,4.0,51.0,Medium
U505229,35,Salaried,198247,106062,28697,291148,1845156,8983921,669992,67544,11790217,297861,110876,21149,361354,647,11,4.96,53.0,Medium
U505230,24,Salaried,165060,80863,18415,843023,783706,6106329,1141820,22508,8874878,108155,61045,43545,217329,566,9,4.48,44.0,Medium
U505231,34,Self-Employed,110440,75823,11359,294951,1034605,1511204,1365413,29281,4206173,142531,159350,4551,735525,434,2,3.17,33.0,High
U505232,39,Salaried,107727,65089,14804,331418,788769,1814995,877340,1853,3812522,141731,43029,21527,355331,530,0,2.95,31.0,High
U505233,40,Business,87136,60374,19921,385879,638487,2707408,73497,1864,3805271,85728,104072,63737,290609,630,9,3.64,54.0,Medium
U505234,37,Business,208140,118080,46130,876598,819158,2888657,1097752,96558,5682165,85256,4037,85023,887213,478,1,2.27,33.0,High
U505235,38,Self-Employed,224725,155532,73757,853712,559291,4782286,1338886,49927,7534175,673860,326921,250939,738134,318,0,2.79,32.0,High
U505236,23,Student,18283,14993,3290,1809,6566,0,0,2673,8375,22548,579,11924,27184,735,0,0.04,39.0,High
U505237,37,Business,43121,24617,10644,148301,272222,114283,554233,13544,1089039,48494,34793,60831,380921,793,11,2.1,70.0,Low
U505238,25,Self-Employed,236369,114514,54399,1370298,54743,10543150,3321474,83181,15289665,110824,71952,129265,841928,664,0,5.39,39.0,High
U505239,31,Salaried,186999,104674,57398,900225,1258712,1077895,1496553,16758,4733385,641474,209967,255359,1171813,537,3,2.11,48.0,Medium
U505240,24,Self-Employed,58126,32817,7141,211326,469776,601750,558695,12031,1841547,40041,6072,24818,76289,819,2,2.64,43.0,Medium
U505241,26,Student,14619,11317,3302,67786,19513,0,0,1598,87299,8297,375,4192,13353,356,9,0.5,39.0,High
U505242,24,Salaried,137804,97865,33061,312003,722905,1846,2424703,37663,3461457,111893,232096,38546,1358387,314,10,2.09,49.0,Medium
U505243,47,Salaried,43341,24944,12837,133367,209021,783146,582583,13022,1708117,33074,17689,27148,70325,750,6,3.28,54.0,Medium
U505244,32,Salaried,82408,36118,23804,99303,71419,3927051,833303,33990,4931076,67809,49725,47035,119104,303,11,4.99,44.0,Medium
U505245,49,Business,23772,15718,2451,133615,153781,1085822,44718,5105,1417936,18126,12052,13245,45247,565,3,4.97,35.0,High
U505246,28,Self-Employed,44983,30575,15202,45515,144089,1426386,238453,9144,1854443,27955,11004,9924,119230,801,5,3.44,56.0,Medium
U505247,59,Salaried,156070,90529,49119,315926,1492616,7086665,837866,35972,9733073,290489,231855,162174,1542250,413,4,5.2,47.0,Medium
U505248,48,Self-Employed,92445,66739,25788,389145,142453,574540,827484,8506,1933622,285272,93520,209191,505738,684,0,1.74,48.0,Medium
U505249,23,Student,13676,7789,5887,93987,22451,0,0,1287,116438,1515,726,108,6740,446,11,0.71,52.0,Medium
U505250,53,Salaried,34846,19487,10905,48739,10341,343559,399069,6643,801708,97899,936,46843,155829,512,4,1.92,46.0,Medium
U505251,24,Student,5147,4054,1093,5575,4088,0,0,678,9663,459,236,65,879,784,3,0.16,45.0,Medium
U505252,19,Student,11052,6599,4453,35702,1777,0,0,1578,37479,9193,2126,1667,21572,616,1,0.28,44.0,Medium
U505253,30,Salaried,239950,174710,71227,1364768,1207668,1689782,1921773,35091,6183991,165048,18487,57353,420217,720,6,2.15,52.0,Medium
U505254,47,Salaried,136610,79653,23121,380713,6425,2606211,855359,55961,3848708,40991,119633,37714,500842,316,0,2.35,23.0,High
U505255,36,Salaried,214030,89249,74467,870584,1927688,292410,2269279,25750,5359961,1126248,358891,11492,1353095,676,11,2.09,69.0,Medium
U505256,30,Salaried,157051,99278,29100,31885,92444,3969112,1221417,17014,5314858,9336,39045,155544,621961,732,0,2.82,41.0,Medium
U505257,32,Self-Employed,145527,106031,44839,744195,731950,2146641,1097363,31537,4720149,476105,300458,98128,635061,779,10,2.7,68.0,Medium
U505258,34,Salaried,157509,106208,27073,55346,1511477,826813,347651,6107,2741287,56432,106716,154261,517127,632,7,1.45,48.0,Medium
U505259,55,Salaried,183677,84891,25552,751251,694026,8073298,3095061,14123,12613636,377208,152725,88938,739889,631,11,5.72,55.0,Medium
U505260,26,Student,18336,12154,6182,131672,6050,0,0,2975,137722,3079,2254,11018,43031,370,11,0.63,48.0,Medium
U505261,50,Self-Employed,77060,45184,20665,197511,455929,3697533,1197082,22773,5548055,142384,96714,54162,712475,640,4,6.0,53.0,Medium
U505262,34,Salaried,143619,70780,15182,118983,1118185,4871247,153375,34717,6261790,181526,107353,164978,791676,344,10,3.63,42.0,Medium
U505263,41,Self-Employed,39733,23445,7942,168444,182213,1658112,172083,13198,2180852,130934,51441,46430,133352,522,4,4.57,43.0,Medium
U505264,34,Business,229647,129352,54114,1132442,54412,6111182,2250617,78449,9548653,1093802,533612,509937,976785,849,5,3.46,63.0,Medium
U505265,47,Salaried,171324,116156,34182,133713,703150,2732058,1156949,71564,4725870,153557,66468,115150,263946,680,4,2.3,45.0,Medium
U505266,49,Salaried,219120,150080,73429,876496,1344274,3654543,102736,14671,5978049,234939,310510,424028,1470734,482,8,2.27,54.0,Medium
U505267,31,Salaried,97115,55339,15560,74564,812847,4224772,196866,31195,5309049,236116,122262,77530,382455,324,0,4.56,26.0,High
U505268,28,Student,17978,10038,7940,27246,9062,0,0,979,36308,5081,7022,5135,20712,603,3,0.17,47.0,Medium
U505269,40,Self-Employed,217978,150885,54024,1155011,292822,8654325,433154,50203,10535312,127178,58685,366,1103368,679,8,4.03,55.0,Medium
U505270,23,Student,16762,11631,5131,11824,36103,0,0,2439,47927,15952,2395,4198,24507,486,10,0.24,50.0,Medium
U505271,22,Student,17331,10982,6349,59526,15021,0,0,1374,74547,5556,995,676,13473,423,6,0.36,41.0,Medium
U505272,24,Business,36187,15729,4572,178872,163024,132698,136042,6429,610636,59794,7628,35609,174255,544,9,1.41,48.0,Medium
U505273,31,Self-Employed,130544,92471,25261,62853,1101389,1885892,781368,43736,3831502,239615,100279,104722,781759,650,4,2.45,48.0,Medium
U505274,53,Self-Employed,116854,64113,33217,679022,386199,4657304,1428152,54755,7150677,147286,121655,83677,530453,643,0,5.1,43.0,Medium
U505275,49,Salaried,52033,25014,11550,70621,160364,2050497,383297,1355,2664779,22204,12519,40832,301759,629,10,4.27,56.0,Medium
U505276,36,Self-Employed,175929,95077,28714,844210,1398675,6121375,1373441,9325,9737701,401027,307623,193049,817938,794,1,4.61,48.0,Medium
U505277,36,Self-Employed,52440,31597,15545,301139,206978,716632,357480,15748,1582229,74348,43990,20853,228284,683,11,2.51,63.0,Medium
U505278,38,Salaried,108032,69225,24206,264325,487858,2719481,1528018,43549,4999682,86653,59139,54122,168496,426,9,3.86,43.0,Medium
U505279,37,Salaried,213285,114081,42330,399048,1218649,307241,1373087,92773,3298025,413977,81980,277718,1661647,592,2,1.29,44.0,Medium
U505280,35,Business,131794,94317,13693,26845,596050,4433741,2331608,6338,7388244,9415,62476,51587,196278,551,7,4.67,40.0,Medium
U505281,47,Self-Employed,230285,114581,70020,38565,186132,6922496,688053,39572,7835246,1129066,313353,158215,1616466,447,9,2.84,56.0,Medium
U505282,47,Self-Employed,141083,90512,43217,330056,121475,2728886,490779,70445,3671196,58344,39277,88424,342748,829,6,2.17,58.0,Medium
U505283,29,Salaried,225690,143402,68625,908507,838152,1071218,789176,96374,3607053,932294,460553,190753,875436,815,8,1.33,67.0,Medium
U505284,53,Self-Employed,204913,148505,49080,472278,1554353,7451055,2394528,97398,11872214,373225,133937,240473,1195186,383,2,4.83,35.0,High
U505285,25,Self-Employed,158325,70465,35147,783980,1186836,5662037,2491766,48845,10124619,278528,198018,203139,857623,304,8,5.33,42.0,Medium
U505286,26,Student,18031,9022,9009,7098,32214,0,0,3096,39312,8565,2261,1400,9209,695,0,0.18,47.0,Medium
U505287,45,Self-Employed,186459,114070,27031,328849,1597171,7091820,2649515,19190,11667355,581471,446311,230135,974073,412,8,5.21,45.0,Medium
U505288,55,Business,119984,86259,14455,84926,264500,5740816,1992670,32997,8082912,122897,36642,57506,197844,547,0,5.61,30.0,High
U505289,52,Salaried,139538,63123,48480,211187,859755,1426504,2315093,53250,4812539,264547,119453,85813,228081,699,9,2.87,60.0,Medium
U505290,28,Salaried,96108,68600,19609,515347,565344,1266721,675853,8348,3023265,29185,56700,76003,296684,386,3,2.62,32.0,High
U505291,43,Salaried,35342,15914,4649,193256,40191,277331,156737,11057,667515,52356,803,57789,200878,528,5,1.57,42.0,Medium
U505292,32,Business,236251,139129,48657,157301,1822860,2849226,430618,62987,5260005,549354,105305,258474,991915,655,2,1.86,44.0,Medium
U505293,24,Student,8979,5168,3811,4607,14344,0,0,895,18951,6912,1503,2988,6867,488,10,0.18,53.0,Medium
U505294,27,Student,19345,12636,6709,14520,18457,0,0,692,32977,15927,2685,10006,23579,502,11,0.14,53.0,Medium
U505295,49,Salaried,160222,65807,27438,270531,905602,5839794,463808,55718,7479735,361461,137265,83996,689476,528,6,3.89,44.0,Medium
U505296,51,Self-Employed,232855,149753,73705,563787,129151,10507903,2754331,86189,13955172,643320,26633,141697,1024331,823,8,4.99,65.0,Medium
U505297,49,Business,131501,97035,34344,540018,489106,3553875,1242025,18325,5825024,276392,136364,51822,880227,842,10,3.69,69.0,Medium
U505298,33,Self-Employed,139658,102212,44449,160821,346954,5904741,261700,41457,6674216,293368,63708,283269,1168361,808,7,3.98,67.0,Medium
U505299,35,Salaried,67958,37937,14179,291361,325534,1640531,1148924,991,3406350,73351,46500,20806,290958,434,6,4.18,40.0,Medium
U505300,52,Salaried,136495,74405,13756,134017,957083,1236997,527690,2175,2855787,250503,65255,98378,465068,454,11,1.74,46.0,Medium
U505301,23,Student,8999,6846,2153,34598,12366,0,0,693,46964,1434,192,799,1833,730,2,0.43,42.0,Medium
U505302,40,Business,208831,143401,57942,868895,1103143,5583102,938575,30311,8493715,150043,41205,13669,838079,348,0,3.39,28.0,High
U505303,49,Business,116903,71349,32155,471880,116161,3752861,638893,49731,4979795,43238,179137,48153,656563,786,0,3.55,49.0,Medium
U505304,52,Self-Employed,175881,125923,23724,576642,385890,739187,942335,39502,2644054,512469,211780,61801,667680,793,4,1.25,51.0,Medium
U505305,24,Self-Employed,42904,24750,12511,43191,135389,856612,152573,10355,1187765,100924,37441,78547,241489,742,5,2.31,58.0,Medium
U505306,59,Business,103900,49249,10478,93456,265340,3919173,1850574,29344,6128543,95655,65661,56227,194888,598,2,4.92,35.0,High
U505307,42,Salaried,87771,56020,13214,123992,78704,3861570,638951,35568,4703217,433656,128824,46554,574285,815,2,4.47,53.0,Medium
U505308,43,Salaried,211250,120949,46625,522899,1759112,1750620,400688,9606,4433319,171218,2466,26668,544432,483,8,1.75,44.0,Medium
U505309,18,Student,5666,3394,2272,31502,11858,0,0,634,43360,75,23,1757,9826,475,6,0.64,45.0,Medium
U505310,18,Student,9719,7199,2520,4630,13057,0,0,1414,17687,1006,73,554,1872,751,6,0.15,50.0,Medium
U505311,48,Self-Employed,28478,14626,7435,99300,1339,868685,83180,3350,1052504,136934,28296,46532,177062,621,2,3.08,49.0,Medium
U505312,26,Self-Employed,54809,35949,7821,222036,283834,558975,9516,27156,1074361,55431,47787,7774,139611,306,5,1.63,30.0,High
U505313,40,Salaried,60479,25807,6834,239776,535485,370986,629465,6231,1775712,176116,9307,62657,426349,579,3,2.45,42.0,Medium
U505314,40,Self-Employed,35870,18791,6517,100325,23841,395150,495730,5417,1015046,19555,33276,7670,147235,688,4,2.36,46.0,Medium
U505315,51,Self-Employed,240322,142368,70456,616366,279145,6162093,1612378,55019,8669982,239938,22565,114751,296533,663,8,3.01,53.0,Medium
U505316,36,Salaried,20670,9035,5535,48487,3510,66319,346117,2938,464433,73874,23737,20874,104340,303,4,1.87,37.0,High
U505317,58,Self-Employed,87860,42004,23032,136566,106112,2237449,201040,25570,2681167,117228,93299,18838,766842,402,1,2.54,37.0,High
U505318,37,Business,68021,48364,20783,177859,527192,2768809,711708,24173,4185568,209032,112615,137788,271538,636,10,5.13,63.0,Medium
U505319,33,Salaried,178351,88917,30028,853399,875783,2911670,2758147,81212,7398999,366883,69884,211377,769187,842,10,3.46,64.0,Medium
U505320,18,Student,5498,2911,2587,15137,3264,0,0,289,18401,3826,1529,438,6197,538,6,0.28,50.0,Medium
U505321,29,Self-Employed,216396,126181,27594,245455,974816,2621636,2284366,1469,6126273,239386,9490,403078,1488830,578,9,2.36,52.0,Medium
U505322,45,Salaried,164963,88973,35316,60887,779250,3506042,854880,53016,5201059,67873,103895,153645,456315,443,8,2.63,43.0,Medium
U505323,25,Business,215841,157008,58937,78553,1063785,72825,656263,97124,1871426,94607,93631,144009,470055,481,5,0.72,41.0,Medium
U505324,28,Self-Employed,212720,137007,30814,143017,1952059,1076133,3424562,42190,6595771,34113,434979,406853,1615543,600,8,2.58,53.0,Medium
U505325,52,Self-Employed,170089,100849,50270,908720,526726,2054829,1386896,59798,4877171,209140,58467,172579,425706,771,7,2.39,58.0,Medium
U505326,31,Salaried,128181,62450,35364,55067,1110392,5240943,1107334,19359,7513736,97797,25376,18262,271263,762,10,4.88,60.0,Medium
U505327,24,Student,7128,4728,2400,25908,837,0,0,1325,26745,8421,166,2083,14825,373,6,0.31,40.0,Medium
U505328,20,Student,16794,11658,5136,24367,18167,0,0,564,42534,7471,3735,369,15425,515,10,0.21,50.0,Medium
U505329,45,Self-Employed,130920,56865,24862,559139,1058062,4410306,179176,25090,6206683,68833,108410,90039,657908,336,4,3.95,33.0,High
U505330,46,Self-Employed,96166,42230,19735,17020,77109,1376063,1467860,33041,2938052,26205,105215,111869,323681,679,4,2.55,47.0,Medium
U505331,24,Self-Employed,123779,78759,30154,569143,344675,5729432,1750466,41224,8393716,495093,57644,121544,795199,580,11,5.65,61.0,Medium
U505332,25,Salaried,114786,60572,31169,257930,927621,1413082,57783,56487,2656416,95617,121881,86673,959605,695,3,1.93,52.0,Medium
U505333,18,Student,12084,10131,1953,58739,16189,0,0,1785,74928,12028,2763,7198,18219,611,2,0.52,37.0,High
U505334,50,Business,67620,31764,20739,68643,592086,1689487,875979,19247,3226195,81934,58091,2224,635882,427,9,3.98,53.0,Medium
U505335,49,Salaried,152463,100516,36617,406947,1020981,2455848,105368,10141,3989144,42443,219790,90825,1357752,301,5,2.18,38.0,High
U505336,30,Salaried,34839,18653,10215,120129,243000,1667278,248803,12360,2279210,34229,15029,11076,335579,346,5,5.45,42.0,Medium
U505337,18,Student,14406,11613,2793,97521,18551,0,0,2570,116072,4716,1609,2589,17359,319,9,0.67,36.0,High
U505338,34,Self-Employed,102058,75209,28192,55384,509568,3004792,1298923,49489,4868667,351967,101355,140106,401847,840,5,3.98,61.0,Medium
U505339,41,Salaried,63331,44337,12915,373761,272720,446371,475132,30229,1567984,130612,77418,103822,210404,384,11,2.06,48.0,Medium
U505340,41,Salaried,205256,139827,48736,460237,44187,3199827,2666572,48174,6370823,7572,200196,16376,821006,477,9,2.59,47.0,Medium
U505341,57,Salaried,98688,68746,30318,414769,438334,2696348,916260,40957,4465711,157811,81767,1840,203595,341,1,3.77,30.0,High
U505342,30,Salaried,238389,138983,83064,1287936,659717,8111584,4226842,17116,14286079,821224,235336,276559,2038310,783,6,4.99,66.0,Medium
U505343,44,Salaried,173049,108094,48270,335877,693043,5570995,675466,27701,7275381,373853,9948,178185,644006,679,8,3.5,57.0,Medium
U505344,24,Business,29762,21519,8017,170415,143957,901285,405081,13313,1620738,22201,23683,24071,56620,779,6,4.54,55.0,Medium
U505345,28,Student,14746,12456,2290,15323,11006,0,0,997,26329,7982,75,5014,15150,540,11,0.15,48.0,Medium
U505346,30,Salaried,105345,61903,20169,366530,541125,1681148,1847618,29723,4436421,36283,70182,29542,282540,777,3,3.51,47.0,Medium
U505347,59,Salaried,50624,21036,6867,29956,78821,1975353,650873,20598,2735003,50866,21824,43516,148410,476,4,4.5,35.0,High
U505348,27,Student,10733,7256,3477,50308,15106,0,0,1497,65414,3532,2613,6192,21683,754,5,0.51,53.0,Medium
U505349,48,Self-Employed,94496,61347,24654,289132,178450,1083833,221218,35361,1772633,163447,106784,4554,912486,370,11,1.56,53.0,Medium
U505350,48,Salaried,116144,64796,28387,26841,469393,1557128,1648626,36402,3701988,496739,17022,37936,795727,764,4,2.66,56.0,Medium
U505351,50,Salaried,177195,124370,32424,1060920,910454,8360750,2617012,1790,12949136,276824,50818,112695,496046,501,6,6.09,41.0,Medium
U505352,21,Student,7559,5242,2317,6644,7483,0,0,1502,14127,4,82,68,1303,832,9,0.16,60.0,Medium
U505353,33,Business,129734,81497,36155,421062,412943,946704,1262334,14871,3043043,282020,36275,2081,864234,746,10,1.95,65.0,Medium
U505354,55,Salaried,190061,82932,31861,146095,966459,783514,738079,88519,2634147,344077,103302,61651,655387,475,11,1.15,49.0,Medium
U505355,46,Salaried,202352,145020,51823,726467,76531,1541260,3002359,11390,5346617,990588,182977,460964,888847,505,8,2.2,53.0,Medium
U505356,54,Self-Employed,215555,143507,24608,1246644,457942,5896001,3233396,29524,10833983,570008,525229,311171,1366291,510,6,4.19,46.0,Medium
U505357,25,Student,18391,10466,7925,103469,37564,0,0,2589,141033,2321,5175,8768,27897,425,3,0.64,40.0,Medium
U505358,54,Self-Employed,23169,16017,6599,40705,35747,220432,325528,11100,622412,13252,34832,31670,95750,763,0,2.24,48.0,Medium
U505359,29,Student,10027,8301,1726,69935,22208,0,0,1263,92143,7407,1030,1991,19424,587,11,0.77,51.0,Medium
U505360,36,Self-Employed,78296,43826,13338,423424,574309,1081112,309770,36201,2388615,91664,17654,23840,98583,394,5,2.54,33.0,High
U505361,23,Self-Employed,229382,109444,56469,1033683,102958,5601963,724908,112322,7463512,238239,210142,119919,584202,624,10,2.71,55.0,Medium
U505362,31,Salaried,67864,33656,16299,157985,345351,3251781,82696,21666,3837813,316634,15608,128500,457604,707,4,4.71,55.0,Medium
U505363,40,Salaried,57334,24501,8804,268905,485676,157276,819236,15019,1731093,282202,133335,79191,260406,496,0,2.52,37.0,High
U505364,53,Self-Employed,211621,108645,37823,644645,1124744,5227200,1446887,34068,8443476,373463,186742,273083,701448,575,6,3.32,46.0,Medium
U505365,20,Student,12026,9264,2762,49317,20453,0,0,26,69770,1484,2931,2457,11621,665,4,0.48,43.0,Medium
U505366,27,Self-Employed,102243,47567,29378,182608,763948,339838,1335896,14509,2622290,481930,52501,70095,675813,451,0,2.14,39.0,High
U505367,50,Salaried,121053,81106,39716,4473,5918,3332001,1164049,43469,4506441,37854,295867,42093,1256486,520,1,3.1,46.0,Medium
U505368,45,Self-Employed,30462,16871,8333,129035,190350,1059811,154805,10754,1534001,21907,7267,9317,329638,526,11,4.2,60.0,Medium
U505369,38,Salaried,46081,21145,14709,147882,63404,760883,130024,14557,1102193,92460,44419,11121,252797,523,11,1.99,58.0,Medium
U505370,23,Student,18947,11295,7652,14671,1979,0,0,1149,16650,1981,3497,8779,37203,524,7,0.07,50.0,Medium
U505371,25,Salaried,170733,118196,55990,890390,1400451,736117,393504,18281,3420462,138280,152317,43398,833608,435,11,1.67,53.0,Medium
U505372,28,Student,12247,7386,4861,54798,4750,0,0,2194,59548,287,400,622,4816,444,6,0.41,43.0,Medium
U505373,21,Student,16358,11806,4552,26779,22888,0,0,1594,49667,5487,7753,2959,30877,601,2,0.25,40.0,Medium
U505374,33,Self-Employed,172847,115653,31694,559272,431064,7633544,1586978,7516,10210858,346637,79409,179952,405810,776,5,4.92,52.0,Medium
U505375,54,Self-Employed,20466,13711,5234,8694,16898,447849,79079,5508,552520,7881,6238,9524,29214,840,2,2.25,49.0,Medium
U505376,41,Salaried,76233,42599,26206,56909,299782,2624277,823390,33703,3804358,8959,121441,43301,444650,653,0,4.16,46.0,Medium
U505377,32,Salaried,76312,35695,26174,141017,15761,3273251,788509,26592,4218538,157382,67153,92805,349584,486,11,4.61,58.0,Medium
U505378,33,Self-Employed,192679,118139,47344,794181,1715036,5688091,1918361,45210,10115669,234287,132046,102222,1983279,539,0,4.38,41.0,Medium
U505379,51,Business,74184,55188,23913,229348,77539,3547831,318284,7881,4173002,51121,31458,1680,259011,490,0,4.69,35.0,High
U505380,27,Salaried,27009,19042,9107,40384,120682,939704,344607,1179,1445377,91336,34923,6214,170605,708,1,4.46,52.0,Medium
U505381,56,Salaried,215540,99986,65739,410628,1282116,4914632,969807,100276,7577183,234523,124997,180356,1254896,729,3,2.93,53.0,Medium
U505382,29,Student,13349,7305,6044,23222,19363,0,0,1142,42585,8705,1728,241,11758,414,5,0.27,43.0,Medium
U505383,31,Business,214894,112183,74495,712943,1668556,1289450,3632633,33410,7303582,339943,64507,91069,865280,319,10,2.83,47.0,Medium
U505384,55,Salaried,51272,37413,10950,303231,175336,1627796,633210,20309,2739573,132298,89630,75796,379803,722,11,4.45,67.0,Medium
U505385,18,Student,18788,11137,7651,91990,32769,0,0,458,124759,3300,4324,879,36647,764,3,0.55,53.0,Medium
U505386,27,Salaried,168584,80787,55089,975804,1103511,7356470,2187142,41504,11622927,51162,109837,141350,488712,648,5,5.75,50.0,Medium
U505387,51,Salaried,235506,106675,61452,1371558,1961992,5448640,1454290,103145,10236480,193303,90024,619930,2275819,314,5,3.62,42.0,Medium
U505388,36,Business,60800,28052,9189,253340,450272,2451297,405120,20180,3560029,44948,45537,78271,379871,730,10,4.88,60.0,Medium
U505389,38,Self-Employed,192131,132132,55092,1051775,433734,4400390,307421,95460,6193320,267481,226162,230832,1215095,819,5,2.69,61.0,Medium
U505390,25,Student,19204,16045,3159,79579,32943,0,0,2531,112522,17975,8746,11692,26191,781,6,0.49,51.0,Medium
U505391,22,Salaried,221078,133179,59155,411186,1263279,1736367,3737021,61410,7147853,341282,333540,67724,1160578,707,2,2.69,49.0,Medium
U505392,30,Student,17160,11063,6097,98345,879,0,0,1235,99224,11660,6257,4715,18328,308,2,0.48,30.0,High
U505393,25,Student,6806,4032,2774,31949,6338,0,0,1318,38287,2546,472,997,2483,465,5,0.47,43.0,Medium
U505394,52,Self-Employed,148741,105684,35486,243399,1310734,3490257,807536,26509,5851926,344403,119293,231758,1042735,676,4,3.28,53.0,Medium
U505395,30,Salaried,174115,71437,25820,1030288,916588,2960891,651321,80396,5559088,303681,122355,69201,695927,830,5,2.66,53.0,Medium
U505396,51,Business,237253,167053,76722,803751,26478,10426480,549699,4679,11806408,286749,118821,71971,813719,811,7,4.15,61.0,Medium
U505397,35,Salaried,67174,29009,13639,149062,111960,1043506,1068230,33348,2372758,154735,24432,3884,330592,700,7,2.94,54.0,Medium
U505398,24,Student,13958,11586,2372,46721,26097,0,0,1810,72818,3003,3767,1795,13324,579,6,0.43,41.0,Medium
U505399,36,Self-Employed,142547,61775,45695,205524,130779,5313790,1599601,27622,7249694,454493,122138,4596,810426,574,11,4.24,61.0,Medium
U505400,28,Student,14689,9616,5073,7201,2067,0,0,514,9268,417,4690,209,19095,427,8,0.05,44.0,Medium
U505401,29,Salaried,247160,180355,77126,1470949,229826,671747,3068356,112257,5440878,301243,206657,307991,826201,481,7,1.83,48.0,Medium
U505402,34,Salaried,156205,78897,35965,437263,963251,6442989,923382,71255,8766885,13022,313823,370425,1236778,748,4,4.68,56.0,Medium
U505403,45,Self-Employed,235919,110845,62597,559694,30790,6494266,2160102,111299,9244852,325487,454921,345186,1416709,416,10,3.27,52.0,Medium
U505404,33,Salaried,85656,54524,17209,301079,531331,841535,1452927,22221,3126872,395509,166012,153066,348650,438,0,3.04,35.0,High
U505405,46,Salaried,115956,56186,24842,450742,450433,920518,1285462,53972,3107155,453192,173736,317096,701771,598,8,2.23,57.0,Medium
U505406,52,Business,98690,72994,33400,61277,71069,4634842,876404,47989,5643592,75528,15328,88017,294367,702,9,4.77,60.0,Medium
U505407,27,Self-Employed,123233,53571,20338,217743,687854,385585,1570208,22174,2861390,123479,21385,79102,447708,420,5,1.93,36.0,High
U505408,42,Self-Employed,175097,128857,53787,824839,231104,3352984,1474915,84666,5883842,102301,240498,79352,1669448,481,4,2.8,47.0,Medium
U505409,36,Business,62583,31034,20422,50305,516000,1602751,953461,21047,3122517,113578,19410,14079,165998,344,6,4.16,40.0,Medium
U505410,43,Salaried,164848,111906,53308,740858,1529049,4481568,499403,50519,7250878,912762,358771,437912,655858,767,1,3.67,57.0,Medium
U505411,54,Salaried,240596,96740,67386,256211,2154165,11476776,1662305,115143,15549457,236702,244983,2248,1439489,667,8,5.39,57.0,Medium
U505412,30,Salaried,55557,26884,9241,302155,273636,809546,687341,23273,2072678,242298,116822,6916,326103,801,0,3.11,49.0,Medium
U505413,25,Student,14765,11552,3213,68348,22292,0,0,978,90640,2089,2078,6543,35372,508,9,0.51,46.0,Medium
U505414,50,Self-Employed,38450,18090,5534,161906,119908,1311382,473814,12222,2067010,17961,5293,16116,74648,751,10,4.48,55.0,Medium
U505415,30,Salaried,30487,21363,7431,84185,68414,45536,356784,3689,554919,80445,64957,29899,257783,591,5,1.52,53.0,Medium
U505416,56,Business,33136,21809,8360,78511,112119,36778,22194,9940,249602,115751,21893,34871,129201,718,9,0.63,61.0,Medium
U505417,49,Salaried,125636,55129,30615,130047,684285,1935734,991880,32637,3741946,159550,16502,73288,325991,824,5,2.48,55.0,Medium
U505418,54,Business,177093,128170,22922,656345,383320,3903846,1953769,33207,6897280,252659,42595,212034,1478930,539,6,3.25,46.0,Medium
U505419,29,Business,214087,132715,69286,1274401,1120424,9287253,3401920,77286,15083998,44430,140505,234275,776438,639,10,5.87,59.0,Medium
U505420,22,Business,57107,25958,15237,189702,315666,1062701,863875,27289,2431944,24608,13184,25186,92795,777,5,3.55,52.0,Medium
U505421,34,Salaried,121053,71328,36505,237339,918131,3752146,1744394,38344,6652010,345397,243898,38000,735816,776,6,4.58,62.0,Medium
U505422,30,Student,7315,5062,2253,2858,9976,0,0,364,12834,3006,1529,819,12509,487,1,0.15,35.0,High
U505423,27,Salaried,154149,86712,18232,256739,265799,5873001,1236159,56470,7631698,163589,57473,184,858807,656,7,4.13,49.0,Medium
U505424,24,Self-Employed,138094,65534,37947,240957,464841,3249639,133223,29291,4088660,426722,27581,86859,1162395,760,5,2.47,60.0,Medium
U505425,37,Salaried,41064,26928,13514,134583,60453,1188215,183230,11711,1566481,99115,57947,29300,203781,495,1,3.18,41.0,Medium
U505426,34,Business,101880,43975,14193,436226,933316,2009962,1553346,4458,4932850,34651,1972,39039,181261,443,11,4.03,44.0,Medium
U505427,51,Salaried,189099,89477,47658,218304,496337,3587146,2759379,93399,7061166,39031,86937,30989,306693,655,0,3.11,38.0,High
U505428,27,Student,8583,4941,3642,28027,18473,0,0,974,46500,4240,2411,408,13373,539,5,0.45,47.0,Medium
U505429,25,Salaried,80977,54848,13160,299794,640206,3594621,1067834,39923,5602455,19288,50205,34144,246830,329,8,5.77,36.0,High
U505430,27,Salaried,168412,94729,33746,278042,1568372,989404,2780333,39307,5616151,465015,37080,219474,639358,717,3,2.78,48.0,Medium
U505431,35,Salaried,56877,32477,13327,195865,338925,889817,889901,20666,2314508,63734,31219,56250,150887,405,0,3.39,29.0,High
U505432,35,Salaried,173052,128743,52051,576152,337395,6114641,1157496,13107,8185684,412725,159475,124873,498503,307,3,3.94,34.0,High
U505433,33,Self-Employed,30911,14687,4709,44290,134943,1477650,127319,12574,1784202,11165,37729,51080,256075,526,5,4.81,45.0,Medium
U505434,33,Salaried,203364,151983,36978,775886,1491260,6654454,1626301,41282,10547901,266160,186796,61811,424318,646,5,4.32,45.0,Medium
U505435,45,Business,155473,106320,28236,20582,168951,5156137,1294925,8085,6640595,370892,7474,293727,1460023,359,6,3.56,43.0,Medium
U505436,22,Student,6632,4666,1966,4990,5630,0,0,344,10620,432,300,13,1066,592,7,0.13,47.0,Medium
U505437,18,Student,17400,12362,5038,85828,9849,0,0,1067,95677,6713,6372,1581,17452,686,3,0.46,45.0,Medium
U505438,26,Student,13269,10509,2760,20084,19493,0,0,949,39577,1999,1359,552,3524,841,1,0.25,44.0,Medium
U505439,54,Self-Employed,185107,74998,58441,626969,564121,5170618,3203657,63949,9565365,351196,50183,145678,889352,502,1,4.31,40.0,Medium
U505440,55,Business,206841,103623,22450,1121392,1604636,7641744,1245093,48366,11612865,36233,157672,178312,909310,319,3,4.68,27.0,High
U505441,48,Business,24421,15812,2957,52059,113964,139873,112685,8816,418581,27666,6914,11334,66074,629,11,1.43,52.0,Medium
U505442,59,Self-Employed,163144,114946,31422,927913,1282239,7667169,1234226,26084,11111547,48548,78532,49385,520413,651,8,5.68,50.0,Medium
U505443,37,Salaried,195846,112402,46664,27960,1347508,460258,930790,14663,2766516,681939,17604,9533,1668884,612,3,1.18,49.0,Medium
U505444,51,Self-Employed,186118,133997,51733,760250,635792,5786905,2556733,88805,9739680,109707,67830,117088,553331,499,0,4.36,34.0,High
U505445,45,Self-Employed,211170,105376,37728,645709,845254,8936362,1101003,48389,11528328,273205,19148,137288,1278999,506,1,4.55,35.0,High
U505446,30,Salaried,119490,82664,23530,492651,299268,3954164,140868,1083,4886951,83870,5810,111566,494203,748,3,3.41,48.0,Medium
U505447,58,Salaried,45339,28755,15013,113286,420620,1677389,311643,18770,2522938,109429,52978,6123,178852,427,6,4.64,46.0,Medium
U505448,27,Business,189448,135341,57749,72352,855131,6261741,2675821,2408,9865045,670851,156463,280188,613543,575,3,4.34,47.0,Medium
U505449,52,Self-Employed,153340,104956,35902,418437,580318,4598045,738517,57435,6335317,588603,158557,210227,1187012,358,3,3.44,40.0,Medium
U505450,24,Salaried,65482,27418,13929,132082,507251,1280455,404205,14455,2323993,118718,110047,19762,483279,588,0,2.96,41.0,Medium
U505451,33,Salaried,51533,35584,14322,216329,80750,2014803,553997,18543,2865879,43690,67723,3657,225430,586,6,4.63,49.0,Medium
U505452,48,Salaried,178916,115823,38278,233618,6497,1595425,778517,39587,2614057,495664,160683,140163,750592,449,5,1.22,42.0,Medium
U505453,40,Self-Employed,43109,32054,4617,81422,194238,1481600,214809,10827,1972069,4385,8177,20371,91538,812,1,3.81,41.0,Medium
U505454,39,Business,90664,54086,19714,343343,308637,560030,15665,21011,1227675,10294,197886,202237,767859,567,0,1.13,42.0,Medium
U505455,35,Salaried,203289,96230,70111,1044450,1941476,8260076,1921421,11039,13167423,103591,94977,125260,554518,331,0,5.4,29.0,High
U505456,24,Student,7118,5131,1987,15083,517,0,0,864,15600,2394,420,758,5942,546,2,0.18,37.0,High
U505457,32,Salaried,168542,98173,29688,249844,1341290,1818847,219153,46827,3629134,296580,325643,309965,799715,821,7,1.79,60.0,Medium
U505458,21,Student,11780,6813,4967,14719,27654,0,0,1674,42373,12510,4733,4278,16397,648,5,0.3,52.0,Medium
U505459,38,Business,41699,26739,4964,245530,106357,1064833,571491,4182,1988211,99941,24223,43055,255210,777,2,3.97,48.0,Medium
U505460,51,Self-Employed,198895,105897,39443,812753,1738209,939257,575313,64396,4065532,27692,465166,332486,1567475,322,10,1.7,47.0,Medium
U505461,44,Self-Employed,207420,137071,33684,1200031,1243227,955706,223473,12994,3622437,174179,266459,38529,1023055,674,4,1.46,46.0,Medium
U505462,22,Salaried,78044,48544,22400,320114,180088,581085,626643,33853,1707930,11211,55481,153899,660895,712,6,1.82,59.0,Medium
U505463,29,Salaried,225586,144292,57530,743763,18974,9964782,3280262,61184,14007781,929004,174672,348552,877548,659,8,5.17,58.0,Medium
U505464,28,Business,44099,31705,10900,145234,214094,792197,115096,12625,1266621,21230,32115,23587,495740,379,10,2.39,52.0,Medium
U505465,26,Student,15508,9001,6507,21872,16154,0,0,1206,38026,10937,6203,3551,12769,656,7,0.2,55.0,Medium
U505466,44,Business,53091,29740,9264,86970,371139,2405347,779160,11802,3642616,117368,44286,39416,180261,358,2,5.72,30.0,High
U505467,30,Salaried,62330,38093,11615,24545,244979,1170668,71617,11538,1511809,77635,41457,30847,122065,744,2,2.02,44.0,Medium
U505468,43,Salaried,96069,44646,25202,71661,598151,4131568,281832,21026,5083212,283481,180194,105063,546734,471,4,4.41,45.0,Medium
U505469,48,Self-Employed,68229,33390,12451,227466,629643,1217095,628343,23665,2702547,277326,115147,5635,420160,831,7,3.3,62.0,Medium
U505470,43,Business,116541,72503,33108,608228,226065,1590251,1405953,28144,3830497,87416,85322,10404,964088,442,4,2.74,43.0,Medium
U505471,50,Salaried,108672,77707,34270,476882,922680,5047452,1305595,13791,7752609,438015,34039,177282,692322,648,0,5.94,48.0,Medium
U505472,26,Business,50706,21036,6498,105532,38756,1993087,578064,3780,2715439,177336,89099,58766,286625,673,4,4.46,49.0,Medium
U505473,48,Salaried,142585,100272,29512,362353,1212337,4856666,2060310,3267,8491666,95102,22871,7334,405224,628,1,4.96,38.0,High
U505474,52,Salaried,184263,101638,52026,965412,390294,1806857,1696453,76665,4859016,150999,146551,57613,607289,411,4,2.2,38.0,High
U505475,53,Self-Employed,182613,114202,62152,561757,672348,4986132,443995,6924,6664232,164011,59220,109421,215042,614,10,3.04,56.0,Medium
U505476,52,Business,134201,77222,40007,526235,350286,2425117,1100011,56234,4401649,325987,54123,43286,666960,313,9,2.73,45.0,Medium
U505477,24,Self-Employed,217360,114576,36442,53044,1119800,6356465,136716,22330,7666025,764215,514193,151660,1651085,550,10,2.94,57.0,Medium
U505478,24,Salaried,70103,51608,7699,396909,120612,2721511,222438,31621,3461470,68394,61257,19168,233148,526,1,4.11,32.0,High
U505479,30,Business,233844,168005,63423,3047,1118000,5177643,2066087,47696,8364777,802700,244700,515363,1030714,621,5,2.98,53.0,Medium
U505480,36,Business,73284,47073,18337,61102,182207,1301534,596978,4043,2141821,142730,75242,39540,131849,808,2,2.44,50.0,Medium
U505481,37,Salaried,193531,132522,64176,1022827,888792,8112018,3401997,34289,13425634,491718,16308,211690,784647,518,4,5.78,46.0,Medium
U505482,45,Self-Employed,26259,19160,5210,28601,50750,566493,164706,3215,810550,77380,35711,26135,59421,577,5,2.57,45.0,Medium
U505483,42,Salaried,186476,102181,50444,231600,547667,5377048,22488,30249,6178803,373760,62690,269001,917612,757,1,2.76,50.0,Medium
U505484,28,Business,50135,24033,15639,99331,130685,1938643,574782,9976,2743441,48029,39252,70052,361972,709,8,4.56,62.0,Medium
U505485,25,Student,16232,12048,4184,40635,6975,0,0,3154,47610,328,1653,3298,21946,410,2,0.24,31.0,High
U505486,26,Self-Employed,242748,173978,57587,251116,1764698,8190765,2061939,41666,12268518,426397,338459,424134,988109,495,6,4.21,46.0,Medium
U505487,30,Self-Employed,210047,145663,43782,625354,368274,4917662,3310990,21539,9222280,313216,331318,345701,1672896,343,5,3.66,40.0,Medium
U505488,37,Self-Employed,180166,112795,45877,635477,1149078,5154900,2582965,59323,9522420,225134,7017,149099,376083,700,2,4.4,45.0,Medium
U505489,18,Student,12096,6966,5130,29314,6990,0,0,1247,36304,312,816,1859,10985,429,8,0.25,47.0,Medium
U505490,59,Business,40358,21657,7365,63449,123346,1380003,156235,14043,1723033,14742,17752,12475,65248,334,0,3.56,22.0,High
U505491,26,Salaried,157819,96927,49473,10660,213993,6910881,1130655,76001,8266189,336154,24419,74462,429531,780,9,4.36,63.0,Medium
U505492,18,Student,12501,6362,6139,54144,21401,0,0,2181,75545,8383,5266,7221,21445,529,11,0.5,60.0,Medium
U505493,43,Self-Employed,74958,52145,17758,379918,658104,802104,659483,8044,2499609,287142,52472,21628,534237,496,7,2.78,50.0,Medium
U505494,33,Business,115774,59765,29410,76201,712877,959671,1956528,29972,3705277,57364,23616,27299,210084,319,10,2.67,41.0,Medium
U505495,44,Salaried,140674,80841,25552,773758,547178,2899147,2080176,16557,6300259,770489,336362,149589,748700,607,3,3.73,48.0,Medium
U505496,49,Salaried,126168,86197,41787,669445,526929,5097934,934602,10105,7228910,229614,180036,129103,562368,767,4,4.77,57.0,Medium
U505497,29,Salaried,243728,136183,39280,446859,2015601,3555599,1805524,95396,7823583,980803,209231,664192,1538765,839,0,2.67,52.0,Medium
U505498,28,Student,19426,12829,6597,79126,9428,0,0,1746,88554,2144,697,306,2452,587,2,0.38,40.0,Medium
U505499,47,Salaried,135313,88491,15579,64252,859262,4156334,294413,658,5374261,218334,139223,59520,344800,757,6,3.31,50.0,Medium
U505500,40,Salaried,169355,83844,23880,559486,1172066,3472712,2289346,56793,7493610,272063,95298,85376,531069,457,10,3.69,45.0,Medium
U505501,36,Self-Employed,231785,128813,76586,1090596,2012688,7637409,739605,49567,11480298,193594,117061,101165,561432,479,0,4.13,35.0,High
U505502,55,Salaried,218920,132366,47523,142604,2098919,748268,2067709,32517,5057500,682714,506871,249402,1198236,503,4,1.93,45.0,Medium
U505503,43,Salaried,128128,56790,36733,695538,741873,4902748,1780152,39835,8120311,75808,1053,24361,1197609,573,9,5.28,57.0,Medium
U505504,28,Student,6951,4558,2393,40414,6732,0,0,1081,47146,6186,180,1681,8308,382,6,0.57,40.0,Medium
U505505,19,Student,14464,10038,4426,16164,17964,0,0,1838,34128,2465,304,727,3789,723,11,0.2,59.0,Medium
U505506,57,Salaried,155517,68638,30019,385490,231212,4896283,1592043,63466,7105028,425138,167650,313182,1161097,501,9,3.81,53.0,Medium
U505507,30,Student,8931,7584,1347,49296,10322,0,0,462,59618,5680,3258,1333,8165,598,2,0.56,35.0,High
U505508,56,Salaried,196442,126088,28241,120326,1096870,5567146,1886903,56569,8671245,95531,27622,117317,867781,398,6,3.68,36.0,High
U505509,47,Salaried,239065,95976,79066,1412545,1058581,9792066,1111346,45094,13374538,211397,19602,292347,1101181,676,8,4.66,58.0,Medium
U505510,52,Salaried,112743,70895,33510,556252,579195,1191004,1534928,47781,3861379,316033,57858,33873,894639,713,8,2.85,63.0,Medium
U505511,34,Salaried,130460,58993,39247,360615,1170174,6007254,1888531,29178,9426574,382077,90420,248369,914570,742,0,6.02,52.0,Medium
U505512,26,Student,8758,7200,1558,12468,19870,0,0,291,32338,3014,2741,2907,7495,401,11,0.31,43.0,Medium
U505513,51,Salaried,79023,43730,10816,428084,708782,71098,1149620,21823,2357584,139997,68661,49501,173956,336,0,2.49,23.0,High
U505514,48,Self-Employed,94293,56449,23372,267659,202410,2592571,571728,10287,3634368,18809,1712,192295,1122257,466,11,3.21,58.0,Medium
U505515,48,Self-Employed,25904,18474,4268,155004,145403,1148079,128274,10961,1576760,37627,7932,16876,40625,754,3,5.07,45.0,Medium
U505516,40,Salaried,202787,124189,40019,176109,1185401,527407,3380577,7792,5269494,454879,121413,439396,1513967,300,5,2.17,38.0,High
U505517,23,Salaried,90383,43801,23996,359814,158947,4193010,418306,24521,5130077,38966,47956,14141,275015,496,10,4.73,50.0,Medium
U505518,50,Business,241866,100244,61887,1021164,878708,7215309,3626679,71904,12741860,109502,355319,29940,2906396,389,4,4.39,43.0,Medium
U505519,24,Self-Employed,27025,13599,6914,111694,103727,632859,143937,7574,992217,50693,56034,34203,202294,540,5,3.06,50.0,Medium
U505520,27,Self-Employed,241935,112277,49439,838014,2039716,6167721,2163896,120472,11209347,51233,58760,487423,2500339,611,4,3.86,50.0,Medium
U505521,32,Salaried,229986,93180,30938,26004,1137544,7757515,872799,24247,9793862,944162,475104,271275,768648,671,11,3.55,60.0,Medium
U505522,49,Salaried,203596,140030,21327,93902,35303,5113739,278183,66747,5521127,113536,83568,117889,1883374,421,9,2.26,45.0,Medium
U505523,40,Business,237062,159309,57088,1049393,578595,3503125,3710715,99376,8841828,158505,497644,551630,2044078,651,8,3.11,60.0,Medium
U505524,43,Self-Employed,176770,110352,38700,1033911,1214383,946758,1490211,12909,4685263,137298,79127,4993,235037,501,0,2.21,30.0,High
U505525,45,Salaried,173213,81448,41918,339640,816364,4967756,658956,79375,6782716,78594,125662,23154,790853,445,8,3.26,45.0,Medium
U505526,22,Student,19456,14819,4637,119501,4493,0,0,1377,123994,3,130,34,546,674,3,0.53,41.0,Medium
U505527,25,Salaried,138287,78345,19486,711835,569633,1133849,1037657,68450,3452974,678583,124579,227896,899142,693,11,2.08,63.0,Medium
U505528,53,Salaried,196484,113799,25245,1086900,180509,6993172,2280706,26915,10541287,108420,59072,21721,933407,531,3,4.47,36.0,High
U505529,23,Student,15090,8813,6277,13362,34137,0,0,2936,47499,21,80,850,4408,820,4,0.26,55.0,Medium
U505530,39,Self-Employed,213105,133639,29010,370392,338258,8918984,78144,81954,9705778,506715,297597,237408,480205,394,10,3.8,44.0,Medium
U505531,20,Student,11546,6115,5431,14340,19493,0,0,2075,33833,530,45,508,1463,416,7,0.24,45.0,Medium
U505532,49,Salaried,27086,18642,7838,118087,27981,1174835,29304,9023,1350207,9490,437,461,151487,452,10,4.15,50.0,Medium
U505533,23,Business,66612,27489,14680,44947,467383,681767,1103884,16718,2297981,225077,12111,103087,250433,665,4,2.87,49.0,Medium
U505534,59,Salaried,35901,17105,11989,169545,34931,512554,416136,2704,1133166,95493,46271,49120,169145,381,5,2.63,44.0,Medium
U505535,54,Self-Employed,133551,68873,18110,237899,378037,5359463,170491,58692,6145890,312674,205883,356379,988858,428,3,3.83,39.0,High
U505536,46,Salaried,134281,76431,23584,117830,1054229,2252999,1872876,41583,5297934,264708,148008,21607,411469,315,7,3.29,36.0,High
U505537,38,Self-Employed,124685,56280,27742,88264,739815,5598899,1757009,32556,8183987,84811,33719,180039,789995,329,11,5.47,47.0,Medium
U505538,29,Self-Employed,123584,54360,32086,8633,1133917,1232553,966786,4323,3341889,153270,71856,146626,374408,594,4,2.25,45.0,Medium
U505539,35,Self-Employed,89124,36399,13459,435389,156391,2180701,1151530,38350,3924011,128869,78998,44675,157545,461,4,3.67,35.0,High
U505540,56,Salaried,125176,83399,29455,414664,989636,1016998,473749,55339,2895047,227954,126408,161921,457615,372,4,1.93,37.0,High
U505541,47,Self-Employed,121098,90600,15225,361685,849983,3556175,1298746,58155,6066589,224770,37749,98290,875887,744,5,4.17,52.0,Medium
U505542,25,Self-Employed,138285,69999,42045,439364,248745,3777542,870741,51788,5336392,720582,308150,4348,803094,406,7,3.22,50.0,Medium
U505543,36,Self-Employed,97780,48428,21494,326851,245974,1188769,1735748,33644,3497342,113107,3616,39636,957495,439,9,2.98,50.0,Medium
U505544,48,Self-Employed,213325,89783,48160,492510,1359372,6258126,962085,65502,9072093,908448,66787,287588,1454297,658,4,3.54,52.0,Medium
U505545,53,Salaried,140929,93416,44635,682036,89172,4267584,2243944,58400,7282736,267867,187332,109381,1032358,412,6,4.31,47.0,Medium
U505546,23,Student,16664,11566,5098,53270,4409,0,0,1088,57679,9452,3798,1372,10975,842,9,0.29,62.0,Medium
U505547,53,Salaried,140958,60817,22975,163753,1047496,228841,1203197,31968,2643287,13963,60906,33920,251285,745,6,1.56,49.0,Medium
U505548,45,Salaried,138757,80156,13964,1028,630248,320263,2139864,49638,3091403,35854,257404,74632,1215486,356,8,1.86,41.0,Medium
U505549,54,Self-Employed,189289,140226,33870,188096,742878,5435139,15694,73011,6381807,431919,226963,128963,508107,717,11,2.81,60.0,Medium
U505550,58,Business,151103,98740,41479,506522,163319,564486,2027548,50043,3261875,468930,5292,262288,662049,441,10,1.8,52.0,Medium
U505551,27,Salaried,31970,14240,3417,54299,83715,192366,158742,6573,489122,57291,29222,36722,311019,687,5,1.27,52.0,Medium
U505552,30,Student,10184,6035,4149,36243,6402,0,0,1961,42645,6414,2431,3563,8975,503,9,0.35,52.0,Medium
U505553,44,Self-Employed,34089,15169,3442,16972,27684,959484,247898,865,1252038,65755,22450,14188,83419,538,2,3.06,34.0,High
U505554,29,Student,9429,5018,4411,21825,21817,0,0,77,43642,1267,2748,3325,17484,638,6,0.39,55.0,Medium
U505555,55,Self-Employed,158088,99974,52745,578289,102970,6342619,1473652,76294,8497530,446031,239220,249183,539875,518,2,4.48,44.0,Medium
U505556,42,Business,65876,32792,19970,323992,573447,2348201,1148911,29891,4394551,1018,112456,111224,374616,612,2,5.56,47.0,Medium
U505557,27,Student,18287,11774,6513,107387,26173,0,0,1789,133560,4130,1151,361,17185,637,6,0.61,50.0,Medium
U505558,37,Business,168589,98896,56901,155435,1469680,5999093,1129983,8890,8754191,108329,150529,65951,429573,587,0,4.33,40.0,Medium
U505559,37,Business,76467,38563,20004,173440,95451,2513490,545722,35606,3328103,85323,15122,92703,521486,366,9,3.63,47.0,Medium
U505560,56,Self-Employed,216121,110546,25666,27251,1423064,5776137,1439671,44779,8666123,509547,318784,182043,973907,615,1,3.34,39.0,High
U505561,46,Salaried,133702,62239,13778,790858,471835,4055329,2306694,27598,7624716,154331,124416,130917,552000,529,4,4.75,38.0,High
U505562,33,Business,60934,30528,6645,119224,320636,1188718,160087,28641,1788665,312678,48897,62386,409835,709,0,2.45,44.0,Medium
U505563,37,Salaried,95825,66353,18404,175155,381149,437735,1050640,43556,2044679,41076,23610,97462,367276,714,8,1.78,54.0,Medium
U505564,36,Self-Employed,168485,110206,19489,694431,705418,3084109,397780,43033,4881738,890956,372904,116875,943282,697,3,2.41,49.0,Medium
U505565,49,Salaried,215267,135087,27475,748830,807917,7565751,2813804,13605,11936302,777579,155170,66154,1381789,579,3,4.62,43.0,Medium
U505566,24,Self-Employed,179878,79251,52310,259111,240009,1116796,1678497,9544,3294413,3064,127775,3253,1358084,486,9,1.53,52.0,Medium
U505567,47,Salaried,222644,136265,51777,991946,352293,7038033,1288904,28985,9671176,586838,139062,218414,1045433,316,9,3.62,44.0,Medium
U505568,58,Salaried,24289,17822,7934,62658,118902,840040,365021,8905,1386621,18009,9893,5785,61357,606,7,4.76,51.0,Medium
U505569,29,Salaried,25681,19111,7830,117730,243699,319123,258976,12615,939528,26602,3199,11562,79918,660,2,3.05,45.0,Medium
U505570,29,Student,17382,12964,4418,30273,18191,0,0,1256,48464,1350,876,2380,11970,303,5,0.23,30.0,High
U505571,33,Self-Employed,88200,46293,22717,171407,287899,2249782,1543360,5013,4252448,2042,41308,10834,275646,516,9,4.02,48.0,Medium
U505572,24,Student,7132,4648,2484,278,2406,0,0,268,2684,2011,28,754,10188,443,11,0.03,50.0,Medium
U505573,59,Self-Employed,204699,124999,63230,1215679,1447259,7729586,792547,31511,11185071,358919,99449,142825,1060581,799,10,4.55,67.0,Medium
U505574,50,Business,165658,115098,43665,987066,1016522,556136,985027,62517,3544751,260085,87465,103791,898472,446,0,1.78,34.0,High
U505575,39,Salaried,189666,106759,32209,926915,994601,5163077,199336,19799,7283929,242465,96753,91947,1422329,697,1,3.2,44.0,Medium
U505576,27,Salaried,193575,138474,53320,509578,170385,669522,1279982,69780,2629467,410528,76218,86231,1492188,776,2,1.13,54.0,Medium
U505577,49,Self-Employed,64123,37406,10542,11574,533914,312966,41740,11964,900194,109770,1137,39447,216552,705,9,1.17,55.0,Medium
U505578,22,Business,153187,89060,50264,145584,1016228,4289912,1414028,11815,6865752,729456,181354,182585,862153,699,9,3.73,66.0,Medium
U505579,38,Business,61747,32968,7274,42193,327657,2875459,614149,15542,3859458,181540,12702,37606,645694,778,11,5.21,66.0,Medium
U505580,56,Salaried,186648,84544,52884,180411,859531,4151916,2101123,39412,7292981,332343,77629,202882,1697354,537,4,3.26,49.0,Medium
U505581,37,Self-Employed,235812,115794,39502,574861,482160,9354965,2303400,89149,12715386,335985,227386,330102,1143699,593,1,4.49,39.0,High
U505582,22,Self-Employed,39957,16777,9039,164002,181980,964633,25127,1802,1335742,136720,52181,47767,134745,670,8,2.79,57.0,Medium
U505583,26,Student,11008,9073,1935,40855,17226,0,0,194,58081,953,23,655,1782,411,11,0.44,42.0,Medium
U505584,35,Salaried,142147,67375,36690,100041,92466,6589738,508636,17292,7290881,537238,114229,109064,1061440,368,11,4.27,53.0,Medium
U505585,18,Student,17748,12027,5721,114707,15430,0,0,1190,130137,1186,4465,3760,17643,776,11,0.61,63.0,Medium
U505586,45,Salaried,126104,74784,16211,378552,444154,513371,443433,48550,1779510,83636,1610,38713,201989,604,10,1.18,48.0,Medium
U505587,26,Self-Employed,25828,14471,8377,64281,184038,282285,343093,6760,873697,15740,52308,52728,242964,626,8,2.82,62.0,Medium
U505588,27,Student,11193,9401,1792,14708,12283,0,0,515,26991,11966,5247,2841,10495,521,3,0.2,34.0,High
U505589,58,Business,42000,27836,14192,218141,85662,1691186,695476,17820,2690465,135865,61238,23582,152894,393,2,5.34,39.0,High
U505590,21,Student,12174,7223,4951,16360,15736,0,0,1826,32096,5071,1313,327,11259,570,7,0.22,51.0,Medium
U505591,46,Business,143607,81398,29332,372003,1273124,331527,1625801,50382,3602455,7086,113539,112144,455907,466,10,2.09,47.0,Medium
U505592,34,Self-Employed,108024,57832,28069,177794,295254,1857508,1420788,48444,3751344,159985,263516,137328,851156,618,6,2.89,55.0,Medium
U505593,59,Self-Employed,165977,69667,53068,397419,780675,1567455,1647953,62906,4393502,56604,14824,2352,1504146,313,3,2.21,37.0,High
U505594,25,Student,10718,7957,2761,15157,4576,0,0,1848,19733,4797,1368,2014,7545,841,2,0.15,48.0,Medium
U505595,20,Student,6173,4061,2112,8625,6208,0,0,996,14833,2291,1635,2982,8950,646,4,0.2,47.0,Medium
U505596,43,Business,116689,79717,14460,418881,818898,2894931,969084,33558,5101794,44041,5165,36960,196648,387,2,3.64,26.0,High
U505597,35,Salaried,65119,44349,18621,2977,6361,2638247,779441,4768,3427026,135405,28828,21285,235613,638,11,4.39,60.0,Medium
U505598,27,Student,9830,8003,1827,4913,22128,0,0,1414,27041,1112,1212,1889,7375,661,7,0.23,46.0,Medium
U505599,22,Student,8109,5574,2535,52853,17687,0,0,1155,70540,6540,1058,3088,7098,738,10,0.72,60.0,Medium
U505600,26,Business,243900,114198,82203,289486,832479,4469682,1040148,98742,6631795,944794,512677,627683,1153069,816,4,2.27,63.0,Medium
U505601,26,Salaried,185323,133184,63315,1058097,993262,4875848,2579822,45400,9507029,142480,55923,4024,290969,420,7,4.27,43.0,Medium
U505602,41,Salaried,126559,76673,19566,63715,848628,1717135,86471,49799,2715949,135465,34280,58985,231902,761,7,1.79,51.0,Medium
U505603,25,Student,17734,10463,7271,67145,42559,0,0,247,109704,4003,3643,3202,17289,705,4,0.52,51.0,Medium
U505604,27,Business,249897,180028,42890,1087286,618026,3838368,449047,28293,5992727,463178,105390,206150,658632,724,4,2.0,47.0,Medium
U505605,52,Self-Employed,116208,58022,13191,15170,943928,3710387,627825,14023,5297310,138229,46252,7377,473656,397,2,3.8,28.0,High
U505606,49,Salaried,39375,18111,12925,218926,133815,216736,115968,13827,685445,177725,21833,19413,314420,324,3,1.45,41.0,Medium
U505607,24,Self-Employed,202418,127679,27699,962346,374246,9536156,1802137,71206,12674885,364484,55028,57810,452450,590,4,5.22,40.0,Medium
U505608,22,Business,165413,83731,40172,447797,1076877,1373372,835477,66727,3733523,139763,72061,39058,521493,808,1,1.88,47.0,Medium
U505609,23,Salaried,163092,97848,33660,432870,133728,3149432,2415809,7414,6131839,456965,7706,19364,943930,438,4,3.13,39.0,High
U505610,52,Salaried,133185,63132,19865,373526,544011,1915759,2249875,22542,5083171,290625,42249,448,952452,810,0,3.18,47.0,Medium
U505611,36,Self-Employed,159027,97363,29860,912931,741434,338071,1090588,13797,3083024,11675,967,106117,448887,386,7,1.62,37.0,High
U505612,29,Salaried,206833,102924,28024,588864,1349387,3077602,1057993,3665,6073846,87194,34628,31420,464721,669,6,2.45,45.0,Medium
U505613,40,Self-Employed,103841,49787,32201,565288,627714,1835252,1630248,12894,4658502,22195,54090,5830,223280,810,11,3.74,65.0,Medium
U505614,42,Salaried,152942,91877,16419,508539,712391,4475035,2672143,23543,8368108,21675,26227,171769,1065765,587,11,4.56,53.0,Medium
U505615,49,Salaried,105868,75748,15250,520455,808890,4640217,575564,14319,6545126,347585,13826,145783,660697,366,6,5.15,39.0,High
U505616,41,Salaried,53249,29698,17255,262158,211225,1204171,867476,26555,2545030,33336,50426,43811,213870,686,3,3.98,50.0,Medium
U505617,26,Student,7395,6282,1113,10512,16883,0,0,305,27395,5402,1597,483,12966,482,3,0.31,32.0,High
U505618,51,Self-Employed,90165,54443,28434,437918,562008,1836320,510537,22113,3346783,39306,132874,89122,902409,327,5,3.09,44.0,Medium
U505619,23,Business,68564,51248,18580,57228,102617,1482009,461321,24328,2103175,211639,114024,76176,256244,499,6,2.56,48.0,Medium
U505620,37,Self-Employed,245924,171656,38918,59110,1473349,8757943,3403031,92118,13693433,1198826,297582,263450,1408477,632,10,4.64,59.0,Medium
U505621,28,Student,11280,8340,2940,67145,24908,0,0,471,92053,1120,292,510,1048,658,3,0.68,41.0,Medium
U505622,22,Salaried,151095,95174,34824,586233,392272,325717,374173,12055,1678395,184447,2425,80673,440110,803,7,0.93,57.0,Medium
U505623,45,Salaried,25766,11747,3209,146375,245838,715317,293533,7014,1401063,17747,20460,2607,208357,375,5,4.53,36.0,High
U505624,39,Business,215504,160669,31280,431854,1379673,57267,1121528,95311,2990322,338513,182569,54006,374810,693,5,1.16,46.0,Medium
U505625,30,Student,10143,7006,3137,54254,10619,0,0,1964,64873,12707,1279,1233,21194,678,8,0.53,55.0,Medium
U505626,38,Business,195247,140946,41413,165113,954544,3894982,2819347,66279,7833986,289141,116338,52203,313587,530,8,3.34,46.0,Medium
U505627,53,Self-Employed,203763,152059,31911,736234,1154545,3877971,2345155,47728,8113905,785674,350415,328520,522194,323,0,3.32,27.0,High
U505628,46,Salaried,132779,79121,29568,641083,153375,5820250,1640736,52419,8255444,12769,52163,84421,347797,455,5,5.18,38.0,High
U505629,23,Self-Employed,90097,59770,19036,395967,669322,540983,918520,40620,2524792,270720,132980,157733,360189,363,8,2.34,44.0,Medium
U505630,50,Self-Employed,180235,134128,22948,164893,598486,5942665,1369016,23916,8075060,489066,331923,300532,1396067,463,2,3.73,38.0,High
U505631,25,Salaried,222134,132421,27601,1122304,388852,2711883,3827235,56477,8050274,269643,29209,86441,322565,807,7,3.02,52.0,Medium
U505632,30,Student,12748,9833,2915,29207,62,0,0,118,29269,7305,1803,1462,13207,613,10,0.19,51.0,Medium
U505633,34,Self-Employed,46617,22811,7095,198785,291219,1174038,756868,7319,2420910,50214,24375,19415,76248,563,7,4.33,43.0,Medium
U505634,36,Self-Employed,245171,139082,71035,1182205,330111,10678065,1802991,91585,13993372,932482,538760,120691,1823333,808,1,4.76,57.0,Medium
U505635,43,Business,214057,152280,53451,348810,1971957,6454747,2874810,82528,11650324,190076,512764,457515,1780425,819,11,4.54,72.0,Low
U505636,45,Salaried,100519,63204,17425,193309,482290,1654979,1158577,12127,3489155,67420,37280,50430,138425,302,6,2.89,31.0,High
U505637,33,Salaried,225144,151855,37307,815282,973981,1469046,3226691,70008,6485000,57461,27806,108649,500135,599,11,2.4,51.0,Medium
U505638,19,Student,17569,13891,3678,29676,15127,0,0,2226,44803,1708,376,1459,4140,810,11,0.21,59.0,Medium
U505639,58,Business,35659,21080,7456,147308,251246,188096,267968,2189,854618,103737,26646,28598,183864,844,9,2.0,65.0,Medium
U505640,21,Student,11044,5972,5072,30621,17545,0,0,1227,48166,189,33,114,952,418,7,0.36,45.0,Medium
U505641,44,Salaried,116705,57933,16516,282277,242881,4716529,1452914,50355,6694601,58707,70436,41552,519441,823,1,4.78,45.0,Medium
U505642,54,Salaried,246777,109001,77028,939284,1662719,398685,2262229,35550,5262917,557432,28050,40141,798615,358,10,1.78,47.0,Medium
U505643,45,Self-Employed,195274,121546,40624,401601,335039,4986676,1811698,31204,7535014,147096,79633,55506,1137301,757,4,3.22,51.0,Medium
U505644,57,Salaried,40975,17590,9419,157511,386360,1446545,463010,15611,2453426,7233,36828,29110,190804,455,8,4.99,45.0,Medium
U505645,47,Salaried,170275,77311,48636,464470,182635,1730255,1933589,82546,4310949,631844,61603,24188,1618499,721,7,2.11,63.0,Medium
U505646,48,Salaried,205648,138122,46136,346716,1183306,3580407,2308421,1228,7418850,292895,41138,212260,1498909,337,2,3.01,33.0,High
U505647,31,Business,123792,83080,38027,244476,1055723,3741289,1999748,48518,7041236,79375,108574,58233,365996,700,8,4.74,57.0,Medium
U505648,52,Self-Employed,166128,97959,31592,352774,1096875,7957093,611351,20236,10018093,395050,332274,93184,994783,747,0,5.03,47.0,Medium
U505649,25,Business,124849,56290,23766,256896,245312,1806617,729234,27891,3038059,197091,10583,12800,1322147,622,11,2.03,61.0,Medium
U505650,25,Salaried,85350,50149,18580,418090,317794,2276167,500717,591,3512768,85961,169842,131516,695553,491,10,3.43,55.0,Medium
U505651,25,Self-Employed,24282,14134,3075,77861,43014,29667,12998,5177,163540,33310,27337,8724,67664,828,1,0.56,45.0,Medium
U505652,22,Business,57362,42229,16548,94930,350261,864317,988678,19052,2298186,101323,155577,48648,492655,579,1,3.34,47.0,Medium
U505653,43,Salaried,235921,145313,52928,851257,1564750,5257953,2595041,33138,10269001,13558,56640,46569,491507,647,8,3.63,50.0,Medium
U505654,50,Salaried,51240,26182,12846,307078,110399,358682,375518,17021,1151677,51124,23831,8700,298853,525,5,1.87,45.0,Medium
U505655,45,Salaried,190161,85575,25900,1109637,1393191,1268774,1934325,48449,5705927,371767,145795,109991,895124,452,3,2.5,35.0,High
U505656,46,Self-Employed,96114,61805,24958,188251,712742,1940984,615044,4262,3457021,7489,60512,66594,231537,603,10,3.0,54.0,Medium
U505657,41,Self-Employed,113990,67538,25393,59042,63924,607433,333245,48671,1063644,17105,33480,46140,202410,744,11,0.78,59.0,Medium
U505658,31,Self-Employed,127486,59389,18441,233332,827210,5617852,300376,28412,6978770,192123,185716,31025,1248644,383,7,4.56,43.0,Medium
U505659,34,Business,112903,57585,26762,387252,379507,4892406,732716,22958,6391881,46820,145256,104911,1043524,750,9,4.72,64.0,Medium
U505660,39,Self-Employed,204554,101313,49259,207428,1043948,7658798,2608465,62265,11518639,711582,140146,148511,1190722,594,7,4.69,53.0,Medium
U505661,28,Salaried,98133,46183,27056,66534,921821,238574,12745,33725,1239674,79387,19568,191216,688306,790,3,1.05,55.0,Medium
U505662,45,Salaried,22038,14999,6521,130895,203870,651709,234021,10460,1220495,50067,34396,51412,137489,350,6,4.62,45.0,Medium
U505663,47,Salaried,75096,46504,25460,329739,52518,120775,135375,21321,638407,63255,95234,8069,475292,324,7,0.71,44.0,Medium
U505664,54,Salaried,91574,57497,23028,135034,819898,3054732,773873,23279,4783537,140852,227149,20443,813006,518,7,4.35,53.0,Medium
U505665,27,Self-Employed,56068,28393,19075,243069,321487,2647179,678217,24218,3889952,116628,3883,37961,355861,680,10,5.78,64.0,Medium
U505666,53,Business,28991,13801,5085,28224,230051,52348,487785,8875,798408,72900,17831,17913,115773,367,9,2.29,43.0,Medium
U505667,40,Self-Employed,176733,120202,59139,386548,33499,7005490,809106,8004,8234643,351371,302152,163896,1392300,808,6,3.88,65.0,Medium
U505668,25,Student,8174,6583,1591,29410,19439,0,0,1462,48849,730,2579,1621,9186,442,4,0.5,33.0,High
U505669,27,Student,18003,13178,4825,115322,8866,0,0,3185,124188,851,138,664,3336,307,4,0.57,29.0,High
U505670,43,Salaried,75361,54633,24535,349446,202257,3531444,978321,21400,5061468,5235,23761,14541,785706,657,11,5.6,66.0,Medium
U505671,32,Self-Employed,167822,80333,52838,462229,654955,1212921,1293316,65026,3623421,390253,93195,8917,1392069,578,7,1.8,56.0,Medium
U505672,47,Business,23884,14262,4868,97853,69053,1045489,100782,132,1313177,1466,9269,14193,47371,836,2,4.58,47.0,Medium
U505673,38,Self-Employed,32123,23485,8107,87619,45629,170112,441038,2477,744398,9901,3555,15603,58832,459,3,1.93,35.0,High
U505674,23,Student,19073,12326,6747,45943,39569,0,0,328,85512,8475,4035,5148,15057,584,6,0.37,48.0,Medium
U505675,24,Student,8928,6676,2252,47368,17291,0,0,333,64659,884,2687,2775,8756,446,5,0.6,37.0,High
U505676,18,Student,19292,12005,7287,14105,28667,0,0,2314,42772,1076,268,812,5397,809,6,0.18,57.0,Medium
U505677,25,Student,9046,6898,2148,22400,7219,0,0,305,29619,1448,629,1362,7634,300,10,0.27,38.0,High
U505678,51,Business,158258,69555,33901,378615,231144,2882735,116491,9770,3608985,274380,353876,308616,973977,809,10,1.9,68.0,Medium
U505679,37,Salaried,94415,44545,28161,426614,470733,957352,1449028,37237,3303727,408319,8446,105323,614742,513,6,2.92,52.0,Medium
U505680,57,Salaried,186812,132242,50222,965155,386879,1260330,1165381,90098,3777745,801108,446904,239430,775875,341,1,1.69,35.0,High
U505681,40,Salaried,148292,106474,23843,83190,792514,5466465,2253466,13377,8595635,5306,121152,65634,752737,614,4,4.83,43.0,Medium
U505682,48,Salaried,135736,92347,25060,61971,391529,1819458,1522860,62411,3795818,45452,100417,186932,616772,823,11,2.33,65.0,Medium
U505683,22,Student,8595,4441,4154,58668,8319,0,0,1514,66987,1613,1078,209,26920,810,11,0.65,71.0,Low
U505684,29,Salaried,148932,88558,20219,879294,227938,1953550,738215,44596,3798997,404766,156734,247980,704639,604,8,2.13,51.0,Medium
U505685,56,Self-Employed,91553,62617,27867,379218,349141,2191900,715395,10654,3635654,161071,61547,10045,432457,425,7,3.31,46.0,Medium
U505686,31,Self-Employed,192323,111269,55357,611759,1118504,6840224,2266114,18266,10836601,325384,152442,67787,703118,821,4,4.7,56.0,Medium
U505687,28,Student,11330,6110,5220,64883,1661,0,0,542,66544,829,1504,266,6266,803,0,0.49,50.0,Medium
U505688,59,Salaried,184227,97800,21475,502399,1567162,5465222,1415664,39405,8950447,537180,34253,132594,1103194,812,0,4.05,46.0,Medium
U505689,27,Salaried,29999,18885,9573,177729,262484,585978,259994,9525,1286185,37837,64296,26236,233505,625,2,3.57,50.0,Medium
U505690,47,Salaried,191375,103959,27992,270795,817112,3959466,111110,89872,5158483,127614,194364,33602,956302,531,9,2.25,48.0,Medium
U505691,52,Salaried,30887,15148,10025,53998,275086,863032,442945,1497,1635061,23221,7586,2649,128584,543,4,4.41,45.0,Medium
U505692,45,Salaried,188963,138181,27041,854939,257354,8712070,3259354,17699,13083717,594387,447320,36009,1210904,614,8,5.77,54.0,Medium
U505693,59,Self-Employed,191814,122179,33860,1129918,1493289,6568065,2868374,75905,12059646,5095,66135,16555,490265,472,10,5.24,45.0,Medium
U505694,40,Self-Employed,139066,72541,15101,593669,631473,823030,467850,37043,2516022,322416,172846,184839,409267,326,4,1.51,30.0,High
U505695,56,Self-Employed,203113,128149,23844,378454,651826,1371941,1808571,64513,4210792,225016,15720,249364,1963650,391,0,1.73,30.0,High
U505696,49,Salaried,89813,55119,27835,303781,632934,252946,736575,27068,1926236,48293,19028,9486,146668,428,9,1.79,46.0,Medium
U505697,43,Business,209473,134076,66188,724299,1006287,3220777,1482528,79424,6433891,361696,53753,11845,2303698,800,8,2.56,68.0,Medium
U505698,46,Self-Employed,45946,19049,5728,137901,193570,1590494,262509,17104,2184474,8726,18752,74836,344096,577,6,3.96,46.0,Medium
U505699,49,Self-Employed,236878,96249,28918,706681,1948035,10097429,770903,71040,13523048,350837,326392,245877,1876795,434,8,4.76,45.0,Medium
U505700,28,Salaried,149609,74806,35822,718411,1342988,7111991,154142,16715,9327532,275607,23301,157329,1332200,801,9,5.2,66.0,Medium
U505701,38,Salaried,242588,165663,39141,466306,1802197,5744829,1311014,92741,9324346,729930,373207,153069,941874,806,2,3.2,50.0,Medium
U505702,24,Student,14416,7863,6553,12223,18856,0,0,1960,31079,1274,938,737,8691,721,8,0.18,60.0,Medium
U505703,34,Self-Employed,95183,52022,30749,452172,546536,3743203,884628,11023,5626539,70298,43775,113869,1015020,533,2,4.93,47.0,Medium
U505704,40,Salaried,116043,66038,34052,172910,952218,335557,47450,45313,1508135,187871,35467,23057,1040058,306,9,1.08,47.0,Medium
U505705,58,Self-Employed,175134,103081,32813,612547,595825,5916955,2364890,64088,9490217,185742,44828,194822,648117,338,3,4.52,31.0,High
U505706,18,Student,15767,8969,6798,30563,21386,0,0,1726,51949,1193,141,377,2495,485,11,0.27,54.0,Medium
U505707,25,Student,6591,5371,1220,40045,5790,0,0,175,45835,171,257,309,2757,591,5,0.58,40.0,Medium
U505708,40,Salaried,212445,106992,41425,1175715,1388731,5966174,2320199,44183,10850819,208465,147044,368688,1223896,370,7,4.26,41.0,Medium
U505709,25,Student,8015,5706,2309,40837,18731,0,0,747,59568,8823,4596,2632,7926,696,2,0.62,45.0,Medium
U505710,57,Salaried,101591,50391,24445,41993,731366,2371616,630482,8277,3775457,159381,118056,65360,346692,535,2,3.1,39.0,High
U505711,56,Salaried,126632,74114,26796,127690,1178368,1222881,2175289,48793,4704228,183187,283627,48320,1166200,350,7,3.1,45.0,Medium
U505712,28,Student,18909,12247,6662,16729,22476,0,0,1575,39205,3872,2919,5265,16415,346,5,0.17,36.0,High
U505713,19,Student,9738,6792,2946,31422,14180,0,0,1873,45602,9486,501,4328,9596,401,3,0.39,34.0,High
U505714,40,Salaried,244765,169690,50576,116337,556231,7572554,1080503,109391,9325625,786055,280848,210887,919132,713,8,3.18,57.0,Medium
U505715,56,Salaried,244244,153330,54855,263043,2230835,9767989,632206,27016,12894073,77479,146722,353761,1352064,409,5,4.4,40.0,Medium
U505716,58,Salaried,63482,29200,18367,301030,333234,497757,1040818,18866,2172839,94616,18628,4191,139663,338,2,2.85,31.0,High
U505717,23,Student,13360,9079,4281,81535,24467,0,0,316,106002,9727,3407,3017,14814,456,10,0.66,49.0,Medium
U505718,29,Salaried,74123,50097,15672,424446,426797,1036097,324716,20216,2212056,232693,80416,115805,316315,304,9,2.49,43.0,Medium
U505719,52,Self-Employed,87010,50812,10902,4685,717626,1077826,318088,37645,2118225,67354,136609,14136,743935,841,3,2.03,53.0,Medium
U505720,27,Salaried,246073,133055,34091,1386192,341641,1776865,3008573,120374,6513271,466298,149467,160318,414356,520,7,2.21,42.0,Medium
U505721,33,Salaried,172854,75673,43282,971803,789972,4542651,1378079,26927,7682505,68375,22318,87286,762566,770,0,3.7,45.0,Medium
U505722,28,Self-Employed,74771,51444,11263,361647,452712,2477241,210770,35751,3502370,195010,45770,97564,475688,572,5,3.9,46.0,Medium
U505723,27,Business,208741,123176,44411,691122,1205915,2225070,376484,35934,4498591,797733,304886,73033,1113819,576,5,1.8,49.0,Medium
U505724,40,Salaried,42784,20363,11844,222100,379310,878172,556445,5418,2036027,65830,53711,37601,124912,378,7,3.97,42.0,Medium
U505725,24,Business,30083,12274,7601,97586,89783,397658,74258,10465,659285,77660,21873,4758,119185,523,2,1.83,40.0,Medium
U505726,22,Student,5663,3420,2243,7389,1256,0,0,994,8645,1268,257,531,5726,304,7,0.13,39.0,High
U505727,19,Student,14417,8268,6149,13574,29706,0,0,1792,43280,4000,690,1501,37585,429,4,0.25,42.0,Medium
U505728,51,Salaried,48910,21373,5560,128386,218002,1567224,150719,6938,2064331,29283,71881,9280,432873,465,1,3.52,34.0,High
U505729,40,Salaried,71683,46319,20654,141030,629915,2549904,446140,6079,3766989,87552,6735,2829,125759,648,8,4.38,53.0,Medium
U505730,42,Self-Employed,133984,70767,22366,274694,1117280,3886469,989330,21240,6267773,29155,142001,207,584444,729,1,3.9,42.0,Medium
U505731,41,Salaried,47013,27137,11142,92546,112189,234394,269539,16272,708668,37707,17981,11239,61606,707,2,1.26,43.0,Medium
U505732,48,Salaried,125651,65515,23676,739442,203614,39622,1011758,23370,1994436,228012,97194,21519,928620,455,9,1.32,49.0,Medium
U505733,23,Student,18276,15456,2820,76988,17224,0,0,1264,94212,10114,5190,5144,18454,703,8,0.43,49.0,Medium
U505734,48,Salaried,100021,74886,17820,586103,478546,4051881,986939,16016,6103469,321333,221549,171846,446829,729,8,5.09,59.0,Medium
U505735,55,Salaried,74835,32046,20197,269697,668480,3289578,614856,24902,4842611,168277,5419,133947,762223,656,6,5.39,58.0,Medium
U505736,44,Business,240965,104465,25103,1422273,1590839,7558631,22959,73456,10594702,1029659,100044,151905,1824076,456,3,3.66,38.0,High
U505737,28,Student,16635,8950,7685,42594,28970,0,0,2836,71564,18934,3075,8293,22064,844,9,0.36,69.0,Medium
U505738,44,Salaried,186321,82086,58606,519661,1299114,1963414,614515,18118,4396704,167513,393312,125214,1337600,592,10,1.97,61.0,Medium
U505739,36,Salaried,218519,150265,40131,250289,496440,6208834,2000063,93664,8955626,214419,78317,227748,1772105,690,5,3.42,52.0,Medium
U505740,35,Salaried,162735,77060,25292,946760,1514657,4666227,2181613,38934,9309257,157382,188606,106281,654756,413,6,4.77,38.0,High
U505741,35,Self-Employed,159435,101309,47278,678766,675167,5309040,248450,9132,6911423,303558,116033,150427,559520,725,2,3.61,49.0,Medium
U505742,40,Business,113570,83849,12252,627886,598348,397533,1732581,15983,3356348,16608,13992,29922,373317,652,4,2.46,40.0,Medium
U505743,46,Salaried,139020,91049,47146,109701,273558,5274209,1092232,67915,6749700,257424,73584,108416,758898,726,1,4.05,51.0,Medium
U505744,25,Business,84069,39150,11915,241437,508254,1453158,50638,14181,2253487,134607,72722,60807,728163,572,10,2.23,55.0,Medium
U505745,44,Business,232744,139163,79571,780773,1336991,10403174,1579081,917,14100019,43371,175366,65280,2312810,795,5,5.05,62.0,Medium
U505746,29,Self-Employed,135577,82403,38742,550564,985337,3235519,713824,41209,5485244,90998,55894,53401,256956,306,4,3.37,32.0,High
U505747,24,Student,14359,7679,6680,15901,5121,0,0,2782,21022,8355,4013,7949,23962,554,11,0.12,60.0,Medium
U505748,27,Student,16389,10578,5811,80931,11916,0,0,287,92847,16792,73,657,28920,490,11,0.47,53.0,Medium
U505749,35,Business,30603,15314,5892,88789,112179,1092791,157029,4278,1450788,45389,29576,75892,241846,759,9,3.95,64.0,Medium
U505750,29,Salaried,223022,157585,50479,902830,861051,8116342,146872,9388,10027095,537403,23981,91912,814061,315,5,3.75,35.0,High
U505751,45,Self-Employed,212867,92378,23521,927233,743014,9618889,1651420,27940,12940556,127684,145372,107791,686762,483,8,5.07,41.0,Medium
U505752,29,Student,14535,8209,6326,17844,28061,0,0,1712,45905,9290,1050,3644,17835,715,4,0.26,53.0,Medium
U505753,51,Business,225435,115647,70724,362810,1722350,9060771,129037,14200,11274968,1072952,446152,88308,1149369,794,7,4.17,66.0,Medium
U505754,18,Student,17239,9585,7654,122614,8890,0,0,606,131504,3112,2311,521,6931,695,11,0.64,63.0,Medium
U505755,33,Salaried,124373,80396,20477,496128,182408,5200323,139040,57884,6017899,213888,151345,124971,995088,704,4,4.03,51.0,Medium
U505756,21,Student,6403,3920,2483,43341,6011,0,0,29,49352,1079,415,357,1306,680,8,0.64,55.0,Medium
U505757,22,Salaried,83353,46391,22054,39328,202795,1419906,1140804,3502,2802833,371450,200179,130491,350223,469,1,2.8,41.0,Medium
U505758,37,Salaried,187991,137773,48027,966680,873980,457104,3141107,80012,5438871,857720,3765,441337,1164337,379,9,2.41,50.0,Medium
U505759,57,Salaried,67792,39436,14738,353970,514279,1404086,965082,18156,3237417,48418,10055,38093,245748,464,6,3.98,41.0,Medium
U505760,28,Salaried,61249,34068,16272,363331,13488,2653876,1005,13831,3031700,55064,125248,89301,504949,486,2,4.12,43.0,Medium
U505761,42,Salaried,169291,80107,46718,29784,315061,3069557,2032089,30453,5446491,510601,318592,62726,1545518,494,2,2.68,45.0,Medium
U505762,24,Salaried,76639,48467,8899,212896,148064,898233,615001,33814,1874194,45971,31761,37017,94162,839,1,2.04,43.0,Medium
U505763,34,Salaried,97671,47610,13042,430900,255371,3189115,253249,35339,4128635,254570,8169,12280,543229,342,3,3.52,31.0,High
U505764,31,Business,46153,18673,9744,107194,21345,1504836,535317,12446,2168692,128178,52125,51304,345882,704,5,3.92,55.0,Medium
U505765,32,Salaried,50362,22380,10501,116954,52710,1524682,291851,18545,1986197,36279,18681,80267,430347,574,0,3.29,40.0,Medium
U505766,55,Self-Employed,233306,149536,31292,786947,2094994,9071520,572569,50901,12526030,171007,388102,335167,1179718,535,11,4.47,52.0,Medium
U505767,23,Salaried,131615,66174,25395,174613,1061643,444819,1425830,27962,3106905,90178,102281,44101,1575484,547,8,1.97,54.0,Medium
U505768,27,Student,8945,6774,2171,60817,18976,0,0,999,79793,629,408,543,13203,832,6,0.74,54.0,Medium
U505769,20,Student,7528,4703,2825,41779,1344,0,0,246,43123,6393,1526,5030,13355,580,2,0.48,43.0,Medium
U505770,24,Student,15368,12578,2790,72104,36812,0,0,2497,108916,5495,3529,1410,22858,715,10,0.59,54.0,Medium
U505771,49,Self-Employed,179580,125289,24708,90418,346362,7748691,2616097,76668,10801568,125787,177824,108585,512158,452,1,5.01,29.0,High
U505772,49,Salaried,125077,52486,20464,386202,445696,3079081,434973,2388,4345952,276271,196071,56502,747256,512,10,2.9,52.0,Medium
U505773,45,Salaried,124402,75056,15512,438954,792405,5688634,1578782,46833,8498775,248307,94029,141633,635594,515,1,5.69,35.0,High
U505774,42,Self-Employed,96348,64750,15206,220852,696039,302307,455641,5150,1674839,279706,40104,85258,646896,788,10,1.45,64.0,Medium
U505775,54,Salaried,156434,71033,28119,703816,1002813,218775,861769,4715,2787173,343353,200049,131399,678897,547,0,1.48,36.0,High
U505776,18,Student,16948,9804,7144,77283,11550,0,0,1347,88833,5022,6629,292,26084,416,3,0.44,39.0,High
U505777,47,Business,111768,58834,34493,503395,793153,4955039,1472804,14444,7724391,145628,28651,51353,153378,502,3,5.76,39.0,High
U505778,52,Self-Employed,249121,137070,85348,699723,1455267,11569992,1428348,31503,15153330,569289,1471,157945,1057551,499,4,5.07,45.0,Medium
U505779,49,Self-Employed,62104,39600,10768,171648,370430,2700765,896940,29593,4139783,100577,49066,6712,309468,735,2,5.55,46.0,Medium
U505780,39,Self-Employed,145612,79867,33677,852483,1287327,3604530,2522938,58118,8267278,484617,159762,202700,470174,347,5,4.73,38.0,High
U505781,32,Self-Employed,124377,62778,35873,630959,670231,849187,2011571,24720,4161948,57698,81432,84469,518929,332,0,2.79,29.0,High
U505782,53,Salaried,112416,63164,11762,400955,77670,1646598,1277396,46142,3402619,426944,205016,5978,718962,567,8,2.52,50.0,Medium
U505783,22,Self-Employed,40015,25718,11285,1768,274673,778771,50326,3777,1105538,147173,1893,87303,283381,693,1,2.3,51.0,Medium
U505784,20,Student,13849,9383,4466,17620,10534,0,0,2086,28154,62,1348,1702,6565,738,5,0.17,51.0,Medium
U505785,34,Salaried,224281,116658,34112,367897,2006737,9139111,1511655,81405,13025400,992624,470792,383708,1031676,311,3,4.84,34.0,High
U505786,39,Self-Employed,117630,68385,12090,75598,100113,3062481,302875,25064,3541067,213997,174458,13973,728132,814,9,2.51,60.0,Medium
U505787,21,Student,17642,9022,8620,82590,14996,0,0,1354,97586,2073,725,379,3711,747,9,0.46,63.0,Medium
U505788,47,Business,185033,83329,49084,461473,127062,4176113,1012857,79677,5777505,112362,244363,213189,914942,439,10,2.6,51.0,Medium
U505789,25,Student,16951,12582,4369,9228,1429,0,0,3234,10657,1003,121,94,1854,618,4,0.05,41.0,Medium
U505790,47,Salaried,149304,106895,32548,657354,33294,897695,2458161,5277,4046504,66115,87955,202042,1452646,305,4,2.26,37.0,High
U505791,56,Salaried,23873,16634,6586,123107,204298,858666,349507,5866,1535578,28662,7823,44911,179553,756,6,5.36,60.0,Medium
U505792,57,Salaried,143165,87492,20609,397169,683643,4217050,2268641,49038,7566503,419557,180227,177344,438354,830,7,4.4,58.0,Medium
U505793,23,Salaried,247819,148537,38326,798750,447544,11253257,3098322,75694,15597873,742785,283717,3490,960756,616,4,5.25,44.0,Medium
U505794,36,Business,22686,11742,4938,42800,117426,411043,270968,4126,842237,17553,37432,22976,232615,540,7,3.09,53.0,Medium
U505795,55,Self-Employed,21090,13544,2232,125169,171901,249172,75571,8155,621813,30529,9012,5717,35861,674,10,2.46,51.0,Medium
U505796,30,Student,5184,3260,1924,16931,7326,0,0,995,24257,6037,737,2242,6159,376,1,0.39,33.0,High
U505797,20,Student,5910,3105,2805,10544,8984,0,0,683,19528,150,275,315,957,650,6,0.28,54.0,Medium
U505798,53,Salaried,38358,23725,10480,178343,49719,726820,587167,18952,1542049,34342,11700,16107,148431,398,6,3.35,41.0,Medium
U505799,52,Salaried,126091,85636,23306,517005,1080161,3549731,408313,18771,5555210,323079,13658,89117,727820,343,9,3.67,43.0,Medium
U505800,45,Business,134083,68614,28868,382348,39769,5682231,21874,37821,6126222,337020,210480,223971,611711,768,10,3.81,64.0,Medium
U505801,24,Salaried,81851,40772,26155,370772,32296,1183529,1313974,29115,2900571,65594,62773,67100,165292,510,1,2.95,38.0,High
U505802,44,Salaried,200649,90338,31895,688130,698109,3708635,685607,57503,5780481,593710,296925,138585,584569,378,3,2.4,33.0,High
U505803,52,Self-Employed,80392,45875,11645,293634,49923,2599904,1287088,6426,4230549,39673,35759,58488,203247,772,7,4.39,52.0,Medium
U505804,33,Salaried,144736,103812,17896,425274,890043,5569661,1850725,27467,8735703,77738,218886,274289,1095986,697,0,5.03,43.0,Medium
U505805,32,Salaried,119045,73624,20080,632016,959451,3363613,139985,50390,5095065,469027,274470,122527,564874,468,1,3.57,37.0,High
U505806,49,Salaried,193525,135970,58772,624559,76278,719357,3076098,5472,4496292,411709,60458,129939,463108,746,11,1.94,64.0,Medium
U505807,36,Self-Employed,245429,117794,27412,140498,1065526,2718699,1967943,14992,5892666,624745,115105,70739,1170740,695,6,2.0,49.0,Medium
U505808,50,Salaried,175888,91392,60625,818553,185733,1355511,1915078,85155,4274875,347884,17716,125606,1326043,481,11,2.03,59.0,Medium
U505809,19,Student,11204,6041,5163,23845,15161,0,0,1922,39006,3817,5495,5183,21559,372,4,0.29,41.0,Medium
U505810,36,Self-Employed,220300,122187,56988,84969,1527988,6831505,3702035,65542,12146497,439340,278528,342286,1497760,719,5,4.59,57.0,Medium
U505811,49,Salaried,23001,13570,5446,18150,33311,79687,275071,5020,406219,15722,17566,12475,96164,526,11,1.47,53.0,Medium
U505812,30,Self-Employed,124217,90349,20937,101281,483203,2392773,650944,49721,3628201,35078,125260,286700,1180435,778,11,2.43,67.0,Medium
U505813,56,Business,227633,109466,39613,188625,583314,4864215,777370,90864,6413524,255693,201312,221742,475944,481,7,2.35,42.0,Medium
U505814,26,Student,10009,7621,2388,39419,22284,0,0,735,61703,11829,3928,4407,10325,697,7,0.51,51.0,Medium
U505815,23,Student,14731,9661,5070,16731,10575,0,0,1759,27306,4593,713,1747,4539,770,6,0.15,54.0,Medium
U505816,28,Student,15171,8735,6436,27943,17045,0,0,1126,44988,6044,1010,1889,41900,533,0,0.25,40.0,Medium
U505817,40,Salaried,231507,167324,37170,1329351,175790,2703438,694,48627,4209273,378564,306582,31025,1406465,571,4,1.52,43.0,Medium
U505818,25,Salaried,114104,54382,16375,127680,677911,3919665,1116319,24058,5841575,107169,41091,2017,141897,355,2,4.27,25.0,High
U505819,30,Salaried,187627,132582,49333,322482,703013,7705143,2041570,53270,10772208,124899,81713,131539,354077,436,1,4.78,32.0,High
U505820,25,Student,10759,6360,4399,54504,23823,0,0,182,78327,821,45,273,1365,456,5,0.61,42.0,Medium
U505821,39,Self-Employed,71155,47373,11389,258270,24361,2106790,618307,14518,3007728,224885,22037,7608,740755,691,0,3.52,46.0,Medium
U505822,31,Salaried,20733,10672,6294,60025,61406,520649,244080,123,886160,34318,16564,14677,22248,509,8,3.56,48.0,Medium
U505823,34,Salaried,200799,89176,47244,628641,1535623,6943703,1824949,86383,10932916,672263,513021,524276,952604,650,5,4.54,54.0,Medium
U505824,25,Self-Employed,151653,79032,29162,686618,639601,393236,1151271,42884,2870726,66400,42206,64980,272363,462,6,1.58,38.0,High
U505825,46,Business,174224,111239,56994,340904,421570,2960448,2588782,22154,6311704,20446,9006,12554,613977,472,3,3.02,39.0,High
U505826,33,Self-Employed,117318,58265,24300,150796,1096713,3038792,57710,25565,4344011,386214,198419,191321,493080,816,9,3.09,65.0,Medium
U505827,52,Self-Employed,28799,14504,7069,117133,7216,1351901,150784,3679,1627034,67038,45590,31845,114603,695,5,4.71,53.0,Medium
U505828,49,Self-Employed,119847,66970,34982,654622,543089,3126419,679075,53446,5003205,429802,93728,212010,595517,648,4,3.48,53.0,Medium
U505829,46,Self-Employed,74097,43508,20629,302248,397107,1775635,248957,36908,2723947,150885,97501,49931,357909,739,8,3.06,61.0,Medium
U505830,22,Student,11979,9849,2130,58991,22773,0,0,2017,81764,2242,2575,391,7763,835,0,0.57,42.0,Medium
U505831,44,Self-Employed,125062,73141,20268,18031,1043929,447839,1483643,34319,2993442,21380,45491,96757,475366,799,2,1.99,46.0,Medium
U505832,23,Salaried,66780,49925,21389,210123,433162,2681931,754438,5094,4079654,87394,46597,15351,101418,725,8,5.09,58.0,Medium
U505833,50,Salaried,118345,70549,22756,149978,118139,5523149,119977,24460,5911243,174274,35002,8320,509364,602,6,4.16,47.0,Medium
U505834,29,Student,14929,7881,7048,82246,20651,0,0,2763,102897,4313,2251,2025,5723,565,6,0.57,51.0,Medium
U505835,28,Salaried,102475,47153,26590,373665,167354,2372067,124061,7222,3037147,223253,95213,44592,466014,486,4,2.47,43.0,Medium
U505836,38,Self-Employed,63899,30156,13855,85639,214989,1425383,557967,1015,2283978,177896,102694,88939,347427,667,2,2.98,48.0,Medium
U505837,59,Salaried,239440,148037,25552,200147,1718322,3570339,3224706,64351,8713514,511016,155972,31439,1060581,619,9,3.03,50.0,Medium
U505838,31,Salaried,23122,9490,5745,92131,203441,834951,413074,3031,1543597,93158,45565,27531,134587,785,10,5.56,69.0,Medium
U505839,43,Self-Employed,211620,127263,26914,611701,821633,7119760,1587498,91833,10140592,733788,413032,332774,645312,649,10,3.99,56.0,Medium
U505840,23,Student,6858,3945,2913,9020,2129,0,0,42,11149,114,875,989,3004,337,2,0.14,33.0,High
U505841,40,Salaried,175794,115600,54310,951435,358681,1752786,1015719,36793,4078621,562780,383844,267769,922040,480,5,1.93,49.0,Medium
U505842,46,Business,208264,123648,51900,383988,665990,9296220,2341861,89622,12688059,800799,359706,386496,1094507,404,4,5.08,43.0,Medium
U505843,42,Business,179704,89933,37231,898020,1123782,5753693,476355,38108,8251850,516169,63587,60323,1344444,605,7,3.83,53.0,Medium
U505844,52,Self-Employed,233957,153176,51516,192477,1705521,6508801,2391017,59115,10797816,390896,259983,135660,531671,482,8,3.85,46.0,Medium
U505845,42,Salaried,79652,46767,16132,447345,523693,98371,67979,30318,1137388,176765,31274,58317,667848,475,11,1.19,55.0,Medium
U505846,57,Salaried,236468,127595,60144,460045,1484531,4123459,3260012,831,9328047,213302,54535,107343,197769,588,3,3.29,40.0,Medium
U505847,24,Student,9295,6099,3196,1334,19639,0,0,1834,20973,2676,1138,895,11887,301,3,0.19,31.0,High
U505848,28,Self-Employed,208644,110574,70208,1124485,1248873,5779625,3658760,85218,11811743,244031,249250,22039,1523510,357,2,4.72,38.0,High
U505849,48,Salaried,174962,83027,53552,575859,1424427,4343125,1268166,76486,7611577,314552,303528,290541,917010,302,2,3.63,35.0,High
U505850,25,Self-Employed,35268,24498,3572,164041,178980,932105,97833,13746,1372959,39470,26487,23770,61473,481,11,3.24,45.0,Medium
U505851,25,Self-Employed,190673,126974,27005,1038069,291316,4406270,994652,22329,6730307,44900,147315,187539,697100,426,3,2.94,32.0,High
U505852,36,Salaried,106759,65754,14016,319796,620327,1002192,1408091,38956,3350406,235553,85512,32565,367180,759,10,2.62,58.0,Medium
U505853,22,Self-Employed,222746,101684,72433,128601,1988117,5255848,100012,69929,7472578,26101,424752,582518,2022219,721,1,2.8,54.0,Medium
U505854,23,Salaried,135621,85759,22846,566821,69262,2595917,898560,60158,4130560,344837,81994,55153,381350,845,8,2.54,59.0,Medium
U505855,52,Salaried,231632,159641,71963,651497,96181,1599205,1950454,107852,4297337,106360,253643,537860,2305069,357,9,1.55,52.0,Medium
U505856,58,Business,168175,100857,19333,266218,104353,2391131,1738425,1411,4500127,17364,129165,41145,1081826,413,1,2.23,29.0,High
U505857,22,Salaried,124133,54336,21632,426175,498808,3994199,569928,43389,5489110,79924,47036,5217,663141,557,8,3.68,48.0,Medium
U505858,23,Student,16344,11629,4715,63599,25416,0,0,1009,89015,10984,9911,4789,25915,819,9,0.45,61.0,Medium
U505859,50,Business,222257,158128,41681,505719,1401054,9791872,2168051,55299,13866696,389414,92612,227934,574349,404,2,5.2,31.0,High
U505860,40,Salaried,196515,105397,37492,1103578,682874,7875331,294109,13496,9955892,168539,179870,143939,1328138,311,0,4.22,27.0,High
U505861,34,Salaried,163579,89406,46269,496670,99964,2866044,1335525,51153,4798203,42011,159688,41286,636220,399,3,2.44,36.0,High
U505862,27,Salaried,112874,59483,18164,166944,252277,1261825,1781076,12941,3462122,233669,85941,26785,481692,703,11,2.56,59.0,Medium
U505863,52,Self-Employed,209451,156211,41460,631589,1407187,4588755,2391753,63982,9019284,472779,65206,235671,587097,318,2,3.59,29.0,High
U505864,25,Salaried,75535,45132,17095,102247,589083,80982,1043560,16735,1815872,146151,16129,86082,688226,566,6,2.0,52.0,Medium
U505865,28,Student,13751,7387,6364,50431,29583,0,0,960,80014,9226,562,1654,19754,478,1,0.48,39.0,High
U505866,59,Self-Employed,51559,36352,5709,146343,147783,79324,658896,10837,1032346,166770,31774,49436,173877,553,8,1.67,47.0,Medium
U505867,57,Salaried,131673,89048,31980,286776,8446,662104,1327650,49353,2284976,406929,304094,337351,715988,334,3,1.45,38.0,High
U505868,30,Salaried,107967,51864,28363,408129,438151,1938330,715914,25793,3500524,94437,87269,136634,712777,439,0,2.7,35.0,High
U505869,32,Self-Employed,48170,25365,8044,250124,31695,1567987,134958,17153,1984764,97451,48296,25309,88433,543,6,3.43,43.0,Medium
U505870,29,Salaried,80965,44286,17606,480829,401437,1607779,863061,3697,3353106,84898,73731,58789,185262,693,3,3.45,45.0,Medium
U505871,22,Salaried,161833,79481,16536,82999,278357,743913,2481739,25331,3587008,67696,44313,119538,461373,728,2,1.85,40.0,Medium
U505872,29,Salaried,241611,100700,38152,407359,627276,9044246,1636044,21180,11714925,375787,4918,419181,1433196,830,2,4.04,51.0,Medium
U505873,51,Business,199063,79720,50853,91478,1571619,1459550,2145585,24162,5268232,720621,287491,353151,1025106,480,11,2.21,57.0,Medium
U505874,46,Salaried,95268,43284,15664,441599,211226,179413,1609928,19087,2442166,65358,46221,27486,192514,626,8,2.14,48.0,Medium
U505875,56,Business,216910,123163,73706,476835,1538427,5241677,865116,51958,8122055,87685,9052,196157,712223,644,10,3.12,59.0,Medium
U505876,24,Student,11059,8982,2077,5358,17906,0,0,2004,23264,1450,689,552,4128,520,4,0.18,35.0,High
U505877,52,Self-Employed,213311,100570,60507,595601,1087162,4047756,1709464,41418,7439983,409414,270325,148233,862897,607,9,2.91,57.0,Medium
U505878,59,Salaried,96175,56096,22116,405364,214054,4113617,602280,34866,5335315,17602,54062,34843,294361,401,8,4.62,41.0,Medium
U505879,58,Salaried,146302,72834,22299,454901,46956,6155604,1473157,70453,8130618,42464,71106,72723,279997,313,4,4.63,28.0,High
U505880,29,Student,18846,14989,3857,134139,29439,0,0,1807,163578,14157,10108,6465,27634,514,6,0.72,41.0,Medium
U505881,25,Student,12285,7984,4301,34509,4282,0,0,1994,38791,8622,1061,1454,13157,414,5,0.26,39.0,High
U505882,20,Student,16180,9100,7080,65105,21800,0,0,2847,86905,997,1566,1897,5820,510,7,0.45,49.0,Medium
U505883,39,Self-Employed,80433,49459,27188,136858,108843,2312570,1180045,1588,3738316,239611,97285,134339,320188,547,5,3.87,51.0,Medium
U505884,24,Salaried,223525,97754,75395,884778,1405731,10352264,2862859,60558,15505632,211437,600226,1729,2348307,696,1,5.78,54.0,Medium
U505885,27,Business,207398,130933,39314,489404,1778259,887244,1302804,76263,4457711,442898,271433,418974,1441923,759,6,1.79,58.0,Medium
U505886,36,Salaried,67659,37523,10724,276894,65974,2923180,418365,17532,3684413,8517,1439,20104,241366,541,11,4.54,50.0,Medium
U505887,26,Student,15292,11711,3581,84473,18647,0,0,107,103120,14561,3776,2017,23513,776,6,0.56,53.0,Medium
U505888,18,Student,19759,14950,4809,124572,26218,0,0,3335,150790,2451,4002,2673,13938,433,9,0.64,42.0,Medium
U505889,30,Student,14493,12218,2275,31236,6059,0,0,865,37295,3655,565,6958,33740,719,5,0.21,46.0,Medium
U505890,57,Salaried,72965,43351,12677,150423,418069,1920455,1076253,13298,3565200,55892,125716,54801,485485,357,6,4.07,39.0,High
U505891,24,Student,10805,6827,3978,14157,8263,0,0,43,22420,8959,161,519,18274,612,1,0.17,42.0,Medium
U505892,54,Business,233559,93836,68027,1359939,2171713,10360879,1409091,98726,15301622,55684,43384,119130,1597015,586,1,5.46,42.0,Medium
U505893,35,Business,100972,49122,17404,71785,133583,701775,1607198,9663,2514341,54140,16735,92937,456019,710,1,2.08,42.0,Medium
U505894,45,Salaried,39306,22533,8723,59132,367425,23478,417035,9453,867070,34501,16608,28579,87552,711,10,1.84,57.0,Medium
U505895,26,Student,5532,3623,1909,18890,4337,0,0,476,23227,4750,197,1986,6777,353,0,0.35,29.0,High
U505896,18,Student,10027,6818,3209,9772,18958,0,0,1936,28730,1890,1190,2932,10292,301,0,0.24,25.0,High
U505897,45,Salaried,161639,110044,46492,29948,1117167,1214792,1003237,43932,3365144,304221,211679,250928,649194,779,4,1.73,56.0,Medium
U505898,30,Student,14569,10059,4510,68271,5696,0,0,874,73967,1695,93,1715,5246,543,1,0.42,35.0,High
U505899,28,Student,12926,10632,2294,78363,7651,0,0,2054,86014,10517,4898,5357,16474,652,8,0.55,49.0,Medium
U505900,46,Salaried,20853,15062,7224,103500,194679,173278,136867,7147,608324,56801,17307,19703,62663,528,10,2.43,57.0,Medium
U505901,56,Salaried,24195,16070,6838,120283,129628,1108032,348577,3817,1706520,33305,38811,26930,153739,663,4,5.88,53.0,Medium
U505902,34,Salaried,85069,43889,22331,25015,35499,347582,350498,33125,758594,169395,11095,35381,337372,360,5,0.74,38.0,High
U505903,50,Salaried,231480,144841,29351,970404,1898251,7599449,2992951,3708,13461055,93238,54127,108740,691766,598,3,4.85,37.0,High
U505904,37,Business,168912,94024,17965,983450,1353134,384061,1480820,55943,4201465,303371,51835,165804,1168571,395,0,2.07,28.0,High
U505905,41,Self-Employed,220733,115719,69334,1170829,266645,1329630,1462579,36613,4229683,260390,167628,180300,567238,667,0,1.6,43.0,Medium
U505906,35,Salaried,185348,78768,54651,647873,249261,8802215,2558230,32813,12257579,275921,215114,289584,1032420,668,1,5.51,48.0,Medium
U505907,56,Salaried,220691,145807,47436,1132271,1212708,5776791,1080489,31443,9202259,145118,65843,622827,2330347,553,9,3.47,57.0,Medium
U505908,54,Business,131718,86687,27484,395663,927794,4069279,1641541,10842,7034277,116495,156372,67970,685405,777,0,4.45,46.0,Medium
U505909,32,Self-Employed,47776,33056,6506,194440,246166,254965,787873,9724,1483444,49014,6908,3915,119115,716,8,2.59,51.0,Medium
U505910,28,Student,9951,5882,4069,14402,19359,0,0,1226,33761,7023,3143,3096,7432,615,1,0.28,43.0,Medium
U505911,55,Business,124707,62034,22877,444693,589946,3502317,1640465,54199,6177421,327458,287057,324920,751830,839,6,4.13,62.0,Medium
U505912,21,Student,7723,4715,3008,35005,3199,0,0,922,38204,10116,979,4351,10497,441,4,0.41,41.0,Medium
U505913,36,Business,234543,130373,53205,1364104,1153181,7934933,1747929,59030,12200147,316058,66830,6737,521696,478,11,4.33,49.0,Medium
U505914,47,Salaried,119184,84729,26484,477585,975624,1706700,1788570,56601,4948479,138385,68436,150371,533819,805,6,3.46,57.0,Medium
U505915,32,Salaried,152961,79583,52583,652897,272250,2141141,2114416,42550,5180704,225868,50867,85631,583907,755,6,2.82,58.0,Medium
U505916,41,Salaried,34252,16163,3713,70185,161886,1204836,4537,7003,1441444,112182,2135,7873,173381,410,8,3.51,41.0,Medium
U505917,51,Salaried,122234,55493,28476,646312,534361,2778320,1736319,25775,5695312,16678,41618,70982,1595569,551,10,3.88,59.0,Medium
U505918,30,Salaried,53999,21807,12486,85363,440921,112788,381462,15248,1020534,79579,83284,88716,227159,756,10,1.57,63.0,Medium
U505919,28,Salaried,205677,109014,55120,443717,1305042,8544492,1052824,93566,11346075,302202,319870,90293,1196433,826,2,4.6,54.0,Medium
U505920,20,Student,6266,3833,2433,21739,5159,0,0,237,26898,3821,1030,1141,4563,701,1,0.36,46.0,Medium
U505921,50,Business,39261,19017,6649,190950,127057,1273527,93502,4814,1685036,59991,20091,87677,278605,308,5,3.58,36.0,High
U505922,59,Business,91015,55654,24979,310276,105749,2618782,877095,21310,3911902,917,113704,67574,390443,444,8,3.58,46.0,Medium
U505923,48,Salaried,24455,18063,2652,99453,211341,154438,422176,521,887408,59070,37397,20255,235309,327,1,3.02,31.0,High
U505924,38,Business,54151,30201,14479,8770,27128,1590651,189387,22912,1815936,145075,81329,83677,190884,369,8,2.79,46.0,Medium
U505925,27,Student,15532,11738,3794,108751,2588,0,0,2924,111339,5490,6472,6283,22886,798,10,0.6,60.0,Medium
U505926,51,Salaried,229486,123756,52886,545161,74956,2091238,1570340,37395,4281695,56271,295597,152543,1501240,330,4,1.55,36.0,High
U505927,21,Student,7098,4246,2852,6313,16352,0,0,1171,22665,4274,1642,1759,6324,305,10,0.27,45.0,Medium
U505928,22,Salaried,86177,37496,17494,503758,59691,260817,1498419,9157,2322685,101610,5817,33775,304038,697,1,2.25,42.0,Medium
U505929,18,Student,16074,9726,6348,95101,69,0,0,1784,95170,7189,5745,3065,38734,458,4,0.49,42.0,Medium
U505930,18,Student,15257,12113,3144,18024,14471,0,0,1219,32495,3634,4571,6905,22122,421,6,0.18,37.0,High
U505931,46,Business,235588,171690,34303,262396,1647661,5610715,1511658,6281,9032430,503561,94098,58953,1508638,584,1,3.19,38.0,High
U505932,50,Salaried,71173,33988,24375,91217,643063,1655636,260749,1591,2650665,231893,140709,174117,323944,811,4,3.1,62.0,Medium
U505933,45,Self-Employed,50165,20730,13498,152996,371753,40884,457896,23284,1023529,117250,105427,107297,287360,650,0,1.7,46.0,Medium
U505934,57,Self-Employed,21156,14264,5502,3231,35003,318464,194516,4353,551214,8539,6609,6981,51407,651,9,2.17,54.0,Medium
U505935,45,Salaried,21662,10532,4414,106085,91962,56614,180136,3620,434797,57844,15922,6407,70335,321,5,1.67,34.0,High
U505936,22,Student,17767,13505,4262,66311,31463,0,0,2823,97774,271,1104,692,5760,778,6,0.46,51.0,Medium
U505937,47,Self-Employed,48586,33745,14242,146124,137427,158937,861901,16948,1304389,5498,42177,22135,192957,457,9,2.24,49.0,Medium
U505938,48,Self-Employed,195676,120963,61539,1133855,413207,9240419,724752,54445,11512233,289433,129777,175521,434574,754,4,4.9,53.0,Medium
U505939,23,Self-Employed,119309,53709,21633,374035,12866,3607360,148873,38850,4143134,87071,210054,209493,686698,736,7,2.89,57.0,Medium
U505940,21,Student,14590,11962,2628,72583,11725,0,0,1121,84308,28,31,4,253,697,4,0.48,42.0,Medium
U505941,44,Salaried,152534,97694,26703,582200,609802,5562540,1278346,20225,8032888,121990,69076,312379,1332189,522,9,4.39,53.0,Medium
U505942,50,Business,102326,57430,21055,152932,975972,3353422,639376,29797,5121702,134148,57206,216524,679252,684,5,4.17,53.0,Medium
U505943,28,Self-Employed,45843,25958,13724,112085,323206,595138,539508,13268,1569937,48134,65224,24015,448237,434,6,2.85,49.0,Medium
U505944,24,Self-Employed,200453,100612,65883,1001960,1880242,587688,389241,53858,3859131,185569,157491,210720,1117609,461,7,1.6,49.0,Medium
U505945,53,Business,20894,14856,3012,56960,77992,850193,269878,4395,1255023,24312,8741,9151,42020,314,5,5.01,30.0,High
U505946,24,Student,9457,4948,4509,33335,6536,0,0,1279,39871,1527,2184,1679,15768,732,1,0.35,50.0,Medium
U505947,35,Business,56103,37205,11139,15315,330234,2304802,153097,14368,2803448,32626,7543,1479,152509,808,4,4.16,50.0,Medium
U505948,47,Salaried,97084,42735,25863,31465,111652,693575,529927,8602,1366619,56770,117958,9929,451519,505,3,1.17,41.0,Medium
U505949,34,Salaried,224435,126484,77665,1153376,2101056,1795803,1897393,11354,6947628,884519,139486,284846,913561,669,5,2.58,56.0,Medium
U505950,47,Business,164309,74204,56566,960936,1509669,1063043,1148666,66883,4682314,430857,460315,140924,1278956,547,3,2.37,51.0,Medium
U505951,54,Salaried,130667,94429,39670,316327,950022,1999302,389053,25597,3654704,258565,120859,66473,227091,621,9,2.33,55.0,Medium
U505952,28,Student,15008,9198,5810,50672,27599,0,0,2766,78271,7196,105,4668,14472,422,2,0.43,36.0,High
U505953,29,Self-Employed,166986,79163,50548,617650,137509,1589958,153353,71556,2498470,506129,370120,304487,717460,595,11,1.25,63.0,Medium
U505954,29,Student,19011,11024,7987,65476,22142,0,0,1529,87618,4009,4714,5778,32293,433,4,0.38,41.0,Medium
U505955,35,Self-Employed,132425,66710,40455,439835,7028,3527388,976835,48694,4951086,293548,94861,224383,629513,757,3,3.12,55.0,Medium
U505956,24,Self-Employed,31949,19915,9032,187077,32399,1333599,499962,3499,2053037,26192,16173,18131,61057,577,5,5.35,45.0,Medium
U505957,35,Self-Employed,21290,12418,5252,104733,181654,372502,190887,9525,849776,76946,33331,15628,108175,594,5,3.33,51.0,Medium
U505958,31,Salaried,54785,30250,10454,178817,316836,669480,840540,19067,2005673,146072,62179,31754,201220,757,8,3.05,58.0,Medium
U505959,46,Salaried,109836,71833,37650,245082,308345,3506662,1028486,52382,5088575,212817,29868,90078,249344,712,8,3.86,59.0,Medium
U505960,40,Business,161196,96821,24056,448501,141132,6072014,1235093,41584,7896740,102801,57239,54414,550122,807,8,4.08,56.0,Medium
U505961,57,Self-Employed,67551,49824,13190,320119,167032,2957223,1066366,24223,4510740,33600,73274,62942,263489,649,4,5.56,46.0,Medium
U505962,23,Student,14756,9816,4940,26898,21603,0,0,2261,48501,3718,49,1504,4087,316,7,0.27,37.0,High
U505963,31,Self-Employed,208368,141693,58929,1180007,1870155,8628832,2707709,62387,14386703,909247,209059,208855,1011649,378,2,5.75,38.0,High
U505964,23,Business,121119,58882,41300,639364,698494,5438254,1803328,22004,8579440,361370,129823,197283,366467,665,7,5.9,58.0,Medium
U505965,55,Self-Employed,23389,12014,5519,114574,124685,746807,177952,9191,1164018,28508,17152,19953,138445,757,6,4.15,57.0,Medium
U505966,56,Business,148760,74558,35522,656960,402463,2928664,2328968,51385,6317055,16790,141503,115085,659706,310,2,3.54,30.0,High
U505967,37,Self-Employed,177582,90962,34036,753850,1469876,903705,2888797,79906,6016228,90942,17627,16242,454764,376,8,2.82,38.0,High
U505968,37,Salaried,143948,73030,39970,618645,626376,1860217,2363174,50731,5468412,542663,79895,210588,1001200,740,9,3.17,66.0,Medium
U505969,29,Self-Employed,222045,108079,52524,637773,1613870,2262987,2525867,44752,7040497,145937,42175,50936,364094,679,7,2.64,50.0,Medium
U505970,41,Salaried,198129,100928,41490,888310,1194094,6799472,1337271,52474,10219147,515322,301819,321529,845431,671,8,4.3,57.0,Medium
U505971,42,Self-Employed,155551,112046,23512,543164,281267,2331054,1708937,38210,4864422,500548,228360,126557,721260,638,7,2.61,52.0,Medium
U505972,22,Self-Employed,75372,55045,16324,167502,447984,1159406,165109,5862,1940001,95856,54847,64830,142604,811,2,2.14,48.0,Medium
U505973,33,Self-Employed,228414,138700,67502,1127229,458109,795131,1708781,107805,4089250,581371,223778,217853,1012744,321,3,1.49,36.0,High
U505974,53,Salaried,215622,131767,35098,909649,689320,7908768,3268233,26796,12775970,439702,256016,286582,1508970,545,1,4.94,39.0,High
U505975,54,Self-Employed,227636,119812,45558,699796,1585046,4560092,2528925,83529,9373859,590646,202378,295779,1275727,709,9,3.43,60.0,Medium
U505976,28,Student,12084,8153,3931,39493,13404,0,0,127,52897,2660,2615,831,8357,794,4,0.36,52.0,Medium
U505977,59,Salaried,138864,55632,32519,133284,834864,1697381,2337623,6816,5003152,215015,47372,64538,588050,602,8,3.0,52.0,Medium
U505978,35,Business,79880,41591,16231,426056,481565,530661,1056664,18050,2494946,33410,17551,52060,1007636,826,6,2.6,63.0,Medium
U505979,30,Self-Employed,83572,49935,27566,415476,387032,3314115,975680,27949,5092303,78447,43947,44081,86166,442,7,5.08,44.0,Medium
U505980,36,Salaried,224497,142549,53611,80083,1772151,4009066,1199189,111642,7060489,167175,253624,265605,866182,457,10,2.62,50.0,Medium
U505981,56,Salaried,134077,79291,44278,697232,286333,4312561,2382432,9470,7678558,161856,125268,97227,1030268,409,1,4.77,39.0,High
U505982,43,Salaried,246893,174589,41910,1063592,1752222,7748456,2967086,17983,13531356,66897,165219,20458,753298,603,11,4.57,52.0,Medium
U505983,49,Salaried,39994,16519,11853,64394,340750,1434605,18543,19618,1858292,89985,33119,34547,143771,411,7,3.87,45.0,Medium
U505984,32,Business,56535,32173,13870,158873,525401,1300091,176851,27241,2161216,102121,67007,82321,477543,527,7,3.19,53.0,Medium
U505985,23,Self-Employed,175013,91992,23651,949997,335661,6371866,1646367,82903,9303891,320711,187342,101779,916089,675,4,4.43,46.0,Medium
U505986,36,Salaried,111135,58640,17473,411115,957303,408243,366764,40701,2143425,151161,50716,19155,209022,420,11,1.61,44.0,Medium
U505987,52,Self-Employed,73061,54519,24282,165279,634081,449960,680006,36476,1929326,118812,153854,15334,567404,812,1,2.2,56.0,Medium
U505988,33,Salaried,109239,46387,21264,296897,982515,3099907,1549508,9222,5928827,85874,117503,87009,404510,774,11,4.52,62.0,Medium
U505989,33,Self-Employed,86111,62096,23543,335383,153526,3031652,331524,39809,3852085,138085,11716,26344,242667,599,9,3.73,53.0,Medium
U505990,19,Student,10533,6290,4243,9879,8447,0,0,149,18326,662,333,629,8711,781,6,0.14,57.0,Medium
U505991,51,Salaried,49537,33781,5530,190390,338148,632644,14146,6387,1175328,113732,46508,23257,251345,610,3,1.98,41.0,Medium
U505992,29,Student,5262,2904,2358,1988,11601,0,0,585,13589,1235,1658,3280,11865,775,0,0.22,50.0,Medium
U505993,54,Salaried,235037,119920,61605,397327,797533,10982636,2471543,26714,14649039,241972,148117,269474,1023877,817,0,5.19,49.0,Medium
U505994,47,Self-Employed,169267,99120,40125,82141,1570241,2962923,2327575,41725,6942880,212378,123303,6943,986777,768,5,3.42,55.0,Medium
U505995,25,Student,13791,10939,2852,83622,11103,0,0,1422,94725,5795,4505,5498,25944,379,6,0.57,35.0,High
U505996,41,Self-Employed,76055,37469,9894,187243,461729,2262142,21833,29700,2932947,201099,48090,53826,511048,511,7,3.21,46.0,Medium
U505997,59,Salaried,156216,79712,39653,254730,147491,1455096,2255321,10295,4112638,339074,91438,39889,467314,458,9,2.19,48.0,Medium
U505998,38,Self-Employed,32790,24412,10662,165304,300930,246221,516982,1503,1229437,44244,41162,6223,126394,643,7,3.12,55.0,Medium
U505999,37,Salaried,166404,75506,45737,509644,965809,6453747,2154521,69611,10083721,154224,105753,52777,222402,471,7,5.05,43.0,Medium
